CaseID,ActivityID,CompleteTimestamp,PreActivityID
2,1,2012-04-03 16:55:38,0
3,1,2010-10-29 18:14:06,0
4,1,2010-12-15 23:31:53,0
5,1,2012-04-03 21:08:32,0
6,1,2011-10-25 23:13:58,0
8,1,2012-07-05 16:30:32,0
9,1,2010-05-07 21:02:34,3
10,1,2010-02-10 17:50:20,0
11,1,2011-12-22 00:24:41,0
14,1,2011-07-05 21:47:08,0
16,1,2012-02-22 23:16:52,0
17,1,2011-10-14 15:10:47,0
19,1,2010-07-07 15:54:04,0
21,1,2011-01-15 00:15:21,0
22,1,2012-07-23 15:49:04,0
24,1,2010-04-27 17:49:56,0
25,1,2010-12-30 18:27:17,0
26,1,2011-03-31 15:28:47,0
27,1,2011-11-24 23:02:16,0
29,1,2012-07-30 18:07:32,0
30,1,2011-01-21 18:47:20,0
32,1,2011-04-27 15:38:44,0
35,1,2012-01-18 17:15:30,0
36,1,2011-06-29 18:06:48,0
37,1,2011-02-10 20:13:07,0
38,1,2012-03-20 16:57:45,0
40,1,2012-08-09 20:13:03,0
41,1,2010-12-14 19:44:26,0
42,1,2011-06-16 20:23:39,0
43,1,2012-04-10 16:56:32,0
44,1,2010-11-30 01:09:19,0
45,1,2012-01-20 23:08:14,0
47,1,2011-05-25 17:48:18,0
48,1,2010-12-02 23:07:33,3
49,1,2011-11-25 23:33:54,0
50,1,2012-01-16 19:53:01,0
51,1,2012-06-13 21:55:36,0
52,1,2012-07-26 23:18:26,0
53,1,2010-10-14 21:53:13,0
55,1,2011-10-26 23:51:42,0
56,1,2012-01-30 20:32:58,0
57,1,2010-10-29 17:39:23,0
59,1,2012-03-28 20:28:37,0
60,1,2011-04-06 23:35:49,0
61,1,2011-09-16 15:04:39,0
62,1,2012-05-28 23:16:47,0
64,1,2011-04-14 23:54:28,0
64,1,2011-04-14 23:54:46,1
66,1,2012-06-26 16:46:53,0
67,1,2010-12-31 00:03:15,0
68,1,2012-04-11 22:09:22,0
70,1,2011-06-07 15:34:53,0
71,1,2011-11-02 17:20:14,0
72,1,2011-01-25 22:15:31,0
73,1,2012-07-31 19:01:15,0
75,1,2010-03-12 00:15:54,0
75,1,2010-04-23 15:44:51,1
76,1,2012-01-11 00:01:36,0
78,1,2011-11-08 18:18:10,0
80,1,2012-08-02 17:22:58,0
81,1,2010-02-09 17:31:47,0
84,1,2010-12-10 18:15:54,0
85,1,2011-02-25 02:01:50,0
86,1,2012-06-13 00:12:48,0
87,1,2011-11-14 23:35:55,0
88,1,2010-09-24 15:57:49,0
88,1,2010-09-24 21:43:51,1
90,1,2010-03-16 16:59:03,0
91,1,2011-05-24 20:51:35,0
92,1,2010-03-09 19:09:33,0
93,1,2012-07-25 15:02:54,0
94,1,2012-02-08 17:33:56,0
95,1,2011-09-26 18:27:14,0
96,1,2012-02-28 01:31:32,0
98,1,2012-07-05 20:16:51,0
99,1,2011-05-11 18:16:32,0
101,1,2010-06-18 22:18:15,3
102,1,2012-01-30 18:09:29,0
103,1,2010-06-07 15:30:54,0
103,1,2010-06-07 15:49:10,1
104,1,2011-01-27 17:34:59,0
108,1,2011-01-12 20:28:16,0
109,1,2010-09-24 23:35:31,0
110,1,2010-12-16 18:33:24,0
111,1,2010-06-29 22:00:48,0
112,1,2011-10-06 15:50:55,0
113,1,2010-05-24 18:23:15,3
116,1,2011-04-08 21:02:03,0
117,1,2012-07-19 18:59:25,0
118,1,2011-03-07 20:02:24,0
119,1,2011-12-05 23:22:17,0
120,1,2012-04-24 22:07:03,0
121,1,2011-02-09 22:28:58,0
122,1,2011-02-15 00:23:08,0
123,1,2011-05-06 15:33:07,0
124,1,2012-06-07 23:31:32,0
125,1,2010-08-19 17:48:49,0
126,1,2012-07-25 23:34:31,0
126,1,2012-08-27 21:28:50,1
127,1,2010-03-12 18:28:49,0
128,1,2011-11-28 17:10:27,0
130,1,2010-04-08 17:01:05,3
132,1,2012-06-21 20:50:46,0
133,1,2011-01-26 20:24:58,0
133,1,2011-01-26 20:59:56,1
134,1,2011-04-19 22:42:45,0
135,1,2011-02-08 20:57:41,0
136,1,2012-06-06 22:48:56,0
137,1,2011-08-05 21:00:13,0
138,1,2012-03-02 18:13:46,0
139,1,2010-04-19 15:44:31,0
141,1,2011-01-12 19:39:32,0
142,1,2012-03-07 20:00:05,0
146,1,2010-10-05 22:55:27,0
148,1,2012-01-09 20:19:35,0
149,1,2011-02-09 23:35:27,0
150,1,2011-05-18 16:39:49,3
151,1,2010-02-10 19:25:33,0
152,1,2012-05-18 20:08:58,0
153,1,2012-07-02 15:35:06,0
155,1,2010-12-15 01:19:51,0
157,1,2011-05-24 15:13:23,0
158,1,2010-09-20 23:57:01,0
159,1,2011-09-21 15:12:16,0
160,1,2011-02-25 19:55:02,0
161,1,2010-08-10 15:16:09,0
162,1,2011-10-04 23:47:43,0
162,1,2011-10-07 21:29:10,1
163,1,2010-10-15 16:27:20,0
164,1,2010-09-28 20:44:01,0
165,1,2012-01-14 01:36:23,0
166,1,2010-02-11 17:48:50,0
167,1,2011-11-23 23:43:38,0
168,1,2012-01-09 19:01:47,0
170,1,2012-05-02 23:54:51,0
171,1,2011-08-29 22:12:48,0
171,1,2011-08-30 17:49:49,1
172,1,2010-09-17 00:02:20,0
173,1,2010-11-15 18:15:12,0
173,1,2010-11-15 18:15:27,1
174,1,2011-10-24 18:22:28,0
175,1,2010-10-05 15:46:59,0
176,1,2012-07-17 18:44:26,0
177,1,2012-01-18 17:12:04,0
178,1,2012-02-22 23:49:43,0
179,1,2012-04-11 21:30:07,0
180,1,2011-10-06 18:23:22,0
181,1,2011-09-29 17:51:55,0
182,1,2010-05-20 16:31:32,0
183,1,2010-05-20 15:53:47,3
185,1,2010-11-02 22:49:59,0
186,1,2012-07-13 16:20:00,0
187,1,2010-10-25 21:14:08,0
188,1,2012-01-09 22:58:58,0
189,1,2010-02-02 22:49:13,0
189,1,2010-02-02 23:04:15,1
190,1,2011-02-22 00:36:25,0
194,1,2012-02-08 20:28:03,0
195,1,2010-09-21 18:53:00,0
196,1,2011-11-16 19:45:30,0
197,1,2012-06-01 16:18:57,0
198,1,2011-04-28 21:46:15,0
200,1,2012-04-12 22:59:24,0
201,1,2011-08-22 15:06:31,0
203,1,2010-06-11 18:18:02,0
204,1,2011-11-01 00:30:39,0
205,1,2010-12-07 20:10:52,0
206,1,2011-03-04 19:26:28,0
207,1,2011-06-21 21:40:37,0
208,1,2010-10-12 18:50:55,0
209,1,2012-01-11 19:39:43,0
211,1,2012-08-02 18:02:57,0
212,1,2012-05-14 20:39:34,0
213,1,2011-07-19 18:43:29,0
214,1,2011-01-26 17:16:35,0
214,1,2011-01-26 17:57:02,1
215,1,2010-04-15 15:13:46,0
216,1,2010-03-24 20:14:07,0
216,1,2010-03-24 20:14:29,1
217,1,2011-03-04 18:34:36,0
218,1,2011-03-26 01:16:00,0
220,1,2011-07-25 19:03:37,0
221,1,2011-11-23 19:46:01,0
222,1,2012-02-01 20:34:03,0
223,1,2012-03-15 22:28:02,0
224,1,2012-05-28 22:20:59,0
225,1,2011-07-21 21:48:19,0
226,1,2011-04-12 00:01:34,0
227,1,2011-05-17 17:14:34,0
228,1,2010-09-22 23:39:16,0
229,1,2011-11-23 18:44:28,0
231,1,2010-10-19 22:08:14,0
231,1,2010-10-21 00:03:58,1
234,1,2010-06-23 23:57:59,0
234,1,2010-06-28 20:12:55,1
236,1,2011-01-19 19:08:18,0
238,1,2010-07-23 22:27:40,0
239,1,2011-07-14 21:26:36,0
240,1,2011-07-27 23:30:16,0
241,1,2012-05-17 23:53:08,0
242,1,2012-08-02 17:26:04,0
243,1,2012-06-20 22:41:25,0
244,1,2010-11-25 02:02:59,0
245,1,2010-04-28 23:21:11,0
246,1,2010-10-27 23:21:46,0
246,1,2010-11-02 23:57:09,1
248,1,2011-11-08 22:32:15,0
249,1,2011-04-20 15:34:05,0
250,1,2011-02-23 02:06:59,0
251,1,2012-06-26 22:50:34,0
252,1,2011-01-19 23:55:14,0
254,1,2010-11-23 18:55:28,0
255,1,2012-03-06 17:24:19,0
256,1,2011-01-12 01:41:38,0
257,1,2011-01-28 20:42:47,0
258,1,2010-12-02 18:21:12,0
259,1,2010-03-23 17:10:15,0
259,1,2010-03-24 17:39:07,1
260,1,2010-10-18 21:15:06,0
260,1,2010-10-18 21:29:40,1
261,1,2012-07-30 18:55:26,0
263,1,2011-12-29 01:51:52,0
264,1,2011-03-09 22:27:13,0
266,1,2012-06-18 18:49:00,0
267,1,2011-05-05 17:41:25,0
268,1,2010-07-23 16:23:24,3
270,1,2011-04-01 16:48:44,0
271,1,2010-03-08 20:44:57,3
271,1,2010-03-08 20:45:49,1
272,1,2012-01-25 16:58:57,0
273,1,2010-03-26 00:16:03,0
274,1,2012-04-20 18:47:22,0
275,1,2010-06-08 20:44:14,0
276,1,2010-03-30 23:58:35,3
277,1,2012-03-13 18:47:21,0
278,1,2010-05-24 20:55:50,0
279,1,2011-10-07 17:50:02,0
280,1,2010-11-25 23:02:43,0
281,1,2011-06-30 21:42:32,0
281,1,2011-06-30 21:42:53,1
283,1,2012-06-12 17:18:08,0
284,1,2011-11-08 17:24:00,0
285,1,2012-05-02 18:41:57,0
287,1,2011-02-08 16:48:56,0
288,1,2011-11-17 18:35:43,0
289,1,2010-09-07 22:11:07,0
290,1,2012-02-14 20:05:29,0
291,1,2010-10-13 18:21:33,0
291,1,2010-10-13 18:21:52,1
292,1,2012-08-02 16:46:54,0
293,1,2012-07-27 21:10:43,0
294,1,2010-05-14 20:55:15,0
295,1,2012-02-15 18:20:54,0
297,1,2010-07-15 18:44:37,0
298,1,2010-12-01 01:41:26,0
300,1,2012-03-22 01:34:29,0
301,1,2010-05-06 19:05:09,0
302,1,2010-11-20 01:53:47,0
303,1,2012-02-06 17:29:21,0
304,1,2011-10-05 23:48:23,0
305,1,2012-05-07 15:41:52,0
306,1,2010-09-20 23:22:31,0
307,1,2012-06-22 16:02:35,0
309,1,2012-07-20 15:01:09,0
310,1,2011-06-09 18:44:39,0
311,1,2012-03-20 19:06:09,0
312,1,2012-07-18 18:56:55,0
314,1,2011-04-14 16:29:40,0
315,1,2010-11-10 00:17:13,0
316,1,2010-09-03 16:38:27,0
316,1,2010-09-03 16:48:54,1
318,1,2012-05-28 22:36:21,0
319,1,2010-12-29 01:23:40,0
320,1,2010-12-28 01:12:53,0
321,1,2010-07-01 17:53:02,0
321,1,2010-07-01 20:33:00,1
322,1,2010-11-25 20:50:31,0
325,1,2011-02-01 23:02:03,0
325,1,2011-02-16 01:52:44,1
327,1,2010-04-12 17:39:32,0
328,1,2012-01-10 18:59:44,0
329,1,2011-10-28 19:03:05,0
330,1,2010-10-05 23:07:26,0
330,1,2010-10-07 16:27:05,1
334,1,2011-04-29 23:36:05,0
335,1,2010-08-23 17:13:02,0
336,1,2012-04-20 18:54:26,0
338,1,2012-07-19 18:55:01,0
339,1,2012-05-14 20:36:02,0
340,1,2012-03-06 20:18:20,0
341,1,2011-12-21 22:53:06,0
342,1,2010-04-19 18:48:19,0
344,1,2012-01-20 02:02:37,0
347,1,2011-08-01 16:02:40,0
350,1,2011-12-28 22:37:00,0
351,1,2010-03-29 18:12:13,0
352,1,2012-05-08 18:48:14,0
353,1,2010-11-25 02:20:43,0
354,1,2011-08-03 23:10:21,0
355,1,2011-01-10 17:39:15,0
355,1,2011-01-10 17:41:44,1
356,1,2012-06-19 21:23:59,0
357,1,2012-07-11 22:50:14,0
358,1,2010-09-17 22:02:58,0
358,1,2010-09-17 23:48:16,1
359,1,2010-12-28 22:15:48,0
360,1,2010-02-10 01:17:06,0
362,1,2012-02-23 18:45:01,0
363,1,2010-04-09 15:36:35,0
363,1,2010-04-13 23:40:30,1
365,1,2010-12-29 18:06:43,0
366,1,2012-07-10 22:42:22,0
368,1,2011-06-22 21:08:02,0
368,1,2011-06-22 21:08:20,1
369,1,2011-07-13 22:03:38,0
371,1,2012-01-26 19:51:34,0
372,1,2012-05-24 22:08:38,0
373,1,2011-12-16 22:58:26,0
375,1,2012-05-10 20:25:17,0
376,1,2010-05-04 18:50:27,0
377,1,2011-12-16 23:59:08,0
379,1,2010-07-12 23:42:43,0
381,1,2012-04-12 16:19:28,0
385,1,2010-12-15 01:34:40,0
386,1,2011-05-10 16:52:39,0
387,1,2011-12-14 21:05:52,0
388,1,2010-07-09 22:26:02,0
389,1,2011-06-28 21:43:15,0
389,1,2011-06-28 21:44:20,1
390,1,2010-01-18 18:30:02,0
391,1,2011-09-15 17:30:24,0
392,1,2012-03-12 18:57:46,0
393,1,2010-10-25 18:09:25,0
394,1,2012-01-12 21:02:38,0
395,1,2011-12-15 19:32:48,0
396,1,2010-09-23 17:34:03,0
396,1,2010-09-23 18:18:15,1
397,1,2012-08-02 23:00:24,0
398,1,2012-01-25 17:03:28,0
400,1,2011-09-22 17:13:24,0
401,1,2010-03-23 01:51:36,0
403,1,2012-01-17 17:42:15,0
404,1,2010-01-20 02:01:04,0
405,1,2012-01-20 17:17:51,0
406,1,2010-01-14 02:25:25,0
406,1,2010-01-14 02:25:38,1
409,1,2011-08-29 22:04:10,0
410,1,2010-11-16 01:40:29,0
411,1,2010-11-27 02:02:49,0
413,1,2011-09-23 17:20:13,3
415,1,2012-03-20 20:05:10,0
416,1,2010-07-09 15:52:27,0
417,1,2012-04-04 00:21:42,0
418,1,2012-05-04 23:26:19,0
419,1,2010-07-02 18:37:18,0
420,1,2010-09-15 23:44:34,0
422,1,2011-01-06 00:49:02,0
423,1,2010-09-16 15:14:36,3
424,1,2012-06-15 23:30:23,0
425,1,2012-04-16 16:26:13,0
426,1,2011-03-15 22:18:19,0
427,1,2012-08-03 15:17:53,0
428,1,2010-10-11 15:49:01,0
429,1,2011-06-21 23:42:53,0
429,1,2011-06-21 23:43:03,1
430,1,2010-02-16 20:00:09,0
431,1,2012-02-03 00:06:04,0
432,1,2011-09-30 16:48:55,0
434,1,2012-04-18 16:16:22,0
436,1,2012-06-19 18:30:43,0
437,1,2011-11-11 19:35:35,0
439,1,2012-02-01 17:30:27,0
440,1,2011-06-07 20:15:58,0
442,1,2011-02-18 20:17:32,0
443,1,2011-03-10 20:06:41,0
443,1,2011-03-10 20:08:14,1
444,1,2012-07-19 18:45:18,0
445,1,2011-05-16 17:25:43,0
448,1,2012-06-12 23:20:01,0
449,1,2011-03-09 20:49:32,0
450,1,2010-10-07 23:56:55,0
451,1,2011-07-08 22:17:10,0
451,1,2011-07-13 17:15:33,1
452,1,2010-12-01 02:09:16,0
453,1,2012-05-23 15:56:57,0
454,1,2011-11-09 00:52:09,0
455,1,2010-07-01 16:33:32,0
457,1,2011-12-07 20:31:32,0
458,1,2012-07-20 18:19:26,0
459,1,2011-10-05 16:52:36,0
460,1,2011-02-26 01:54:09,0
461,1,2012-03-28 17:02:20,0
462,1,2012-05-15 16:39:10,0
463,1,2011-11-10 18:20:49,0
464,1,2011-10-07 16:30:01,0
465,1,2011-06-30 23:05:37,0
465,1,2011-06-30 23:05:53,1
466,1,2012-06-15 22:58:32,0
468,1,2011-02-02 23:17:34,0
469,1,2010-05-03 19:18:49,0
471,1,2011-05-24 16:27:52,0
472,1,2012-07-23 22:02:04,0
473,1,2011-01-17 19:10:54,0
475,1,2011-04-13 22:43:16,0
476,1,2011-03-23 00:31:44,0
477,1,2012-01-04 17:34:18,0
478,1,2012-09-20 22:10:58,0
478,1,2012-09-20 22:11:56,1
479,1,2012-05-15 23:30:10,0
481,1,2011-08-31 22:09:49,0
482,1,2012-07-27 22:35:58,0
483,1,2012-08-08 15:26:16,0
485,1,2011-07-01 18:24:56,0
485,1,2011-07-01 18:38:06,1
486,1,2011-09-26 20:50:47,0
488,1,2011-09-20 15:40:54,0
489,1,2011-03-24 23:41:51,0
490,1,2011-07-11 21:49:19,0
491,1,2012-04-12 23:45:56,0
492,1,2012-05-30 23:38:32,0
493,1,2011-12-23 01:48:48,0
494,1,2011-03-30 16:29:32,0
495,1,2012-07-19 23:51:08,0
497,1,2012-07-25 23:40:43,0
498,1,2012-09-14 15:17:52,0
499,1,2011-01-28 18:01:13,0
500,1,2011-03-03 18:50:46,0
501,1,2012-06-04 21:18:30,0
501,1,2012-06-04 21:30:53,1
502,1,2012-09-24 15:37:21,0
503,1,2012-09-04 23:47:56,0
505,1,2012-01-20 23:25:53,0
508,1,2012-02-23 22:43:24,0
509,1,2010-09-24 18:47:17,0
510,1,2012-07-16 22:00:44,0
511,1,2012-04-20 21:48:18,0
512,1,2011-10-06 18:16:56,0
513,1,2011-03-30 18:44:58,0
514,1,2011-12-27 20:54:23,0
515,1,2011-10-20 16:41:43,0
516,1,2011-09-01 22:32:33,0
517,1,2011-03-02 00:22:55,0
518,1,2011-03-26 02:11:16,0
519,1,2012-06-08 16:31:56,0
520,1,2012-09-28 21:55:43,0
521,1,2012-01-09 19:49:13,0
522,1,2011-12-02 18:52:07,0
524,1,2011-12-20 23:30:10,0
526,1,2012-03-05 17:10:32,0
528,1,2012-06-20 15:49:20,0
531,1,2011-12-06 01:00:57,0
533,1,2012-07-31 22:33:16,0
534,1,2011-04-19 15:31:48,0
535,1,2011-12-07 20:06:05,0
536,1,2011-04-14 21:47:16,0
537,1,2012-06-01 18:32:53,0
538,1,2012-02-09 00:27:05,0
539,1,2011-05-18 20:24:34,0
540,1,2010-09-03 17:30:10,0
541,1,2012-05-15 15:08:40,0
542,1,2011-09-26 23:22:22,0
543,1,2011-12-02 00:29:00,0
544,1,2012-01-11 19:42:25,0
545,1,2012-02-29 22:58:38,0
546,1,2011-12-02 18:59:10,0
547,1,2010-06-30 21:04:35,0
548,1,2011-05-16 16:10:57,0
549,1,2012-02-15 18:15:32,0
550,1,2011-08-26 15:17:43,0
551,1,2012-07-18 18:53:53,0
552,1,2012-06-04 18:55:16,0
555,1,2010-12-15 23:49:07,0
556,1,2012-07-05 17:23:18,0
560,1,2010-04-28 23:50:51,0
561,1,2012-05-31 22:44:00,0
562,1,2010-12-15 01:44:33,0
563,1,2011-05-18 15:07:11,0
564,1,2011-06-09 18:42:40,0
565,1,2012-07-16 15:02:05,0
567,1,2011-07-29 18:45:34,0
568,1,2011-08-23 15:55:39,0
569,1,2011-06-30 17:43:59,0
569,1,2011-06-30 17:44:19,1
570,1,2012-05-29 21:05:16,0
571,1,2011-05-10 18:41:18,0
572,1,2010-05-28 19:02:07,0
573,1,2012-07-30 15:06:46,0
576,1,2010-12-02 01:39:51,0
577,1,2011-04-29 18:42:14,0
578,1,2011-09-22 16:10:27,0
579,1,2011-02-15 22:52:41,0
580,1,2011-04-19 18:22:36,0
581,1,2012-06-25 17:15:09,0
582,1,2010-12-10 17:15:43,0
583,1,2012-06-05 23:26:52,0
584,1,2011-03-10 19:32:42,0
585,1,2010-09-09 20:33:02,0
586,1,2012-07-24 23:42:04,0
587,1,2010-04-01 17:36:02,0
588,1,2010-02-02 18:52:38,0
589,1,2012-07-20 18:02:52,0
590,1,2010-12-14 20:45:17,0
591,1,2010-05-05 22:39:36,3
596,1,2012-01-14 01:31:55,0
597,1,2011-03-22 17:27:05,0
598,1,2011-06-23 22:43:37,0
598,1,2011-06-23 22:44:01,1
599,1,2010-03-08 22:59:35,3
600,1,2012-07-03 22:03:26,0
601,1,2010-12-29 20:10:05,0
602,1,2012-05-02 15:17:26,0
604,1,2011-10-17 21:39:19,0
605,1,2011-04-04 21:06:22,0
607,1,2011-06-14 15:11:34,0
608,1,2010-12-23 17:52:03,0
609,1,2010-03-20 00:46:29,0
609,1,2010-03-20 00:46:50,1
610,1,2010-09-03 16:49:02,0
611,1,2010-12-31 18:41:03,0
612,1,2010-04-28 16:04:25,3
613,1,2012-07-27 22:39:25,0
614,1,2012-07-11 23:35:34,0
615,1,2011-09-01 15:15:15,0
616,1,2010-03-24 20:24:08,0
617,1,2010-11-16 20:53:46,0
618,1,2012-01-31 01:21:12,0
619,1,2011-03-31 23:49:16,0
620,1,2011-12-27 19:15:56,0
621,1,2012-06-21 17:27:04,0
622,1,2012-09-27 22:03:27,0
623,1,2011-11-08 19:47:18,0
625,1,2010-04-19 23:41:52,0
627,1,2012-07-10 15:23:55,0
628,1,2011-01-26 18:10:07,0
629,1,2012-02-15 20:15:29,0
632,1,2010-07-20 16:40:57,0
633,1,2012-05-29 23:22:37,0
634,1,2012-03-22 17:46:45,0
635,1,2011-06-29 18:00:04,0
635,1,2011-06-29 18:07:21,1
636,1,2011-03-23 01:38:53,0
637,1,2011-09-15 21:33:25,0
640,1,2010-10-19 22:29:56,0
642,1,2010-10-20 23:32:52,0
642,1,2010-10-20 23:33:11,1
643,1,2012-01-26 17:48:31,0
646,1,2011-03-07 20:59:06,0
647,1,2011-02-28 23:24:57,0
648,1,2011-12-07 17:15:35,0
649,1,2011-05-10 15:37:28,0
650,1,2012-06-28 18:33:25,0
651,1,2010-04-08 18:00:27,0
652,1,2012-07-24 22:31:53,0
653,1,2012-07-09 22:27:30,0
653,1,2012-07-09 22:36:07,1
654,1,2012-06-13 19:06:38,0
655,1,2011-08-24 21:57:05,0
657,1,2012-02-23 19:31:43,0
658,1,2011-03-14 19:33:46,0
659,1,2011-05-19 16:54:36,0
660,1,2012-01-21 02:05:24,0
661,1,2010-09-17 17:48:59,3
662,1,2010-09-14 21:39:29,0
663,1,2010-04-13 18:17:23,0
665,1,2010-08-18 18:21:47,0
665,1,2010-08-30 23:41:05,1
666,1,2011-12-14 20:59:56,0
666,1,2011-12-16 22:53:14,1
667,1,2011-02-24 17:14:49,0
668,1,2011-09-22 15:27:13,0
669,1,2012-05-02 17:10:42,0
670,1,2012-05-23 17:23:32,0
671,1,2011-06-27 21:13:06,0
671,1,2011-06-27 21:13:18,1
672,1,2011-01-13 19:59:41,0
672,1,2011-01-27 17:24:52,1
673,1,2011-11-21 19:49:42,0
674,1,2012-01-19 00:15:19,0
675,1,2011-05-11 16:58:44,0
677,1,2011-12-13 23:04:29,0
678,1,2011-06-14 15:42:12,0
680,1,2012-05-02 20:43:52,0
681,1,2012-01-11 00:07:34,0
682,1,2012-04-03 20:38:03,0
683,1,2012-07-04 17:05:34,0
684,1,2012-06-12 16:17:18,0
686,1,2012-07-20 18:23:19,0
687,1,2011-11-14 19:02:37,0
688,1,2011-06-30 15:47:02,0
688,1,2011-06-30 15:47:19,1
689,1,2010-07-21 16:06:02,0
690,1,2010-09-28 16:44:18,0
690,1,2010-09-28 16:48:12,1
692,1,2011-04-06 15:44:20,0
693,1,2012-03-28 21:50:57,0
694,1,2010-04-21 22:28:55,0
695,1,2012-03-30 20:16:06,0
697,1,2011-07-15 18:12:16,0
698,1,2012-03-14 17:38:29,0
699,1,2011-03-01 19:45:35,0
700,1,2012-07-23 15:52:47,0
702,1,2010-05-28 20:43:28,0
703,1,2010-06-08 20:59:46,0
704,1,2012-06-25 16:52:06,0
705,1,2012-04-06 23:00:32,0
706,1,2012-04-24 23:31:51,0
707,1,2010-02-22 23:02:29,0
709,1,2010-03-16 00:42:39,0
709,1,2010-03-16 00:50:35,1
710,1,2010-04-20 21:31:56,0
711,1,2011-05-12 18:00:48,0
712,1,2011-08-22 18:13:17,0
713,1,2010-10-18 20:21:35,3
714,1,2011-10-20 18:17:17,0
715,1,2010-07-28 17:38:37,0
716,1,2012-03-21 22:43:53,0
717,1,2012-05-02 21:08:47,0
718,1,2011-11-29 18:47:09,0
719,1,2011-09-13 21:05:34,0
720,1,2011-11-21 22:38:34,0
721,1,2012-05-02 20:29:25,0
722,1,2012-04-30 18:02:19,0
723,1,2011-12-20 18:49:57,0
724,1,2011-11-24 17:48:59,0
725,1,2011-01-10 18:08:37,0
725,1,2011-01-11 00:19:52,1
725,1,2011-01-13 00:58:03,1
726,1,2011-10-11 18:28:46,0
727,1,2010-07-28 18:06:11,0
729,1,2011-05-27 17:23:42,0
730,1,2011-05-05 23:58:43,0
731,1,2012-02-08 17:45:15,0
733,1,2012-02-01 22:17:35,0
734,1,2010-07-08 15:38:34,0
735,1,2010-08-04 16:30:30,0
736,1,2012-01-11 01:22:31,0
737,1,2011-09-28 20:08:34,0
738,1,2012-04-19 18:11:09,0
738,1,2012-04-19 21:38:11,1
739,1,2011-09-28 15:12:44,0
740,1,2011-05-26 16:10:00,0
741,1,2012-07-26 18:30:53,0
742,1,2011-11-16 19:53:41,0
743,1,2012-01-12 23:19:54,0
744,1,2011-08-30 22:08:50,0
745,1,2012-01-04 01:07:37,0
746,1,2012-01-17 18:46:11,0
748,1,2011-05-31 22:03:05,0
749,1,2012-05-18 23:27:42,0
750,1,2011-01-04 17:53:30,0
750,1,2011-01-12 00:13:25,1
751,1,2011-06-28 17:31:25,3
751,1,2011-06-28 17:31:26,1
752,1,2012-04-26 20:46:58,0
753,1,2011-11-23 20:31:14,0
754,1,2011-12-14 22:18:21,0
755,1,2012-08-03 23:42:59,0
756,1,2012-01-17 19:24:07,0
758,1,2011-11-16 20:05:40,0
759,1,2010-09-10 00:05:39,0
759,1,2010-09-13 21:43:14,1
760,1,2012-01-16 23:05:59,0
761,1,2011-08-12 22:34:43,0
762,1,2011-11-11 01:56:38,0
763,1,2011-10-05 18:03:43,0
764,1,2011-11-24 19:09:21,0
765,1,2010-02-05 20:15:48,0
766,1,2012-02-17 01:49:17,0
767,1,2012-02-22 23:21:08,0
768,1,2012-07-26 18:16:27,0
769,1,2012-09-25 23:52:31,0
770,1,2012-01-31 18:02:08,0
771,1,2010-09-04 00:00:30,3
772,1,2012-03-23 23:44:14,0
773,1,2012-06-07 22:20:07,0
774,1,2010-10-14 16:35:49,0
774,1,2010-10-14 16:36:10,1
776,1,2012-06-04 22:55:36,0
777,1,2012-03-08 18:52:53,0
777,1,2012-03-10 00:02:58,1
778,1,2011-12-31 01:06:55,0
779,1,2010-11-19 00:05:54,0
781,1,2010-10-06 20:56:02,0
783,1,2012-07-04 16:19:43,0
784,1,2011-08-29 16:20:58,0
785,1,2012-04-04 23:32:35,0
786,1,2010-11-11 17:44:45,0
786,1,2010-11-11 18:10:45,1
787,1,2012-07-20 15:23:06,0
788,1,2012-07-24 23:10:51,0
789,1,2011-03-29 16:07:45,0
790,1,2012-03-22 23:36:48,0
791,1,2010-01-21 17:49:07,0
792,1,2010-07-07 22:29:57,0
793,1,2010-07-13 16:45:52,0
794,1,2012-03-02 01:56:30,0
795,1,2012-03-12 17:18:06,0
796,1,2012-04-27 15:46:55,0
797,1,2011-05-31 21:34:43,0
798,1,2010-08-10 15:33:33,0
798,1,2010-08-17 23:38:22,1
798,1,2010-09-03 21:22:20,1
799,1,2012-03-28 20:52:44,0
800,1,2010-03-15 17:06:20,0
801,1,2010-11-11 19:03:44,0
802,1,2011-03-07 18:09:57,0
803,1,2011-01-14 00:40:44,0
803,1,2011-01-14 01:32:08,1
804,1,2010-03-29 21:52:58,0
804,1,2010-03-29 21:54:54,1
804,1,2010-05-13 00:10:13,1
804,1,2010-05-13 00:10:17,1
806,1,2012-02-27 20:50:44,0
808,1,2010-04-07 23:31:32,3
810,1,2011-10-12 21:52:40,0
811,1,2012-07-27 21:04:28,0
812,1,2011-04-27 20:32:47,0
813,1,2012-02-22 23:33:06,0
814,1,2010-04-22 15:26:21,0
815,1,2010-09-20 20:56:21,0
816,1,2011-09-23 16:17:21,0
817,1,2012-03-26 23:17:58,0
818,1,2011-04-26 15:58:29,0
819,1,2012-06-08 16:10:29,0
820,1,2011-05-27 21:12:00,0
822,1,2011-03-24 20:51:56,0
823,1,2011-07-26 20:17:01,0
827,1,2011-11-14 19:49:02,0
828,1,2011-04-08 16:15:32,0
829,1,2012-07-31 22:35:02,0
830,1,2010-09-07 17:09:52,0
830,1,2010-09-07 17:10:08,1
832,1,2011-02-17 01:50:33,0
833,1,2010-09-15 15:21:23,3
834,1,2012-01-13 17:20:49,0
834,1,2012-01-13 17:35:41,1
835,1,2011-01-05 19:39:43,0
835,1,2011-01-11 00:17:11,1
836,1,2012-02-08 22:07:57,0
837,1,2010-11-24 18:11:36,0
838,1,2010-06-22 15:45:21,0
840,1,2012-04-26 17:28:36,0
842,1,2011-02-21 17:53:58,0
843,1,2011-02-22 18:01:50,0
844,1,2012-01-04 18:25:07,0
846,1,2010-03-08 20:56:49,3
847,1,2011-08-01 18:24:31,0
848,1,2011-03-31 22:36:11,0
851,1,2010-12-03 23:03:28,0
852,1,2010-10-26 22:50:16,0
853,1,2012-05-07 16:53:48,0
854,1,2011-05-24 23:54:51,0
855,1,2011-09-09 16:08:04,0
857,1,2012-05-14 20:54:35,0
858,1,2010-05-26 15:25:32,0
859,1,2012-04-19 18:51:11,0
860,1,2011-10-26 18:40:48,0
861,1,2011-01-14 02:03:47,0
861,1,2011-01-29 02:43:23,1
862,1,2010-04-12 15:51:54,0
863,1,2011-10-14 20:26:39,0
864,1,2010-02-10 17:52:42,0
865,1,2011-01-11 23:41:04,0
866,1,2012-01-18 01:04:58,0
867,1,2011-10-04 16:52:18,0
867,1,2011-10-04 17:17:26,1
869,1,2011-02-04 20:43:37,0
870,1,2010-04-13 16:01:03,0
871,1,2010-12-13 18:04:49,0
872,1,2012-03-22 01:26:16,0
873,1,2010-11-08 22:54:27,0
874,1,2011-09-05 23:03:00,0
874,1,2011-09-06 23:55:56,1
874,1,2011-09-06 23:55:57,1
876,1,2012-08-06 16:21:37,0
877,1,2012-05-24 17:42:53,0
878,1,2011-11-22 19:21:43,0
879,1,2011-01-10 21:00:18,0
880,1,2012-04-05 22:35:31,0
882,1,2012-07-27 00:00:23,0
883,1,2012-04-16 16:52:21,0
884,1,2011-01-19 23:25:08,0
885,1,2011-11-18 00:46:20,0
886,1,2012-06-11 20:58:53,0
887,1,2011-09-27 21:21:18,0
888,1,2012-07-20 18:07:01,0
889,1,2010-10-04 17:20:47,0
889,1,2010-10-04 17:21:28,1
890,1,2010-09-24 23:59:41,0
891,1,2011-06-07 16:02:07,0
892,1,2012-04-17 22:32:30,0
893,1,2011-11-14 18:17:44,0
895,1,2010-11-11 01:32:22,0
896,1,2011-10-03 17:17:19,0
897,1,2012-03-16 22:08:31,0
898,1,2012-01-05 00:07:42,0
899,1,2010-02-09 23:31:28,0
900,1,2011-02-28 22:17:29,0
901,1,2012-07-31 15:21:57,0
902,1,2011-09-28 23:48:22,0
903,1,2010-11-11 17:03:32,3
904,1,2011-03-16 17:35:56,0
905,1,2011-07-19 21:08:41,0
905,1,2011-07-19 21:17:50,1
907,1,2010-09-27 23:32:23,0
908,1,2011-04-13 15:25:37,0
909,1,2012-02-06 18:17:46,0
910,1,2012-07-31 18:59:06,0
912,1,2010-12-11 01:41:58,0
912,1,2010-12-13 19:42:47,1
913,1,2010-11-11 22:50:41,0
914,1,2012-01-24 22:40:05,0
915,1,2011-01-04 19:00:58,0
916,1,2011-07-05 17:07:25,0
917,1,2010-09-07 18:15:00,0
918,1,2010-05-28 17:49:53,0
919,1,2010-08-17 22:06:32,0
920,1,2010-04-20 22:40:01,0
921,1,2010-04-09 15:55:35,0
922,1,2011-02-24 17:42:08,0
923,1,2011-12-02 20:12:53,0
924,1,2010-07-21 21:02:01,0
925,1,2010-09-17 00:32:39,0
926,1,2010-09-03 16:51:50,0
927,1,2011-10-10 15:25:12,0
928,1,2011-02-14 23:15:17,0
929,1,2011-01-18 19:51:20,0
929,1,2011-01-21 20:48:06,1
931,1,2012-02-28 20:33:55,0
932,1,2012-02-16 20:01:24,0
933,1,2011-01-12 23:31:23,0
933,1,2011-01-29 02:42:22,1
934,1,2012-06-12 22:00:09,0
935,1,2010-04-22 22:44:36,0
936,1,2011-05-16 20:24:53,0
937,1,2012-06-27 15:44:09,0
938,1,2012-07-26 15:12:09,0
940,1,2010-03-03 20:38:08,0
941,1,2011-07-21 00:05:12,0
942,1,2011-04-20 20:44:50,0
943,1,2011-11-18 22:37:44,0
944,1,2011-04-20 20:27:51,0
945,1,2011-09-27 18:35:27,0
945,1,2011-09-27 19:02:40,1
946,1,2011-05-13 21:25:53,0
947,1,2011-10-07 21:29:32,0
947,1,2011-10-07 21:30:59,1
947,1,2011-10-07 21:30:59,1
948,1,2010-10-19 21:43:32,0
950,1,2012-04-20 15:39:02,0
952,1,2011-11-16 20:15:00,0
953,1,2010-03-11 20:21:24,0
954,1,2012-08-02 17:02:49,0
955,1,2011-10-03 20:23:27,0
956,1,2011-02-22 00:20:50,0
957,1,2011-07-06 23:06:20,0
958,1,2012-02-14 00:14:30,0
960,1,2011-07-06 23:31:20,0
962,1,2012-09-28 23:42:27,0
965,1,2010-09-24 18:37:58,0
966,1,2010-11-04 17:30:46,0
967,1,2012-06-29 18:59:16,0
968,1,2012-05-14 22:48:40,0
969,1,2011-10-11 23:52:13,0
969,1,2011-10-11 23:59:18,1
970,1,2012-05-08 19:00:01,0
971,1,2010-06-30 16:23:17,3
972,1,2012-07-25 23:38:49,0
973,1,2010-08-02 23:40:51,0
973,1,2010-08-03 19:10:25,1
974,1,2011-01-06 01:37:24,0
974,1,2011-01-18 01:17:14,1
975,1,2012-03-05 19:14:32,0
976,1,2012-01-12 00:45:36,0
977,1,2010-09-24 22:36:43,0
978,1,2011-10-05 23:20:09,0
978,1,2011-10-05 23:23:42,1
981,1,2012-07-10 18:42:30,0
982,1,2011-11-11 19:56:00,0
983,1,2012-03-08 20:10:56,0
985,1,2010-08-25 15:23:31,0
987,1,2010-04-19 20:49:41,0
990,1,2012-06-18 18:46:34,0
991,1,2011-05-13 20:28:23,0
992,1,2010-08-11 20:32:48,0
993,1,2011-03-14 20:11:23,0
994,1,2011-02-08 01:49:00,0
995,1,2011-05-25 16:48:31,0
996,1,2010-12-23 22:51:43,0
997,1,2011-11-18 22:35:12,0
1000,1,2010-01-21 17:53:28,0
1000,1,2010-01-21 17:53:34,1
1002,1,2010-08-25 18:36:10,0
1003,1,2010-12-23 20:23:52,0
1004,1,2011-09-21 15:09:20,0
1005,1,2010-12-22 17:35:14,0
1006,1,2010-01-22 20:09:40,0
1008,1,2011-10-25 22:35:19,0
1009,1,2012-05-18 20:11:25,0
1011,1,2011-09-06 23:44:32,3
1012,1,2010-05-25 23:14:28,0
1013,1,2011-12-01 01:32:54,0
1014,1,2010-12-28 19:41:06,0
1015,1,2012-02-10 23:44:10,0
1016,1,2011-04-13 15:43:01,0
1017,1,2012-09-07 20:24:46,0
1018,1,2010-09-16 17:03:22,0
1020,1,2012-05-15 16:09:38,0
1021,1,2010-05-18 22:59:36,0
1022,1,2012-01-06 01:55:40,0
1022,1,2012-01-06 01:55:53,1
1024,1,2011-07-14 15:22:19,0
1024,1,2011-07-15 18:40:41,1
1025,1,2011-03-18 18:41:58,0
1028,1,2010-12-28 17:31:42,0
1029,1,2012-05-09 17:25:28,0
1030,1,2010-02-04 18:40:52,0
1030,1,2010-02-04 18:41:05,1
1031,1,2011-02-24 22:41:36,0
1032,1,2012-04-11 23:07:25,0
1033,1,2011-11-10 17:25:05,0
1034,1,2011-12-13 17:22:23,0
1035,1,2010-12-20 22:19:58,0
1035,1,2010-12-21 01:42:41,1
1036,1,2012-05-29 23:38:19,0
1037,1,2011-10-24 18:11:15,0
1038,1,2012-07-24 23:29:40,0
1039,1,2012-06-28 18:14:33,0
1040,1,2012-02-20 17:07:43,0
1041,1,2012-05-02 18:44:47,0
1042,1,2012-05-23 16:22:52,0
1044,1,2010-05-13 22:45:13,0
1045,1,2011-06-24 18:10:25,0
1046,1,2012-04-02 16:42:04,0
1047,1,2011-07-14 18:17:31,0
1047,1,2011-07-15 15:34:30,1
1048,1,2010-12-13 19:53:33,0
1049,1,2012-02-09 23:14:35,0
1050,1,2011-05-12 16:27:06,0
1051,1,2010-12-27 17:06:01,0
1052,1,2011-02-03 23:26:08,0
1053,1,2011-06-30 22:53:16,0
1053,1,2011-06-30 22:53:32,1
1055,1,2012-01-24 00:13:31,0
1056,1,2012-06-06 20:08:26,0
1058,1,2012-06-28 20:24:41,0
1059,1,2012-01-09 16:53:54,0
1060,1,2011-09-02 21:25:55,0
1061,1,2011-06-21 16:55:05,0
1061,1,2011-06-21 16:55:21,1
1063,1,2012-07-11 22:48:16,0
1064,1,2012-05-21 23:39:11,0
1065,1,2011-08-22 22:39:21,0
1066,1,2012-05-24 17:32:06,0
1067,1,2012-02-14 19:34:26,0
1068,1,2012-05-15 16:49:37,0
1069,1,2011-06-21 22:09:39,0
1071,1,2011-05-18 17:38:14,0
1072,1,2012-07-17 18:43:08,0
1072,1,2012-07-18 22:58:04,1
1073,1,2011-12-30 17:47:19,0
1074,1,2011-10-28 18:45:32,0
1075,1,2012-08-07 18:01:46,0
1076,1,2012-04-24 23:48:55,0
1077,1,2010-09-01 23:21:14,0
1077,1,2010-09-02 15:28:41,1
1078,1,2011-02-09 20:06:02,0
1080,1,2010-06-09 18:33:39,3
1081,1,2011-11-14 19:15:37,0
1082,1,2011-08-22 17:38:09,0
1083,1,2012-02-29 01:02:22,0
1083,1,2012-02-29 01:02:42,1
1084,1,2012-04-24 16:13:17,0
1085,1,2010-09-30 17:29:04,0
1086,1,2012-07-24 15:42:04,0
1089,1,2011-03-10 23:37:52,0
1090,1,2012-05-28 22:40:01,0
1092,1,2012-07-12 21:22:39,0
1093,1,2012-01-14 01:27:38,0
1094,1,2012-06-13 15:45:34,0
1095,1,2011-09-26 23:01:58,0
1095,1,2011-09-28 23:28:26,1
1097,1,2010-04-08 21:02:28,0
1098,1,2011-07-08 21:48:51,0
1098,1,2011-07-14 00:01:04,1
1099,1,2010-06-23 23:01:22,0
1100,1,2010-10-22 20:35:14,0
1101,1,2012-08-02 17:12:34,0
1102,1,2012-07-31 21:05:19,0
1103,1,2012-07-26 18:09:20,0
1105,1,2011-10-18 20:06:24,0
1105,1,2011-10-18 21:17:30,1
1105,1,2011-10-18 21:17:31,1
1106,1,2012-07-18 16:23:30,0
1107,1,2011-10-13 15:17:13,0
1108,1,2011-03-01 17:24:41,0
1112,1,2012-07-31 22:43:10,0
1114,1,2011-05-25 17:38:13,0
1115,1,2012-02-28 19:47:09,0
1116,1,2012-07-30 23:42:21,0
1117,1,2011-10-26 23:30:54,0
1118,1,2011-09-05 22:28:02,0
1118,1,2011-09-09 18:03:27,1
1119,1,2011-05-26 16:26:22,0
1120,1,2012-01-05 17:26:10,0
1121,1,2010-04-28 21:40:05,0
1122,1,2012-07-31 15:20:05,0
1123,1,2010-11-16 19:40:24,0
1125,1,2012-05-17 22:34:02,0
1126,1,2012-01-10 22:31:21,0
1127,1,2012-01-18 18:39:21,0
1128,1,2012-04-11 20:51:59,0
1130,1,2010-02-10 01:07:04,0
1131,1,2012-03-28 17:03:55,0
1132,1,2012-01-11 19:52:28,0
1133,1,2012-01-18 19:23:55,0
1134,1,2012-07-17 15:22:25,0
1135,1,2012-06-08 16:03:05,0
1136,1,2012-06-12 16:23:44,0
1137,1,2012-06-18 18:44:18,0
1138,1,2012-01-10 01:23:38,0
1139,1,2011-12-14 00:51:46,0
1140,1,2011-01-19 18:17:21,0
1141,1,2010-08-11 20:41:35,0
1143,1,2012-07-23 19:01:18,0
1146,1,2011-04-04 18:13:39,0
1147,1,2011-01-11 20:54:55,0
1148,1,2010-12-14 20:04:53,0
1149,1,2011-10-25 15:25:02,0
1150,1,2010-10-11 16:44:04,0
1151,1,2010-05-25 00:34:26,0
1152,1,2010-10-05 16:03:32,0
1153,1,2012-01-11 00:57:01,0
1154,1,2012-05-21 15:18:26,0
1155,1,2010-09-16 20:40:30,0
1157,1,2011-09-14 23:45:59,0
1158,1,2011-06-23 15:35:48,0
1158,1,2011-06-23 15:36:08,1
1160,1,2011-04-14 15:32:36,0
1161,1,2012-07-18 17:00:13,0
1162,1,2011-01-26 23:45:02,0
1163,1,2012-07-24 15:38:39,0
1165,1,2010-09-15 15:50:56,0
1166,1,2010-10-25 21:16:01,0
1167,1,2011-02-14 18:03:48,0
1168,1,2011-06-17 23:59:46,0
1169,1,2012-07-30 23:03:11,0
1170,1,2011-01-31 18:12:34,0
1171,1,2011-12-13 17:19:55,0
1172,1,2012-03-19 19:50:29,0
1173,1,2010-06-22 22:33:44,0
1174,1,2011-05-18 16:34:39,0
1175,1,2012-01-12 00:59:39,0
1177,1,2011-12-12 19:23:38,0
1178,1,2011-04-05 16:07:00,0
1180,1,2010-07-01 22:30:32,0
1181,1,2012-02-13 18:15:33,0
1182,1,2011-03-04 18:29:57,0
1183,1,2010-07-08 23:35:41,0
1184,1,2010-05-20 21:58:47,0
1185,1,2012-08-10 14:49:50,0
1186,1,2011-10-05 16:59:00,0
1187,1,2012-07-24 15:22:02,0
1188,1,2012-05-03 23:51:50,0
1189,1,2011-03-04 18:10:16,0
1190,1,2012-01-02 19:49:47,0
1191,1,2010-02-09 00:06:58,0
1194,1,2011-01-10 19:50:41,0
1194,1,2011-01-12 17:54:14,1
1195,1,2012-01-24 22:27:17,0
1196,1,2010-02-02 19:17:37,0
1197,1,2011-12-20 18:21:55,0
1197,1,2011-12-20 18:44:46,1
1198,1,2012-03-08 00:57:18,0
1199,1,2012-02-22 00:27:29,0
1200,1,2011-06-08 21:51:32,0
1201,1,2012-05-15 15:07:16,0
1202,1,2010-09-06 18:26:13,0
1202,1,2010-09-08 22:56:29,1
1203,1,2011-09-08 21:30:42,0
1204,1,2010-06-30 17:08:26,0
1205,1,2011-06-13 17:22:41,0
1206,1,2011-03-03 23:28:56,0
1207,1,2011-05-04 21:49:39,0
1208,1,2012-02-10 17:59:22,0
1209,1,2011-04-18 18:48:58,0
1211,1,2010-05-24 20:25:24,0
1211,1,2010-06-04 21:04:07,1
1212,1,2011-05-19 23:29:29,0
1213,1,2011-01-04 23:22:59,0
1214,1,2011-03-15 18:06:36,0
1215,1,2012-02-07 19:27:05,0
1216,1,2012-06-01 16:26:11,0
1217,1,2012-01-11 20:00:46,0
1218,1,2010-07-29 00:07:39,0
1219,1,2012-01-26 01:22:05,0
1220,1,2010-10-21 20:42:29,0
1222,1,2011-09-27 20:49:52,0
1223,1,2010-01-26 20:36:21,0
1224,1,2010-11-04 17:56:44,0
1225,1,2011-08-03 20:14:54,0
1226,1,2011-10-28 16:12:21,0
1227,1,2011-02-17 17:20:28,0
1228,1,2011-03-08 22:29:52,0
1229,1,2012-01-18 22:49:23,0
1230,1,2012-07-23 23:34:10,0
1231,1,2010-10-26 16:10:17,0
1232,1,2010-10-19 21:44:24,0
1233,1,2012-06-26 15:05:06,0
1234,1,2011-07-21 21:31:45,0
1236,1,2012-01-20 20:58:38,0
1237,1,2010-09-29 16:13:24,0
1240,1,2011-01-12 17:36:24,0
1241,1,2011-05-12 16:15:54,0
1242,1,2010-08-03 21:32:39,0
1243,1,2011-04-28 21:14:17,0
1244,1,2012-01-03 23:28:01,0
1245,1,2010-03-11 23:28:06,0
1247,1,2010-07-28 18:24:44,0
1248,1,2011-12-29 00:03:25,0
1251,1,2012-07-18 18:59:39,0
1252,1,2011-04-01 17:04:45,0
1253,1,2010-04-28 21:42:14,0
1255,1,2011-11-16 19:05:56,0
1256,1,2012-05-04 17:52:28,0
1257,1,2010-02-23 22:17:01,0
1258,1,2010-09-17 17:28:18,0
1259,1,2011-12-22 23:22:19,0
1260,1,2011-10-10 21:42:00,0
1262,1,2012-07-09 15:08:38,0
1263,1,2011-03-08 17:11:58,0
1264,1,2011-05-04 15:39:58,0
1265,1,2011-02-10 23:49:46,0
1265,1,2011-02-11 01:44:51,1
1266,1,2010-07-29 17:57:56,0
1267,1,2012-05-24 17:35:45,0
1268,1,2011-11-23 19:44:05,0
1270,1,2011-04-06 16:15:21,0
1271,1,2012-06-19 16:22:48,0
1273,1,2010-11-04 22:48:08,0
1274,1,2012-06-07 16:21:58,0
1276,1,2011-01-11 19:24:57,0
1276,1,2011-01-11 19:33:43,1
1277,1,2010-03-29 21:48:03,0
1278,1,2010-10-12 23:23:25,0
1279,1,2010-09-17 21:16:42,0
1279,1,2010-09-17 23:49:25,1
1280,1,2010-09-03 15:48:05,0
1281,1,2012-06-28 15:03:06,0
1282,1,2010-07-01 20:32:08,3
1282,1,2010-07-02 16:53:50,1
1283,1,2010-05-17 22:50:31,0
1284,1,2010-05-27 23:48:06,3
1285,1,2011-01-31 19:42:03,0
1286,1,2011-03-14 19:46:56,0
1287,1,2012-05-11 23:26:17,0
1289,1,2010-11-26 23:22:27,0
1290,1,2012-08-09 21:19:16,0
1291,1,2011-03-03 01:02:54,0
1293,1,2012-02-14 00:11:25,0
1294,1,2011-09-15 20:26:09,0
1295,1,2012-04-12 22:57:38,0
1296,1,2011-11-22 17:08:57,0
1297,1,2010-12-22 17:22:44,0
1298,1,2010-12-22 18:22:41,0
1300,1,2011-01-17 19:36:18,0
1302,1,2011-03-08 17:55:21,0
1306,1,2011-04-21 20:27:11,0
1307,1,2010-11-05 20:57:43,0
1308,1,2010-12-21 23:23:11,0
1310,1,2010-12-15 17:56:44,0
1311,1,2012-01-24 17:16:57,0
1312,1,2011-06-20 15:36:15,0
1313,1,2012-09-03 18:50:54,0
1316,1,2012-05-16 15:08:15,0
1317,1,2012-07-18 15:01:14,0
1320,1,2012-05-02 20:09:26,0
1321,1,2012-04-18 16:55:20,0
1322,1,2010-06-04 17:44:39,0
1324,1,2011-04-20 22:51:26,0
1325,1,2012-01-11 18:44:33,0
1326,1,2011-10-24 18:09:39,0
1327,1,2012-08-07 20:34:32,0
1328,1,2010-02-23 00:00:57,0
1329,1,2012-03-01 22:23:41,0
1330,1,2012-08-10 21:34:03,0
1331,1,2011-12-09 18:38:14,0
1332,1,2012-09-04 00:10:07,0
1333,1,2010-06-01 15:53:51,0
1334,1,2012-02-17 23:33:50,0
1334,1,2012-02-17 23:45:57,1
1335,1,2011-11-03 19:52:15,0
1336,1,2012-02-07 20:20:12,0
1337,1,2011-09-16 21:19:34,0
1338,1,2012-09-13 21:52:09,0
1339,1,2011-06-27 22:21:02,0
1339,1,2011-06-27 22:29:27,1
1340,1,2010-07-27 21:32:52,0
1341,1,2011-07-13 16:16:30,0
1342,1,2011-07-29 21:03:29,0
1343,1,2012-05-29 23:40:26,0
1344,1,2012-07-17 18:39:38,0
1345,1,2011-04-13 23:24:54,0
1346,1,2011-12-13 17:38:37,0
1347,1,2010-11-15 17:19:05,0
1348,1,2011-02-10 17:16:03,0
1349,1,2011-12-27 23:51:23,0
1350,1,2012-05-09 00:05:37,0
1351,1,2010-06-10 19:14:25,3
1352,1,2010-02-18 00:36:36,0
1353,1,2010-09-13 17:20:51,0
1354,1,2012-03-30 23:30:09,0
1355,1,2012-01-26 22:16:11,0
1356,1,2012-08-08 15:29:37,0
1357,1,2010-09-20 22:52:16,0
1360,1,2010-12-17 19:33:28,0
1361,1,2011-05-04 20:44:15,0
1362,1,2011-11-09 22:27:25,0
1363,1,2012-07-17 21:13:29,0
1367,1,2010-04-26 18:34:05,0
1368,1,2012-02-29 22:57:19,0
1369,1,2011-08-10 20:49:59,3
1369,1,2011-08-10 20:50:00,1
1370,1,2012-06-07 23:17:19,0
1372,1,2011-07-07 20:58:51,0
1373,1,2010-04-09 15:37:43,0
1373,1,2010-04-14 23:09:55,1
1374,1,2011-12-20 23:07:56,0
1376,1,2010-04-27 20:52:43,0
1377,1,2011-11-09 01:31:47,0
1378,1,2011-08-29 22:09:34,0
1379,1,2011-08-04 23:56:35,0
1380,1,2011-08-04 20:28:49,0
1381,1,2011-01-04 19:21:33,0
1381,1,2011-01-12 00:15:48,1
1382,1,2010-10-22 20:44:40,0
1383,1,2010-10-29 21:06:49,0
1385,1,2010-04-27 16:15:20,0
1385,1,2010-04-29 16:54:14,1
1389,1,2011-12-28 17:25:32,0
1390,1,2011-05-16 20:18:22,0
1391,1,2011-01-18 00:07:58,0
1391,1,2011-01-18 01:23:18,1
1392,1,2011-10-21 15:01:58,0
1394,1,2010-04-01 17:16:17,0
1395,1,2011-02-25 22:40:04,0
1395,1,2011-02-25 22:41:48,1
1399,1,2010-02-19 18:28:22,0
1400,1,2010-02-02 18:57:11,0
1401,1,2012-02-22 20:12:44,0
1402,1,2010-05-28 16:02:51,3
1403,1,2011-01-04 23:39:02,0
1403,1,2011-01-12 00:17:49,1
1404,1,2011-02-11 01:25:05,0
1405,1,2012-03-20 17:53:06,0
1406,1,2011-12-13 17:14:35,0
1408,1,2011-09-14 16:45:09,0
1410,1,2010-09-17 18:49:08,0
1411,1,2011-03-02 00:40:03,0
1412,1,2012-05-21 19:08:38,0
1413,1,2011-05-30 15:07:28,0
1414,1,2011-01-13 01:57:28,0
1415,1,2012-06-20 20:33:03,0
1416,1,2012-07-12 21:28:16,0
1417,1,2012-07-13 16:52:15,0
1418,1,2012-02-24 21:01:35,0
1419,1,2011-12-01 00:21:05,0
1421,1,2010-12-24 01:56:31,0
1422,1,2010-12-20 20:23:06,0
1422,1,2010-12-28 01:54:27,1
1423,1,2012-05-08 15:14:24,0
1424,1,2011-01-03 23:08:12,0
1425,1,2010-09-22 17:38:46,0
1426,1,2010-09-03 16:54:29,0
1427,1,2012-05-07 20:19:32,0
1428,1,2010-09-24 21:50:09,0
1429,1,2011-10-06 15:05:39,0
1430,1,2011-07-15 20:20:28,0
1431,1,2011-02-08 23:10:32,0
1434,1,2011-02-02 23:07:53,0
1435,1,2011-07-19 17:16:55,0
1436,1,2011-04-21 22:25:10,0
1437,1,2012-03-15 22:30:54,0
1438,1,2010-07-28 18:45:35,0
1439,1,2012-03-23 20:06:05,0
1440,1,2010-11-11 01:50:53,0
1442,1,2011-11-21 23:52:46,0
1442,1,2011-11-22 01:27:32,1
1442,1,2011-11-22 01:27:33,1
1443,1,2012-01-19 20:41:57,0
1444,1,2012-01-17 20:39:41,0
1446,1,2010-06-23 23:39:30,0
1446,1,2010-06-24 00:01:26,1
1446,1,2010-06-24 15:46:16,1
1447,1,2012-06-13 16:56:27,0
1448,1,2012-03-26 20:58:55,0
1452,1,2011-04-12 16:01:20,0
1453,1,2011-10-17 17:03:32,0
1454,1,2010-10-27 23:56:42,0
1455,1,2011-05-26 15:21:01,0
1456,1,2011-03-07 23:17:51,0
1458,1,2011-09-21 18:18:24,0
1459,1,2012-05-23 18:55:04,0
1461,1,2010-10-20 23:46:44,0
1462,1,2012-06-20 23:05:18,0
1463,1,2011-09-02 23:14:41,0
1463,1,2011-09-14 15:54:09,1
1466,1,2012-07-31 22:44:06,0
1467,1,2012-05-03 17:57:21,0
1468,1,2010-02-02 19:18:33,0
1468,1,2010-03-05 21:28:51,1
1469,1,2010-03-20 00:07:01,0
1470,1,2011-04-15 23:21:04,0
1472,1,2010-03-20 00:24:30,0
1473,1,2011-12-15 19:37:04,0
1474,1,2010-11-17 19:29:38,0
1475,1,2012-04-18 17:50:00,0
1476,1,2011-04-12 15:54:12,0
1477,1,2011-12-20 00:47:05,0
1479,1,2011-03-31 00:03:03,0
1480,1,2011-10-06 22:29:43,0
1481,1,2011-10-03 21:15:39,0
1482,1,2011-12-14 23:25:19,0
1483,1,2012-05-22 15:02:11,0
1485,1,2010-01-21 17:52:31,0
1486,1,2012-01-19 00:03:59,0
1488,1,2012-04-18 16:57:02,0
1489,1,2012-05-30 21:25:09,0
1491,1,2010-07-29 22:00:20,0
1492,1,2011-06-24 18:08:50,3
1492,1,2011-06-29 16:02:37,1
1493,1,2012-03-19 17:26:04,0
1494,1,2010-09-01 22:54:35,0
1494,1,2010-09-01 23:01:57,1
1496,1,2011-06-21 17:14:38,0
1496,1,2011-06-21 17:14:50,1
1497,1,2012-07-17 18:41:41,0
1498,1,2010-10-22 18:29:09,0
1499,1,2010-05-18 22:55:10,0
1500,1,2012-08-09 23:16:14,0
1502,1,2011-05-25 21:16:25,0
1503,1,2012-03-26 16:58:13,0
1504,1,2011-01-14 18:39:50,0
1505,1,2012-07-27 21:07:27,0
1508,1,2012-03-15 22:33:06,0
1511,1,2011-02-23 01:16:45,0
1512,1,2011-02-10 23:35:19,0
1513,1,2011-01-13 23:32:17,0
1513,1,2011-01-18 01:34:43,1
1514,1,2011-04-07 16:54:07,0
1515,1,2010-11-29 19:46:31,0
1516,1,2011-06-21 17:03:15,0
1516,1,2011-06-21 17:03:29,1
1516,1,2011-06-28 16:15:08,1
1517,1,2011-10-07 17:39:01,0
1518,1,2010-07-07 18:51:47,0
1520,1,2012-03-06 17:21:53,0
1521,1,2012-06-12 15:15:37,0
1522,1,2011-10-13 21:57:03,0
1523,1,2010-07-06 20:34:55,0
1524,1,2011-03-02 17:36:18,0
1525,1,2011-09-15 23:02:26,0
1526,1,2012-05-21 22:03:46,0
1527,1,2010-03-18 20:41:30,0
1527,1,2010-03-18 20:41:42,1
1528,1,2010-07-01 23:49:42,0
1528,1,2010-07-02 00:00:22,1
1528,1,2010-07-02 00:00:32,1
1529,1,2011-07-26 23:29:54,0
1530,1,2011-07-07 16:40:38,0
1530,1,2011-07-07 21:06:36,1
1531,1,2012-02-07 00:06:10,0
1532,1,2010-09-14 00:15:26,0
1533,1,2011-02-09 01:23:57,0
1534,1,2010-01-13 22:09:31,0
1536,1,2012-05-18 17:48:47,0
1537,1,2012-04-20 18:16:12,0
1538,1,2011-01-03 18:00:18,0
1539,1,2011-06-21 17:39:24,0
1540,1,2011-06-28 22:58:42,0
1540,1,2011-06-28 22:59:02,1
1541,1,2011-06-21 15:56:01,0
1541,1,2011-06-21 15:56:15,1
1542,1,2010-09-20 23:49:31,0
1544,1,2011-12-07 17:51:54,0
1545,1,2011-04-14 17:11:30,0
1546,1,2011-08-03 20:12:01,0
1547,1,2011-02-18 20:09:21,0
1548,1,2012-06-22 00:00:11,0
1549,1,2010-09-13 15:47:09,0
1550,1,2012-05-17 23:55:39,0
1551,1,2010-10-21 17:03:54,0
1552,1,2012-06-22 21:55:05,0
1554,1,2010-12-21 18:15:27,0
1555,1,2012-05-22 22:58:08,0
1556,1,2011-07-08 16:07:31,0
1557,1,2010-08-10 15:35:43,0
1557,1,2010-08-17 23:37:56,1
1558,1,2011-12-28 23:13:57,0
1559,1,2012-04-20 15:04:50,0
1560,1,2011-08-24 20:52:15,0
1561,1,2010-04-22 15:25:04,0
1563,1,2011-12-31 01:04:01,0
1564,1,2012-04-11 22:51:15,0
1565,1,2011-03-01 22:28:35,0
1566,1,2012-07-26 15:14:23,0
1567,1,2010-11-08 23:04:31,0
1568,1,2011-08-02 17:03:35,0
1569,1,2012-04-03 21:09:37,0
1572,1,2010-07-26 22:00:22,0
1572,1,2010-07-28 21:35:50,1
1573,1,2011-11-25 19:32:46,0
1575,1,2011-05-19 23:45:31,0
1576,1,2010-07-22 18:26:48,0
1578,1,2011-07-06 15:52:32,0
1579,1,2010-10-29 22:23:28,0
1581,1,2010-09-30 23:19:26,0
1582,1,2010-09-24 18:33:04,0
1583,1,2011-02-04 01:12:54,0
1584,1,2011-02-02 19:24:41,0
1585,1,2010-05-25 15:57:21,0
1586,1,2011-10-27 23:42:18,0
1587,1,2012-07-31 22:45:22,0
1588,1,2012-02-20 18:32:11,0
1589,1,2010-04-21 23:50:40,0
1590,1,2011-01-28 20:31:22,0
1591,1,2012-05-15 16:12:50,0
1592,1,2012-06-05 21:12:47,0
1593,1,2010-09-01 23:03:24,0
1594,1,2010-04-13 17:52:20,0
1595,1,2010-12-10 18:53:14,0
1596,1,2012-03-16 00:39:13,0
1597,1,2010-09-15 19:15:20,0
1598,1,2012-01-26 20:20:22,0
1599,1,2012-02-03 20:25:26,0
1600,1,2011-10-24 17:55:40,0
1601,1,2012-04-03 00:04:30,0
1602,1,2012-03-21 23:50:05,0
1606,1,2011-07-21 17:50:37,0
1607,1,2011-08-30 15:29:11,0
1608,1,2011-11-23 22:05:45,0
1611,1,2011-06-21 23:02:21,0
1611,1,2011-06-21 23:12:11,1
1612,1,2011-04-13 23:00:18,0
1613,1,2010-12-09 23:24:16,0
1614,1,2011-03-11 00:05:06,0
1616,1,2011-05-02 22:06:33,0
1617,1,2010-07-29 15:05:23,0
1618,1,2010-10-19 23:01:02,0
1619,1,2012-04-17 22:16:58,0
1620,1,2012-01-26 20:12:08,0
1621,1,2010-01-16 02:11:07,0
1622,1,2010-12-07 17:25:43,0
1622,1,2010-12-11 00:20:42,1
1623,1,2011-11-08 19:14:01,0
1624,1,2011-06-06 20:44:47,0
1625,1,2010-12-01 23:30:44,0
1626,1,2012-01-11 23:23:12,0
1627,1,2011-11-07 18:21:13,0
1628,1,2011-11-24 19:01:02,0
1629,1,2011-06-22 23:46:54,0
1629,1,2011-06-22 23:47:09,1
1629,1,2011-06-23 20:22:54,1
1630,1,2012-07-30 18:33:42,0
1631,1,2011-01-12 20:12:07,0
1632,1,2012-03-21 20:22:01,0
1633,1,2010-12-21 19:46:50,0
1633,1,2011-01-21 20:51:23,1
1634,1,2012-03-21 22:39:08,0
1635,1,2011-04-05 22:45:31,0
1636,1,2010-12-21 18:42:52,0
1637,1,2011-10-17 23:36:41,0
1638,1,2011-04-26 16:59:23,0
1639,1,2011-09-27 20:32:02,0
1640,1,2010-11-27 01:59:03,0
1641,1,2010-12-27 22:37:45,0
1641,1,2011-01-21 20:58:41,1
1641,1,2011-01-21 20:58:42,1
1642,1,2012-03-13 17:10:15,0
1643,1,2011-08-19 15:17:30,0
1644,1,2011-09-29 15:59:41,0
1645,1,2011-12-21 19:27:32,0
1646,1,2011-12-30 17:07:03,0
1647,1,2011-08-30 22:58:26,0
1648,1,2011-04-28 23:16:01,0
1649,1,2012-05-09 18:56:38,0
1651,1,2011-04-29 20:19:01,0
1652,1,2010-02-10 21:15:48,0
1652,1,2010-02-24 20:20:45,1
1653,1,2012-01-11 01:23:50,0
1654,1,2010-06-08 18:37:21,0
1656,1,2011-09-26 22:01:17,0
1657,1,2010-08-16 18:21:35,0
1659,1,2011-07-04 21:05:45,0
1659,1,2011-07-07 15:59:05,1
1660,1,2012-06-08 15:44:12,0
1661,1,2011-09-20 15:58:32,0
1662,1,2010-10-12 21:11:23,0
1662,1,2010-10-12 21:11:40,1
1665,1,2012-03-07 01:55:53,0
1666,1,2011-10-26 17:45:15,0
1667,1,2011-04-22 16:18:49,0
1668,1,2011-04-06 18:33:43,0
1669,1,2011-11-04 18:55:52,0
1670,1,2010-07-22 23:34:47,0
1672,1,2011-05-10 17:29:13,0
1673,1,2012-04-11 17:39:07,0
1676,1,2010-08-11 17:57:09,3
1677,1,2011-10-14 16:58:19,0
1680,1,2012-02-22 22:01:58,0
1682,1,2012-09-05 16:59:29,0
1683,1,2012-05-03 00:03:14,0
1684,1,2010-07-27 21:54:13,0
1684,1,2010-07-27 22:42:11,1
1685,1,2011-07-20 18:45:57,0
1686,1,2011-12-14 17:03:25,0
1687,1,2012-02-24 17:59:14,0
1688,1,2011-02-16 17:28:16,0
1689,1,2012-04-18 15:07:58,0
1690,1,2012-07-03 22:46:05,0
1692,1,2011-04-21 21:11:22,0
1693,1,2011-05-31 15:18:45,0
1694,1,2010-09-09 20:18:13,0
1695,1,2010-09-16 22:51:37,0
1696,1,2012-07-02 23:40:23,0
1698,1,2012-06-12 16:56:32,0
1699,1,2011-11-30 20:50:45,0
1700,1,2011-08-31 15:49:37,0
1701,1,2010-02-19 20:15:15,0
1701,1,2010-03-05 19:10:46,1
1702,1,2011-11-16 17:32:47,0
1703,1,2010-01-26 23:14:39,0
1705,1,2010-11-10 17:24:06,0
1706,1,2010-11-12 23:59:26,0
1706,1,2010-11-13 00:58:47,1
1707,1,2011-02-10 01:51:30,0
1707,1,2011-02-11 17:48:12,1
1708,1,2012-07-04 15:01:43,0
1710,1,2011-11-28 18:10:22,0
1712,1,2011-09-22 18:18:31,0
1713,1,2010-04-26 17:34:35,0
1714,1,2010-04-23 18:21:12,3
1715,1,2011-10-04 20:39:51,0
1716,1,2011-12-23 18:48:40,0
1717,1,2012-01-16 17:41:16,0
1719,1,2012-01-30 17:04:44,0
1720,1,2010-07-07 22:19:17,0
1721,1,2011-02-10 23:08:55,0
1722,1,2012-07-24 23:33:46,0
1724,1,2011-02-22 00:08:16,0
1725,1,2012-01-23 20:15:33,0
1726,1,2011-11-18 18:05:05,0
1727,1,2011-03-07 20:01:23,0
1728,1,2010-09-02 22:42:45,3
1729,1,2011-07-11 15:20:27,0
1731,1,2011-10-26 17:36:37,0
1732,1,2012-03-29 23:31:13,0
1733,1,2010-10-20 23:17:43,0
1734,1,2011-01-31 23:05:05,0
1736,1,2011-02-09 17:20:39,0
1737,1,2012-06-28 16:42:09,0
1738,1,2011-08-19 16:34:56,0
1739,1,2012-06-28 17:30:10,0
1740,1,2011-02-14 18:09:52,0
1740,1,2011-02-14 18:25:20,1
1741,1,2012-06-13 20:18:23,0
1742,1,2012-04-13 23:35:53,0
1743,1,2012-02-08 18:40:05,0
1744,1,2011-03-02 18:04:01,0
1747,1,2011-11-08 20:02:56,0
1748,1,2011-07-20 23:47:58,0
1749,1,2010-09-20 20:53:44,0
1750,1,2012-05-29 15:04:50,0
1751,1,2012-07-17 20:47:20,0
1752,1,2012-02-09 00:20:25,0
1753,1,2012-03-23 01:35:07,0
1755,1,2010-06-29 18:16:33,0
1755,1,2010-06-29 18:21:16,1
1756,1,2011-07-21 15:46:37,0
1757,1,2010-05-19 16:19:49,0
1758,1,2010-12-22 18:57:47,0
1759,1,2010-09-20 20:43:23,3
1762,1,2012-03-20 17:19:39,0
1763,1,2011-06-17 16:04:48,0
1765,1,2010-12-15 01:30:55,0
1766,1,2010-05-04 15:09:38,0
1767,1,2011-02-25 17:59:36,0
1768,1,2010-01-22 17:17:33,0
1769,1,2012-01-25 19:23:13,0
1770,1,2010-03-26 19:24:51,3
1773,1,2012-01-18 20:26:59,0
1774,1,2010-06-15 18:19:33,3
1774,1,2010-06-15 18:35:33,1
1775,1,2011-07-14 22:27:08,0
1775,1,2011-07-15 15:35:24,1
1778,1,2012-02-15 00:06:51,0
1779,1,2010-10-29 17:46:13,0
1779,1,2010-11-11 17:42:44,1
1780,1,2012-06-06 20:11:22,0
1781,1,2011-12-05 20:39:11,0
1782,1,2010-07-27 16:30:09,0
1783,1,2010-06-30 00:25:00,0
1784,1,2012-03-19 23:57:11,0
1786,1,2010-09-30 15:12:05,0
1787,1,2012-08-01 00:08:12,0
1789,1,2010-03-12 17:05:41,0
1789,1,2010-04-23 15:26:34,1
1790,1,2011-11-05 01:54:52,0
1791,1,2012-08-02 17:16:59,0
1793,1,2011-07-26 16:52:23,0
1794,1,2010-08-05 19:23:48,0
1796,1,2011-10-06 18:33:26,0
1797,1,2012-06-18 20:06:21,0
1798,1,2010-02-04 19:36:44,0
1800,1,2012-04-10 23:26:36,0
1801,1,2012-07-26 23:47:26,0
1802,1,2012-02-24 18:12:34,0
1803,1,2012-03-26 23:15:23,0
1803,1,2012-04-02 23:05:02,1
1804,1,2011-04-15 00:01:20,0
1805,1,2010-12-28 21:04:45,0
1806,1,2010-04-16 15:38:20,0
1807,1,2010-05-17 23:41:17,0
1808,1,2012-05-31 22:59:53,0
1809,1,2010-06-22 17:39:51,0
1810,1,2012-07-11 18:22:51,0
1811,1,2011-12-20 00:02:41,0
1813,1,2012-09-24 16:04:04,0
1815,1,2012-08-07 16:54:51,0
1816,1,2011-06-28 17:26:15,0
1816,1,2011-06-28 17:26:32,1
1817,1,2012-07-31 15:56:57,0
1818,1,2011-10-19 15:40:55,0
1819,1,2011-05-30 23:54:40,0
1820,1,2011-03-14 22:26:57,0
1821,1,2010-05-19 19:05:54,0
1822,1,2011-11-07 19:47:07,0
1824,1,2012-01-10 01:19:22,0
1825,1,2012-03-05 22:42:13,0
1827,1,2011-06-17 18:37:50,0
1829,1,2012-06-04 17:52:48,0
1830,1,2010-11-17 19:33:15,0
1832,1,2010-11-17 01:56:21,0
1833,1,2011-07-14 21:58:16,0
1834,1,2011-02-21 17:25:08,0
1835,1,2012-05-15 15:21:38,0
1836,1,2011-12-14 18:08:02,0
1837,1,2011-07-05 22:25:48,0
1838,1,2011-05-02 15:51:26,0
1839,1,2011-10-18 23:27:11,0
1839,1,2011-10-24 18:39:17,1
1840,1,2011-10-18 18:52:56,0
1840,1,2011-10-18 18:54:34,1
1841,1,2011-05-16 21:57:58,0
1842,1,2012-02-15 20:25:07,0
1844,1,2012-07-09 18:59:03,0
1845,1,2011-05-04 23:43:46,0
1846,1,2011-03-08 22:22:42,0
1847,1,2012-04-13 00:00:08,0
1849,1,2010-09-03 16:36:48,0
1850,1,2010-05-27 23:09:54,0
1851,1,2010-06-01 20:56:49,0
1852,1,2012-03-02 18:27:06,0
1853,1,2010-05-17 16:15:30,0
1854,1,2012-07-13 16:48:25,0
1855,1,2011-10-12 17:07:17,3
1856,1,2012-06-06 15:08:28,0
1857,1,2012-02-21 20:15:35,0
1859,1,2010-08-05 17:21:29,0
1861,1,2011-03-15 22:47:49,0
1861,1,2011-03-15 23:10:13,1
1862,1,2011-07-12 16:20:02,0
1863,1,2010-10-26 16:21:52,0
1864,1,2010-10-01 20:38:26,0
1865,1,2011-04-27 23:28:04,0
1866,1,2011-01-25 20:52:19,0
1867,1,2011-05-19 21:32:59,0
1870,1,2012-02-09 00:06:37,0
1871,1,2012-05-07 23:01:23,0
1872,1,2010-06-10 18:43:14,0
1873,1,2012-05-15 21:07:50,0
1875,1,2012-03-06 20:27:24,0
1876,1,2012-03-08 22:25:05,0
1877,1,2011-04-21 18:10:09,0
1878,1,2012-03-23 20:03:16,0
1879,1,2010-09-01 23:44:25,0
1880,1,2012-07-24 23:37:47,0
1881,1,2010-07-08 15:59:13,0
1883,1,2011-02-15 19:09:26,0
1885,1,2012-06-20 23:06:43,0
1886,1,2012-07-10 17:22:12,0
1887,1,2012-08-30 23:52:54,0
1889,1,2010-12-28 22:43:35,0
1890,1,2012-02-22 00:30:55,0
1891,1,2010-12-20 19:06:34,0
1893,1,2011-11-16 19:52:43,0
1895,1,2011-07-05 23:20:57,0
1896,1,2011-02-11 00:59:50,0
1897,1,2011-02-17 01:53:55,0
1898,1,2012-05-14 22:37:56,0
1899,1,2010-10-01 22:10:03,0
1902,1,2012-05-28 23:41:34,0
1904,1,2010-04-19 15:56:52,0
1905,1,2011-10-10 18:41:14,0
1906,1,2010-11-11 01:25:30,0
1907,1,2010-02-25 18:43:58,0
1908,1,2012-04-20 16:41:51,0
1909,1,2011-12-01 00:31:25,0
1910,1,2012-01-10 17:29:10,0
1911,1,2011-05-31 21:33:21,0
1912,1,2012-04-11 20:48:44,0
1913,1,2011-09-30 15:11:22,0
1914,1,2012-02-23 19:43:05,0
1917,1,2011-08-05 17:46:14,0
1919,1,2010-10-05 23:12:52,0
1920,1,2012-07-05 21:33:19,0
1921,1,2011-09-27 15:22:07,0
1922,1,2012-07-17 15:15:53,0
1923,1,2010-07-08 16:44:15,0
1925,1,2010-08-23 21:41:07,0
1926,1,2011-03-31 18:09:07,0
1927,1,2011-11-04 17:33:34,0
1928,1,2010-08-30 18:51:01,0
1929,1,2010-11-04 22:44:35,0
1929,1,2010-11-11 21:12:27,1
1930,1,2010-07-14 21:00:15,0
1931,1,2012-01-18 18:45:57,0
1932,1,2011-06-23 16:19:09,0
1932,1,2011-06-23 16:19:25,1
1933,1,2011-05-02 20:36:14,0
1934,1,2011-06-24 18:11:39,0
1935,1,2011-01-29 01:09:24,0
1936,1,2011-06-28 22:36:57,0
1936,1,2011-06-28 22:38:34,1
1937,1,2011-05-19 18:01:16,0
1938,1,2012-02-25 01:46:31,0
1939,1,2011-08-29 22:07:12,0
1939,1,2011-09-05 17:01:59,1
1940,1,2011-04-27 18:26:16,0
1941,1,2010-01-19 18:11:08,0
1942,1,2011-02-15 19:21:12,0
1943,1,2011-04-12 22:46:03,0
1944,1,2012-03-23 18:57:46,0
1945,1,2011-07-26 15:17:03,0
1945,1,2011-07-26 15:34:08,1
1946,1,2012-09-07 20:34:58,0
1947,1,2010-11-10 00:08:43,0
1947,1,2010-11-10 00:09:17,1
1948,1,2011-01-25 01:04:35,0
1948,1,2011-01-27 17:02:12,1
1949,1,2011-12-30 20:22:59,0
1950,1,2012-05-28 23:06:24,0
1951,1,2011-04-27 16:10:37,0
1952,1,2011-11-15 23:02:56,0
1953,1,2010-08-24 23:33:51,0
1954,1,2011-01-18 23:21:08,0
1955,1,2012-05-10 20:22:34,0
1956,1,2011-08-23 23:25:49,0
1958,1,2011-10-14 22:16:34,0
1958,1,2011-10-14 22:17:42,1
1959,1,2010-04-28 16:08:10,0
1960,1,2012-05-08 18:11:06,0
1962,1,2012-07-18 23:14:55,0
1963,1,2012-02-07 19:39:35,0
1964,1,2010-11-25 18:01:29,0
1965,1,2012-01-09 20:16:03,3
1966,1,2011-10-14 18:40:54,0
1967,1,2012-01-30 20:18:17,0
1968,1,2012-08-10 15:02:22,0
1969,1,2011-03-22 17:19:19,0
1970,1,2011-09-12 17:53:36,0
1971,1,2011-02-24 19:30:07,0
1972,1,2012-06-12 21:48:21,0
1973,1,2010-06-04 15:30:00,3
1974,1,2012-05-30 00:01:41,0
1976,1,2010-11-26 02:14:50,0
1977,1,2012-06-11 18:37:41,0
1979,1,2012-05-22 15:25:24,0
1981,1,2010-04-14 17:07:44,0
1981,1,2010-05-05 00:10:29,1
1982,1,2012-04-20 20:01:58,0
1983,1,2011-11-03 22:17:12,0
1984,1,2011-12-03 00:16:25,0
1985,1,2010-04-12 15:42:44,0
1986,1,2011-02-15 20:45:09,0
1988,1,2012-06-06 20:06:21,0
1989,1,2010-09-09 23:31:44,0
1989,1,2010-09-10 23:17:41,1
1989,1,2010-09-10 23:17:48,1
1990,1,2012-02-24 22:58:55,0
1991,1,2011-06-13 18:04:38,0
1992,1,2012-05-21 21:13:37,0
1993,1,2012-03-13 19:51:18,0
1994,1,2012-07-09 23:44:06,0
1995,1,2012-04-03 15:50:37,0
1996,1,2010-11-20 00:49:35,0
1997,1,2011-03-31 16:52:31,0
1998,1,2012-05-24 23:21:58,0
1999,1,2012-06-28 16:58:41,0
2000,1,2011-11-28 17:12:10,0
2001,1,2010-03-29 18:16:26,0
2002,1,2012-05-14 17:34:55,0
2003,1,2011-05-23 16:09:43,0
2004,1,2010-02-26 19:32:49,0
2005,1,2010-04-14 23:27:29,0
2006,1,2010-02-25 01:03:18,0
2008,1,2011-11-03 19:27:56,0
2009,1,2011-09-22 15:32:29,0
2010,1,2011-07-04 21:07:32,0
2011,1,2010-10-11 20:41:13,0
2011,1,2010-10-11 20:45:40,1
2012,1,2012-07-26 20:25:06,0
2014,1,2012-06-07 15:09:55,0
2015,1,2011-05-18 16:15:16,0
2016,1,2010-11-25 02:28:54,0
2017,1,2011-09-22 15:37:00,0
2018,1,2011-06-13 15:29:16,0
2019,1,2011-05-13 21:03:21,0
2020,1,2010-04-20 22:27:40,0
2023,1,2012-01-21 01:59:27,0
2024,1,2012-06-08 16:14:40,0
2025,1,2012-01-12 17:34:21,0
2026,1,2012-01-10 20:15:26,0
2027,1,2012-01-26 22:21:51,0
2028,1,2010-11-20 01:35:55,0
2029,1,2012-07-24 23:44:05,0
2030,1,2012-03-22 20:22:09,0
2031,1,2011-09-14 15:53:47,0
2032,1,2012-03-21 01:01:36,0
2033,1,2010-04-01 16:57:16,0
2034,1,2012-01-23 19:22:19,0
2036,1,2011-12-14 22:16:35,0
2038,1,2011-02-22 17:56:09,0
2039,1,2012-03-20 00:21:39,0
2040,1,2011-08-19 16:57:19,0
2041,1,2011-06-29 17:58:28,0
2042,1,2010-09-14 16:33:10,0
2043,1,2012-01-10 18:43:19,0
2044,1,2012-02-21 01:56:42,0
2045,1,2010-10-27 00:01:15,0
2046,1,2012-01-03 20:08:05,0
2047,1,2012-04-24 20:20:01,0
2048,1,2011-01-24 18:59:18,0
2049,1,2012-01-05 20:17:06,0
2051,1,2010-07-23 23:38:41,0
2052,1,2011-10-11 23:18:25,0
2053,1,2010-06-21 17:29:55,3
2054,1,2011-02-25 19:22:00,0
2055,1,2011-09-21 18:00:24,3
2056,1,2011-07-07 23:57:27,0
2057,1,2010-06-16 18:01:50,0
2058,1,2010-06-30 16:47:23,0
2060,1,2012-02-17 01:21:10,0
2061,1,2012-07-16 16:04:52,0
2063,1,2012-01-12 20:53:59,0
2064,1,2011-09-20 15:22:47,0
2065,1,2011-05-19 22:32:10,0
2066,1,2012-07-04 15:04:38,0
2067,1,2010-08-04 20:48:06,0
2069,1,2011-04-28 21:20:32,0
2070,1,2012-03-07 22:41:22,0
2071,1,2011-11-07 22:47:18,0
2072,1,2010-03-24 00:08:15,3
2073,1,2012-05-11 18:14:50,0
2074,1,2012-08-02 16:59:07,0
2075,1,2011-04-26 22:58:53,0
2076,1,2011-10-07 17:36:51,0
2077,1,2011-03-02 20:40:25,0
2078,1,2012-07-17 18:48:11,0
2079,1,2011-12-23 17:04:03,0
2080,1,2012-07-23 15:31:01,0
2082,1,2011-05-10 22:52:23,0
2084,1,2012-06-11 21:00:07,0
2085,1,2012-04-10 17:14:39,0
2086,1,2010-09-10 00:07:02,0
2086,1,2010-09-13 21:44:08,1
2087,1,2011-12-21 20:24:41,0
2088,1,2010-02-04 19:37:45,0
2089,1,2011-01-24 17:35:38,0
2089,1,2011-01-25 19:18:18,1
2091,1,2011-07-18 17:45:19,0
2094,1,2011-02-21 17:38:13,0
2095,1,2012-07-09 19:00:44,0
2096,1,2012-07-30 18:53:43,0
2097,1,2012-08-31 18:38:20,0
2098,1,2011-11-04 01:38:17,0
2099,1,2011-09-08 21:55:12,0
2100,1,2012-02-29 01:46:09,0
2101,1,2010-11-03 01:29:08,0
2102,1,2010-09-29 20:37:40,0
2102,1,2010-09-30 15:15:34,1
2106,1,2010-03-26 22:32:37,3
2107,1,2010-09-17 20:34:12,0
2107,1,2010-09-17 21:03:25,1
2109,1,2011-10-17 18:49:36,0
2110,1,2011-06-22 16:37:12,0
2110,1,2011-06-22 16:37:23,1
2111,1,2011-10-12 22:21:19,0
2113,1,2011-12-06 00:58:29,0
2114,1,2010-05-12 22:42:07,0
2115,1,2010-12-29 17:23:43,0
2116,1,2012-01-11 19:54:53,0
2118,1,2010-01-14 18:52:50,0
2119,1,2010-04-16 15:40:38,0
2120,1,2011-10-06 16:41:22,0
2122,1,2011-05-09 15:28:16,0
2124,1,2012-07-25 17:42:11,0
2127,1,2011-09-14 15:59:06,0
2128,1,2012-05-29 20:48:50,0
2129,1,2011-11-08 19:02:43,0
2130,1,2012-01-24 00:26:10,0
2131,1,2010-02-08 20:02:38,0
2132,1,2011-11-11 19:42:41,0
2133,1,2011-10-07 21:00:53,0
2135,1,2011-10-12 18:12:31,0
2136,1,2010-05-27 16:58:21,0
2136,1,2010-06-04 21:07:18,1
2137,1,2011-02-14 23:28:41,3
2138,1,2010-04-28 23:34:06,0
2139,1,2012-06-12 15:09:33,0
2140,1,2012-02-03 18:48:39,0
2144,1,2011-01-13 20:40:05,0
2145,1,2011-01-26 20:07:06,0
2146,1,2011-06-07 15:38:10,0
2147,1,2011-06-20 22:24:05,0
2148,1,2012-01-20 01:49:48,0
2149,1,2011-02-28 18:49:15,0
2150,1,2012-02-22 22:04:23,0
2151,1,2011-06-29 17:41:01,0
2153,1,2010-07-14 15:37:02,3
2154,1,2011-09-22 17:29:01,0
2155,1,2010-09-17 21:09:36,0
2158,1,2011-12-12 18:25:28,0
2159,1,2010-09-07 17:05:25,3
2159,1,2010-09-07 17:10:55,1
2159,1,2010-09-07 22:16:33,1
2160,1,2012-06-12 17:55:17,0
2161,1,2011-06-21 22:43:11,0
2161,1,2011-06-21 22:43:35,1
2162,1,2011-04-18 15:20:44,0
2164,1,2012-01-24 01:00:52,0
2165,1,2010-10-05 23:38:26,0
2166,1,2011-08-30 22:57:04,0
2167,1,2012-07-31 22:49:54,0
2169,1,2010-09-14 00:24:21,0
2170,1,2011-12-27 19:18:12,0
2171,1,2012-07-06 22:12:41,0
2173,1,2010-04-21 20:38:40,0
2174,1,2012-05-04 18:53:10,0
2175,1,2010-07-01 15:29:35,0
2178,1,2011-10-05 22:48:52,0
2179,1,2011-09-20 16:01:13,0
2180,1,2011-11-30 19:37:46,0
2181,1,2010-09-20 17:27:59,0
2182,1,2011-04-21 18:26:06,0
2184,1,2011-01-13 20:48:42,0
2185,1,2011-04-14 17:56:19,0
2186,1,2010-11-24 01:27:19,0
2187,1,2012-08-03 18:51:57,0
2188,1,2012-06-20 15:55:26,0
2189,1,2011-05-04 18:42:52,0
2190,1,2011-06-14 15:28:48,0
2192,1,2011-12-16 17:00:38,0
2193,1,2012-05-17 17:52:24,0
2194,1,2012-06-29 15:56:26,0
2195,1,2011-10-21 21:16:09,0
2196,1,2011-01-19 02:07:06,0
2198,1,2011-09-27 21:56:53,0
2199,1,2010-03-30 17:06:52,0
2200,1,2012-01-11 19:21:48,0
2202,1,2012-04-24 21:28:31,0
2204,1,2011-07-04 17:41:47,0
2205,1,2010-07-09 23:23:19,0
2206,1,2010-05-11 17:41:45,0
2206,1,2010-05-19 22:04:49,1
2206,1,2010-05-24 21:00:45,1
2207,1,2011-02-16 00:52:20,0
2208,1,2010-05-20 18:00:50,0
2209,1,2011-03-25 20:27:35,0
2212,1,2011-08-02 16:18:36,0
2213,1,2011-03-02 01:48:41,0
2214,1,2012-07-20 18:11:44,0
2216,1,2011-11-26 00:20:40,0
2217,1,2011-04-19 20:31:55,0
2218,1,2011-04-18 18:50:49,0
2220,1,2012-08-09 16:26:28,0
2221,1,2010-10-04 16:40:56,0
2222,1,2010-09-09 23:42:47,0
2223,1,2010-11-15 22:29:45,0
2224,1,2012-02-13 17:38:59,0
2225,1,2012-06-20 23:16:29,0
2225,1,2012-06-20 23:16:42,1
2226,1,2012-04-03 22:48:43,0
2227,1,2012-08-02 22:52:30,0
2230,1,2011-11-28 23:08:58,0
2231,1,2011-05-27 23:21:12,0
2233,1,2010-10-29 15:21:13,0
2234,1,2011-12-30 17:56:55,0
2235,1,2010-10-22 15:27:19,0
2237,1,2012-07-30 16:25:51,0
2238,1,2011-07-29 21:04:45,0
2240,1,2012-07-04 15:10:03,0
2241,1,2012-06-26 21:14:17,0
2242,1,2012-04-23 23:07:23,0
2243,1,2010-11-27 02:04:06,0
2244,1,2012-03-12 19:47:50,0
2246,1,2011-09-08 15:42:42,0
2247,1,2012-02-08 19:57:39,0
2248,1,2011-12-22 01:16:13,0
2249,1,2010-04-30 17:41:37,3
2250,1,2012-07-27 21:18:51,0
2251,1,2011-09-30 18:02:42,0
2252,1,2012-01-23 19:59:21,0
2254,1,2010-09-22 22:53:46,0
2255,1,2012-01-27 01:27:22,0
2256,1,2012-08-08 16:14:19,0
2257,1,2011-11-11 23:59:28,0
2258,1,2012-06-15 00:01:33,0
2259,1,2012-07-25 22:47:47,3
2260,1,2011-09-28 18:02:41,0
2261,1,2012-01-28 00:25:30,0
2262,1,2012-01-19 20:18:45,0
2263,1,2011-03-22 20:02:38,0
2263,1,2011-03-22 20:06:02,1
2264,1,2011-10-04 17:10:13,0
2265,1,2011-03-30 20:09:42,0
2265,1,2011-03-30 21:14:34,1
2265,1,2011-03-30 21:14:35,1
2266,1,2010-04-08 18:05:38,0
2269,1,2011-03-25 22:40:45,0
2270,1,2011-10-10 21:39:46,0
2271,1,2010-08-26 15:37:12,0
2272,1,2010-05-28 20:56:25,0
2272,1,2010-05-28 22:01:50,1
2273,1,2012-05-10 22:58:37,0
2274,1,2010-12-17 19:29:53,0
2275,1,2011-03-14 22:15:57,0
2276,1,2012-06-13 20:15:11,0
2277,1,2012-02-13 18:45:02,0
2278,1,2011-09-27 21:05:25,0
2278,1,2011-09-28 23:27:46,1
2280,1,2010-10-01 16:44:58,0
2281,1,2011-06-16 17:08:59,0
2281,1,2011-06-16 17:09:21,1
2281,1,2011-06-20 16:45:53,1
2281,1,2011-06-21 23:46:47,1
2282,1,2010-03-17 17:21:44,0
2283,1,2010-10-26 23:48:07,0
2284,1,2011-04-14 23:37:05,0
2284,1,2011-04-14 23:37:25,1
2286,1,2012-01-18 17:08:50,0
2287,1,2011-05-16 21:00:46,0
2288,1,2010-05-17 16:17:52,0
2289,1,2010-12-20 17:34:57,0
2291,1,2011-01-13 01:35:03,0
2292,1,2010-03-25 23:46:37,0
2293,1,2012-06-12 22:16:44,0
2294,1,2011-06-29 20:30:31,0
2295,1,2011-02-22 18:20:32,0
2296,1,2012-08-07 17:48:10,0
2297,1,2010-03-10 17:31:20,3
2298,1,2010-07-15 15:26:13,0
2299,1,2010-07-08 18:47:06,0
2301,1,2010-05-11 21:28:20,0
2303,1,2012-02-01 20:36:49,0
2304,1,2011-11-15 23:16:32,0
2305,1,2011-03-31 22:11:12,0
2306,1,2011-10-13 22:10:50,0
2307,1,2010-08-03 14:59:33,0
2309,1,2010-07-14 20:59:42,0
2309,1,2010-07-16 17:38:44,1
2310,1,2010-11-19 01:26:02,0
2311,1,2011-02-16 22:36:14,0
2312,1,2011-03-24 00:46:29,0
2313,1,2012-06-12 22:09:03,0
2314,1,2011-01-04 01:04:29,0
2316,1,2011-07-05 17:10:36,0
2316,1,2011-07-05 18:03:00,1
2317,1,2012-02-22 18:16:18,0
2318,1,2012-06-18 20:37:57,0
2319,1,2010-10-01 21:48:25,0
2320,1,2010-05-13 16:52:29,0
2321,1,2010-03-11 23:37:20,0
2323,1,2012-02-07 01:00:58,0
2324,1,2011-09-19 15:11:11,0
2325,1,2010-04-26 18:23:11,0
2326,1,2012-03-28 23:37:11,0
2327,1,2011-10-04 20:30:28,0
2329,1,2010-04-27 20:55:56,0
2331,1,2011-01-10 22:32:55,0
2331,1,2011-01-11 00:15:39,1
2332,1,2011-04-06 23:38:51,0
2333,1,2011-06-14 15:10:03,0
2334,1,2011-09-12 16:31:36,0
2336,1,2010-09-14 00:04:48,0
2337,1,2011-01-17 20:16:15,0
2337,1,2011-01-27 17:35:28,1
2338,1,2010-06-29 23:45:01,0
2339,1,2010-07-30 18:34:39,0
2340,1,2010-05-17 17:05:53,0
2341,1,2011-06-07 22:56:36,0
2342,1,2012-07-30 20:51:36,0
2343,1,2011-08-01 15:58:51,0
2344,1,2012-03-05 19:08:35,0
2345,1,2011-07-27 23:46:01,0
2345,1,2011-08-10 20:43:32,1
2345,1,2011-08-10 20:43:33,1
2347,1,2012-07-26 20:10:25,0
2349,1,2010-07-02 18:21:00,0
2350,1,2012-02-03 17:24:42,0
2351,1,2011-07-25 21:48:43,0
2352,1,2011-04-05 00:02:15,0
2353,1,2011-10-25 15:55:45,0
2354,1,2011-02-02 00:57:39,0
2354,1,2011-02-16 01:53:07,1
2355,1,2011-01-21 20:48:01,0
2357,1,2012-03-15 00:47:10,0
2358,1,2012-02-24 22:54:58,0
2359,1,2010-09-07 16:41:57,0
2360,1,2011-06-27 22:49:46,0
2360,1,2011-06-27 22:50:04,1
2361,1,2011-03-08 22:02:09,0
2363,1,2011-11-18 22:23:27,0
2364,1,2011-06-15 15:38:09,0
2365,1,2012-02-27 17:20:34,0
2366,1,2012-05-28 20:28:05,0
2367,1,2012-08-08 22:34:59,0
2369,1,2010-02-26 00:07:33,0
2370,1,2010-07-01 21:44:31,0
2371,1,2011-11-10 18:08:51,0
2372,1,2011-11-29 18:07:41,0
2373,1,2011-02-14 20:31:16,0
2373,1,2011-02-14 20:33:58,1
2374,1,2012-07-30 21:28:52,0
2376,1,2011-05-06 17:31:55,0
2377,1,2010-03-19 23:44:32,0
2378,1,2011-10-14 15:55:38,0
2379,1,2011-04-14 17:22:00,0
2380,1,2012-09-18 23:18:05,0
2382,1,2012-02-10 01:39:09,0
2383,1,2010-02-19 19:58:32,0
2384,1,2011-02-22 01:15:51,0
2385,1,2011-01-18 23:22:33,0
2386,1,2012-07-25 23:36:51,0
2388,1,2012-07-30 16:46:09,0
2389,1,2010-06-22 22:14:52,3
2390,1,2012-08-02 23:27:02,0
2392,1,2010-12-20 22:55:14,0
2393,1,2011-02-02 22:36:09,0
2394,1,2012-01-20 01:15:37,0
2395,1,2010-03-19 20:56:16,0
2396,1,2011-08-22 20:17:17,0
2397,1,2012-02-20 18:28:55,0
2401,1,2011-08-02 21:56:04,0
2402,1,2011-06-22 17:50:36,0
2402,1,2011-06-22 17:50:54,1
2403,1,2012-09-03 23:57:19,0
2405,1,2010-08-20 21:14:31,0
2406,1,2011-09-19 17:38:34,0
2407,1,2011-07-20 23:06:23,0
2408,1,2010-11-09 02:19:17,0
2409,1,2012-03-20 00:20:19,0
2410,1,2010-03-19 21:00:02,0
2411,1,2010-06-01 20:50:06,0
2412,1,2010-05-17 18:24:09,0
2413,1,2010-11-26 17:26:39,0
2414,1,2011-02-10 18:57:57,0
2415,1,2012-07-30 23:45:09,0
2416,1,2012-03-27 15:41:46,0
2418,1,2010-05-12 23:25:46,3
2419,1,2012-07-04 16:24:31,0
2420,1,2011-09-29 16:48:35,0
2421,1,2012-04-11 20:30:26,0
2422,1,2010-11-25 01:43:48,0
2423,1,2010-05-24 21:04:42,0
2424,1,2011-02-08 22:27:37,0
2425,1,2011-02-17 23:12:40,0
2426,1,2011-12-01 23:53:47,0
2427,1,2011-09-27 20:27:13,0
2428,1,2010-07-08 15:36:51,0
2429,1,2012-02-10 18:55:04,0
2430,1,2011-09-05 15:01:56,0
2431,1,2012-08-14 21:15:22,0
2433,1,2011-11-16 20:22:44,0
2434,1,2011-10-06 22:37:06,0
2435,1,2011-01-12 22:30:57,0
2437,1,2010-12-06 17:28:17,0
2438,1,2010-03-10 00:22:22,0
2439,1,2010-07-12 15:04:58,0
2440,1,2012-07-30 18:06:52,0
2441,1,2010-02-02 18:49:41,0
2441,1,2010-02-16 00:57:27,1
2442,1,2011-06-14 20:59:43,0
2443,1,2010-07-23 21:17:14,0
2444,1,2010-10-19 21:40:30,0
2445,1,2010-09-22 18:13:17,3
2446,1,2010-09-09 15:42:54,0
2449,1,2012-01-13 17:29:50,0
2450,1,2011-07-19 17:30:46,0
2453,1,2010-04-26 18:19:07,0
2454,1,2012-05-09 21:29:20,0
2455,1,2012-08-13 18:45:48,0
2456,1,2011-10-13 21:46:42,0
2457,1,2010-07-01 23:36:15,0
2459,1,2011-03-01 21:01:39,0
2460,1,2010-06-09 18:21:29,0
2461,1,2012-01-31 00:40:16,0
2462,1,2012-06-12 22:40:35,0
2463,1,2011-08-05 00:10:09,0
2464,1,2010-08-03 18:36:31,3
2467,1,2010-06-03 17:42:28,0
2468,1,2011-02-24 22:22:01,0
2469,1,2011-11-07 17:21:25,0
2470,1,2011-05-25 16:16:11,0
2471,1,2011-05-11 16:07:26,0
2472,1,2012-03-05 22:50:30,0
2474,1,2012-07-31 22:40:19,0
2475,1,2010-07-30 17:39:10,0
2477,1,2012-01-11 20:46:46,0
2478,1,2011-11-29 22:30:12,0
2479,1,2012-06-25 17:13:24,0
2480,1,2011-02-23 02:18:48,0
2482,1,2012-03-20 23:22:08,0
2483,1,2010-10-22 18:32:36,0
2484,1,2012-07-11 23:41:44,0
2485,1,2012-01-12 17:31:38,0
2486,1,2010-08-05 15:02:16,0
2487,1,2012-06-08 16:30:54,0
2488,1,2011-02-15 19:01:55,0
2489,1,2012-07-20 18:15:16,0
2491,1,2012-07-26 18:50:31,0
2493,1,2012-07-24 15:18:46,0
2494,1,2011-11-23 19:14:26,0
2495,1,2011-06-01 17:03:31,0
2496,1,2011-11-10 18:31:55,0
2497,1,2012-07-18 23:21:27,0
2500,1,2010-09-14 20:39:06,0
2501,1,2010-07-12 17:22:24,0
2501,1,2010-07-12 21:24:12,1
2502,1,2010-02-23 19:41:22,0
2503,1,2011-01-03 18:47:14,0
2504,1,2012-09-05 22:46:51,0
2505,1,2011-03-01 20:06:21,0
2505,1,2011-03-02 00:36:41,1
2506,1,2011-06-23 23:15:37,0
2506,1,2011-06-23 23:16:19,1
2507,1,2010-05-18 18:49:46,0
2509,1,2011-11-03 22:13:40,0
2510,1,2011-08-05 21:22:11,0
2511,1,2012-05-24 18:43:15,0
2513,1,2010-10-14 17:22:36,0
2515,1,2011-12-27 20:01:06,0
2516,1,2012-01-26 00:31:37,0
2517,1,2011-10-13 17:15:43,0
2518,1,2012-01-28 00:16:04,0
2519,1,2011-02-17 17:31:22,0
2520,1,2010-10-21 15:52:10,0
2521,1,2012-05-24 23:27:12,0
2523,1,2011-10-07 16:38:22,0
2523,1,2011-10-11 23:19:02,1
2524,1,2010-11-15 22:56:16,0
2524,1,2010-11-18 02:00:31,1
2525,1,2011-12-28 00:54:21,0
2525,1,2011-12-28 00:54:39,1
2525,1,2011-12-28 00:54:40,1
2526,1,2011-09-21 23:52:43,0
2527,1,2011-01-14 20:24:59,0
2527,1,2011-01-14 20:35:55,1
2528,1,2012-01-16 17:42:54,0
2529,1,2010-12-03 22:36:26,0
2531,1,2011-11-04 17:21:54,0
2532,1,2012-07-17 17:04:48,0
2533,1,2012-05-14 22:36:46,0
2534,1,2012-07-31 20:14:10,0
2535,1,2012-02-14 19:07:04,0
2536,1,2012-05-16 15:38:34,0
2537,1,2011-02-10 20:41:08,0
2538,1,2012-01-16 19:55:42,0
2539,1,2012-07-20 16:01:43,0
2540,1,2010-11-08 20:08:14,0
2542,1,2012-01-18 19:12:13,0
2543,1,2010-12-03 20:16:36,0
2544,1,2010-05-27 16:49:02,3
2544,1,2010-06-11 18:55:21,1
2545,1,2011-09-12 20:20:43,0
2546,1,2012-02-27 22:17:56,0
2547,1,2010-11-09 00:38:27,0
2548,1,2010-11-11 01:59:41,0
2549,1,2012-07-26 18:03:30,0
2551,1,2012-03-27 23:33:09,0
2552,1,2011-12-30 01:54:08,0
2553,1,2011-06-27 18:29:42,0
2553,1,2011-06-27 18:30:01,1
2554,1,2012-02-02 23:28:02,0
2556,1,2012-02-01 20:57:24,0
2557,1,2011-05-09 21:00:19,0
2559,1,2010-02-19 19:40:25,0
2559,1,2010-02-19 19:40:36,1
2560,1,2010-08-05 18:35:47,0
2561,1,2010-08-17 17:30:17,0
2562,1,2010-05-28 17:00:17,3
2562,1,2010-05-29 00:02:49,1
2563,1,2010-11-16 23:32:05,0
2564,1,2010-09-03 16:07:04,0
2565,1,2010-10-20 23:52:43,0
2566,1,2012-03-26 18:38:38,0
2567,1,2011-04-19 17:33:26,0
2568,1,2012-02-08 17:53:51,0
2570,1,2010-03-25 20:44:07,0
2572,1,2012-05-31 16:32:54,0
2573,1,2012-06-07 15:13:11,0
2574,1,2011-06-30 15:40:13,0
2574,1,2011-06-30 15:52:02,1
2575,1,2012-07-23 16:21:01,0
2576,1,2012-04-16 15:01:55,0
2578,1,2010-07-26 22:05:38,0
2578,1,2010-07-29 21:07:07,1
2579,1,2012-06-28 17:55:57,0
2580,1,2012-01-16 23:41:48,0
2582,1,2012-06-20 23:53:32,0
2583,1,2010-11-26 00:04:12,0
2583,1,2010-11-27 02:00:38,1
2584,1,2012-05-07 21:00:47,0
2586,1,2012-06-12 22:27:54,0
2587,1,2011-03-31 15:32:27,0
2588,1,2011-05-12 16:39:52,0
2589,1,2011-02-03 21:00:23,0
2590,1,2010-06-11 16:51:44,3
2592,1,2012-07-26 23:31:51,0
2594,1,2011-06-28 20:43:51,0
2594,1,2011-06-28 20:44:06,1
2595,1,2012-03-20 20:11:45,0
2597,1,2011-04-19 22:21:57,0
2600,1,2012-05-07 17:03:54,0
2601,1,2011-09-28 22:22:51,0
2602,1,2012-02-01 00:04:47,0
2603,1,2012-09-20 18:32:58,0
2604,1,2011-12-09 23:06:25,0
2605,1,2010-07-02 19:01:32,0
2606,1,2012-03-16 01:00:08,0
2607,1,2012-08-21 16:46:41,0
2608,1,2011-09-20 20:15:42,0
2609,1,2012-08-08 21:57:31,0
2610,1,2011-04-27 23:22:08,0
2612,1,2012-04-12 15:51:53,0
2615,1,2012-03-14 01:44:46,0
2617,1,2012-05-18 16:25:23,0
2618,1,2012-05-28 22:43:52,0
2619,1,2010-03-17 22:29:20,0
2621,1,2011-10-06 23:59:17,0
2623,1,2012-05-21 16:06:07,0
2624,1,2010-04-21 23:25:43,0
2624,1,2010-04-28 23:23:31,1
2626,1,2012-01-18 19:11:05,0
2627,1,2011-12-20 23:16:22,0
2628,1,2012-07-03 16:20:56,0
2629,1,2010-11-25 18:15:52,0
2630,1,2012-04-10 17:15:05,0
2632,1,2011-04-14 22:55:28,0
2633,1,2010-11-12 23:35:54,0
2634,1,2012-08-02 22:58:56,0
2635,1,2010-02-16 19:57:56,0
2636,1,2010-07-28 23:18:53,0
2636,1,2010-08-27 15:29:53,1
2637,1,2012-03-13 16:59:04,0
2638,1,2010-05-25 15:50:22,0
2639,1,2010-06-28 17:40:43,0
2640,1,2011-08-19 18:33:10,0
2641,1,2012-06-05 23:51:48,0
2642,1,2012-02-20 19:03:08,0
2645,1,2011-06-27 18:13:11,0
2645,1,2011-06-27 18:13:33,1
2646,1,2011-05-20 17:40:32,0
2647,1,2010-09-23 18:45:47,0
2648,1,2012-04-16 15:12:34,0
2649,1,2010-05-26 16:16:03,0
2649,1,2010-05-26 16:16:42,1
2649,1,2010-05-26 16:16:42,1
2650,1,2010-09-17 22:43:40,3
2651,1,2011-06-13 17:35:25,0
2652,1,2011-01-12 00:04:50,0
2653,1,2011-09-15 16:54:26,0
2654,1,2011-12-21 20:06:07,0
2655,1,2011-05-18 15:33:26,0
2656,1,2012-06-26 18:58:41,0
2657,1,2011-05-11 21:19:23,0
2658,1,2010-11-17 19:26:38,0
2660,1,2011-03-25 19:09:15,0
2661,1,2011-11-15 17:54:38,0
2662,1,2010-12-03 01:39:04,0
2663,1,2012-01-20 18:24:58,0
2664,1,2010-02-19 18:26:26,0
2669,1,2012-02-03 19:54:21,0
2670,1,2011-02-16 23:45:11,0
2671,1,2010-05-21 15:33:57,0
2672,1,2012-01-27 01:36:18,0
2673,1,2010-05-04 18:04:02,0
2675,1,2011-06-06 16:25:39,0
2677,1,2012-05-14 16:35:51,0
2678,1,2011-12-22 19:17:15,0
2679,1,2011-03-11 19:41:44,0
2680,1,2010-03-10 17:51:50,0
2682,1,2011-04-01 21:13:58,0
2683,1,2010-03-23 01:54:42,0
2684,1,2012-07-27 23:53:29,0
2684,1,2012-07-27 23:53:47,1
2684,1,2012-07-27 23:53:47,1
2685,1,2011-05-20 18:04:57,0
2687,1,2012-03-20 00:35:18,0
2688,1,2012-06-05 23:47:14,0
2689,1,2012-05-31 20:12:52,0
2690,1,2012-04-11 00:03:47,0
2691,1,2012-05-08 16:05:48,0
2692,1,2011-05-13 20:41:01,0
2693,1,2010-05-03 20:36:18,0
2694,1,2011-06-08 15:24:05,0
2696,1,2011-10-20 16:53:21,0
2697,1,2012-03-02 01:21:45,0
2698,1,2011-11-30 18:49:05,0
2699,1,2011-04-18 18:39:50,0
2701,1,2011-03-29 17:26:08,0
2702,1,2010-09-06 23:22:19,0
2703,1,2011-02-02 16:58:41,0
2704,1,2011-02-02 22:50:31,0
2705,1,2012-04-12 16:17:59,0
2706,1,2010-06-11 15:34:41,0
2707,1,2011-03-25 22:57:37,0
2707,1,2011-03-25 22:58:07,1
2708,1,2011-09-16 16:48:49,0
2709,1,2010-11-16 23:30:13,0
2710,1,2011-04-26 22:43:59,0
2711,1,2012-04-03 17:39:47,0
2712,1,2010-03-10 17:50:17,0
2713,1,2012-09-24 18:34:04,0
2714,1,2012-09-19 17:24:49,0
2715,1,2011-04-27 17:32:26,0
2717,1,2010-09-17 00:37:47,0
2718,1,2010-10-05 20:40:46,0
2719,1,2012-05-14 20:59:38,0
2722,1,2011-07-26 15:50:19,0
2723,1,2012-06-06 22:54:08,0
2724,1,2011-09-22 22:38:56,0
2725,1,2010-12-20 23:10:32,0
2726,1,2011-01-11 20:20:28,0
2727,1,2012-03-21 00:58:26,0
2728,1,2010-10-27 17:28:14,0
2729,1,2012-05-07 17:48:29,0
2730,1,2010-11-09 02:17:32,0
2731,1,2011-05-30 17:32:01,0
2732,1,2010-07-08 16:59:21,0
2733,1,2010-12-22 18:51:57,0
2735,1,2011-07-18 18:05:43,0
2736,1,2011-05-27 22:04:53,0
2737,1,2011-11-10 23:42:14,0
2738,1,2011-12-16 20:53:30,0
2739,1,2012-04-23 23:42:07,0
2740,1,2012-01-05 20:12:59,0
2742,1,2010-01-22 23:49:01,0
2743,1,2010-12-22 19:47:01,0
2744,1,2011-02-24 18:00:36,0
2745,1,2010-04-07 16:57:25,3
2746,1,2010-06-08 22:49:26,0
2747,1,2011-12-13 20:43:53,0
2748,1,2010-01-13 21:26:04,0
2749,1,2011-10-12 20:16:49,0
2750,1,2012-03-22 17:44:39,0
2751,1,2011-02-19 00:15:26,0
2752,1,2012-07-17 23:19:30,0
2754,1,2011-04-05 16:48:28,0
2755,1,2011-07-14 16:39:50,0
2756,1,2010-09-28 23:30:04,0
2757,1,2012-02-24 23:02:00,0
2758,1,2011-11-04 01:30:45,0
2759,1,2011-11-11 23:57:19,0
2760,1,2011-12-22 17:46:29,0
2761,1,2012-06-06 23:11:18,0
2762,1,2011-09-21 21:50:00,0
2763,1,2011-10-10 23:58:35,0
2764,1,2012-06-13 21:12:52,0
2766,1,2011-11-16 02:06:24,0
2767,1,2011-02-23 02:06:33,0
2767,1,2011-02-23 02:07:00,1
2768,1,2011-10-03 18:07:44,0
2769,1,2011-09-14 18:05:27,0
2771,1,2010-03-17 17:11:26,0
2772,1,2012-07-10 23:48:48,0
2773,1,2011-10-03 21:38:34,0
2775,1,2011-09-06 23:37:58,0
2775,1,2011-09-08 16:00:35,1
2778,1,2010-11-11 23:41:07,0
2778,1,2010-11-11 23:41:28,1
2779,1,2012-06-06 17:20:31,0
2780,1,2011-11-22 00:36:29,0
2781,1,2011-05-11 15:25:37,0
2782,1,2011-08-02 22:22:25,0
2783,1,2011-06-29 23:43:14,0
2783,1,2011-07-07 15:57:38,1
2784,1,2010-10-14 21:51:38,0
2785,1,2011-10-13 17:06:39,0
2786,1,2010-04-21 21:54:59,0
2787,1,2012-03-13 20:08:36,0
2789,1,2012-07-30 18:55:06,0
2790,1,2010-08-10 22:50:22,0
2791,1,2012-08-01 00:04:20,0
2792,1,2012-05-28 21:11:37,0
2793,1,2011-10-21 17:46:26,0
2794,1,2011-10-28 16:49:47,0
2795,1,2012-03-20 23:30:38,0
2796,1,2012-01-18 23:52:06,0
2798,1,2010-12-22 19:35:27,0
2798,1,2010-12-22 19:40:40,1
2799,1,2012-02-15 20:19:41,0
2800,1,2012-03-02 22:35:43,0
2801,1,2012-05-14 20:10:23,0
2802,1,2011-02-15 18:38:24,0
2803,1,2012-04-20 18:13:57,0
2804,1,2010-03-25 00:02:18,0
2805,1,2010-09-29 21:35:34,3
2805,1,2010-10-01 18:06:18,8
2805,1,2010-10-01 18:06:18,1
2806,1,2010-10-26 23:45:08,3
2807,1,2010-10-25 22:50:44,0
2808,1,2011-06-16 18:59:42,0
2809,1,2011-08-01 15:52:38,0
2810,1,2010-09-07 18:11:59,0
2810,1,2010-09-07 22:21:50,1
2811,1,2011-07-18 21:08:40,0
2812,1,2010-05-31 22:52:29,0
2813,1,2011-11-25 18:16:03,0
2815,1,2010-03-23 19:56:16,0
2816,1,2010-06-11 23:41:37,0
2817,1,2010-02-10 18:15:34,0
2818,1,2011-08-30 17:00:24,3
2819,1,2010-08-09 16:35:27,3
2820,1,2011-11-18 20:23:43,0
2821,1,2012-01-30 22:19:30,0
2822,1,2011-05-03 15:45:59,0
2823,1,2012-01-12 17:42:47,0
2824,1,2010-11-18 20:36:06,0
2825,1,2011-10-18 16:55:34,0
2825,1,2011-10-18 16:58:39,1
2827,1,2011-07-22 17:47:02,0
2828,1,2010-05-13 23:02:27,0
2829,1,2010-06-04 15:34:21,0
2830,1,2012-03-12 19:57:31,0
2831,1,2012-02-29 01:03:49,0
2832,1,2011-11-10 00:55:24,0
2833,1,2012-04-02 20:49:53,0
2835,1,2010-06-23 22:49:42,0
2836,1,2012-02-09 22:16:45,0
2837,1,2011-11-19 00:56:31,0
2838,1,2010-10-05 16:09:54,0
2840,1,2012-05-14 16:44:51,0
2841,1,2012-02-24 23:03:12,0
2842,1,2011-11-15 23:05:19,0
2843,1,2011-02-02 00:35:30,0
2844,1,2012-04-16 23:33:23,0
2845,1,2010-05-12 23:00:58,3
2845,1,2010-05-19 00:25:41,1
2846,1,2012-07-26 18:48:21,0
2847,1,2012-08-02 17:10:40,0
2850,1,2011-02-05 00:57:48,0
2852,1,2011-12-28 01:58:57,0
2853,1,2011-06-27 20:28:23,0
2853,1,2011-06-27 20:28:42,1
2853,1,2011-06-30 21:18:57,1
2854,1,2012-08-10 15:48:18,0
2855,1,2011-01-05 20:26:05,0
2856,1,2011-01-27 00:00:31,0
2857,1,2010-03-16 17:04:03,0
2858,1,2010-09-08 00:08:34,0
2859,1,2011-10-31 18:49:21,0
2861,1,2011-06-24 23:38:47,0
2862,1,2010-04-15 21:49:28,0
2863,1,2010-05-17 22:46:02,0
2863,1,2010-05-19 00:24:04,1
2863,1,2010-05-20 15:27:04,1
2864,1,2011-01-10 19:55:39,0
2865,1,2010-02-19 19:03:38,0
2867,1,2011-06-07 20:51:20,0
2868,1,2011-07-14 18:42:00,0
2869,1,2011-06-14 21:14:44,0
2870,1,2012-01-20 23:06:27,0
2871,1,2010-08-04 21:13:24,0
2872,1,2010-09-28 23:45:44,0
2874,1,2010-03-18 20:38:10,0
2875,1,2012-08-29 20:41:22,0
2876,1,2012-05-23 16:58:58,0
2877,1,2010-12-14 20:24:26,0
2878,1,2011-01-11 18:50:51,0
2879,1,2011-11-21 18:38:27,0
2880,1,2012-06-21 21:18:05,0
2882,1,2011-07-01 18:01:39,0
2883,1,2012-04-26 20:49:14,0
2884,1,2011-06-08 21:37:06,0
2885,1,2012-04-02 20:45:00,0
2886,1,2012-05-16 16:26:31,0
2887,1,2011-03-11 18:55:19,0
2888,1,2010-07-08 15:35:05,0
2889,1,2010-08-25 00:15:13,0
2890,1,2011-04-07 16:09:00,0
2892,1,2010-07-01 20:57:08,0
2893,1,2011-11-16 18:22:21,0
2894,1,2011-04-01 22:37:48,0
2895,1,2011-05-02 15:48:53,0
2896,1,2011-04-27 21:02:00,0
2898,1,2012-05-23 16:27:55,0
2899,1,2012-06-14 16:21:01,0
2900,1,2011-05-02 22:51:39,0
2901,1,2010-12-02 01:31:45,0
2902,1,2011-05-06 23:13:05,0
2903,1,2012-04-19 21:39:21,0
2904,1,2012-03-30 14:41:55,0
2906,1,2012-04-13 16:23:28,0
2907,1,2012-06-26 16:10:15,0
2908,1,2012-08-06 16:32:05,0
2909,1,2010-05-27 17:53:55,3
2909,1,2010-05-27 20:42:35,1
2911,1,2012-01-17 18:06:22,0
2912,1,2011-11-08 18:42:07,0
2913,1,2012-03-21 01:22:54,0
2914,1,2012-06-12 21:51:48,0
2915,1,2010-01-21 17:57:25,0
2915,1,2010-01-21 17:57:35,1
2916,1,2011-09-12 16:13:08,0
2917,1,2012-02-08 01:27:25,0
2919,1,2012-03-02 00:25:44,0
2920,1,2010-09-24 21:17:14,0
2921,1,2011-12-22 17:28:42,0
2922,1,2010-09-02 22:25:24,0
2923,1,2011-06-13 22:07:00,0
2924,1,2011-05-18 22:50:17,0
2924,1,2011-05-18 22:52:31,1
2925,1,2010-10-27 22:50:34,0
2925,1,2010-11-02 19:53:10,1
2926,1,2011-04-01 16:05:07,0
2927,1,2011-03-02 17:31:52,0
2928,1,2010-12-02 22:06:01,3
2929,1,2012-01-16 20:47:05,0
2930,1,2012-05-28 15:05:35,0
2933,1,2010-02-16 01:21:35,0
2935,1,2011-05-17 20:47:51,0
2936,1,2011-02-16 19:42:58,0
2937,1,2011-01-24 18:11:48,0
2938,1,2010-10-21 20:09:07,0
2939,1,2012-06-15 21:11:00,0
2940,1,2010-06-30 16:40:19,0
2941,1,2011-04-19 23:54:03,0
2942,1,2011-05-27 15:16:54,0
2943,1,2011-01-11 00:42:49,0
2943,1,2011-01-18 00:20:58,1
2944,1,2011-05-26 20:16:35,0
2945,1,2011-08-16 20:26:37,0
2946,1,2012-04-19 15:16:59,0
2947,1,2011-10-14 22:25:03,0
2948,1,2011-12-01 22:08:57,0
2950,1,2011-04-28 21:07:18,0
2951,1,2011-03-09 19:33:27,0
2952,1,2011-11-17 01:10:11,0
2953,1,2010-09-21 22:28:40,0
2954,1,2010-05-27 20:34:51,0
2955,1,2011-08-30 21:21:29,3
2957,1,2010-08-05 20:21:58,0
2958,1,2012-04-11 17:29:01,0
2959,1,2010-04-21 23:53:03,0
2960,1,2012-03-29 17:29:38,0
2961,1,2012-06-05 20:21:19,0
2963,1,2011-09-13 18:34:38,0
2965,1,2010-12-01 02:07:43,0
2967,1,2011-11-03 02:01:36,0
2969,1,2012-03-05 23:00:59,0
2972,1,2011-10-19 17:25:30,0
2972,1,2011-10-19 17:27:57,1
2973,1,2012-05-30 22:23:13,0
2974,1,2012-02-08 20:25:52,0
2976,1,2010-04-08 21:03:59,0
2977,1,2012-05-10 16:27:27,0
2978,1,2012-04-11 17:07:00,0
2979,1,2010-02-18 01:53:21,0
2980,1,2010-11-23 19:19:02,0
2982,1,2011-12-16 17:22:54,0
2983,1,2010-06-16 15:27:14,0
2985,1,2012-06-28 17:52:55,0
2986,1,2012-05-10 16:22:42,0
2987,1,2012-03-26 23:59:53,0
2989,1,2012-07-10 17:31:37,0
2990,1,2011-10-04 21:00:33,0
2991,1,2011-02-24 23:04:03,0
2993,1,2010-04-09 14:58:27,0
2994,1,2011-07-13 00:20:06,0
2995,1,2010-09-22 18:12:24,0
2996,1,2012-07-23 15:30:10,0
2997,1,2011-10-17 17:38:04,0
2998,1,2011-12-19 18:39:15,0
2999,1,2010-09-20 16:56:44,0
3000,1,2011-05-10 18:45:07,0
3001,1,2010-04-22 00:36:39,0
3001,1,2010-06-01 17:15:42,1
3002,1,2012-08-02 20:32:34,0
3003,1,2011-06-10 18:22:58,0
3004,1,2010-03-09 19:01:13,0
3004,1,2010-04-16 23:56:14,1
3005,1,2011-02-24 18:05:26,0
3006,1,2011-01-27 23:36:16,0
3007,1,2012-05-08 15:05:05,0
3012,1,2010-09-20 20:18:55,0
3014,1,2011-10-27 15:44:43,0
3017,1,2012-06-05 18:05:11,0
3018,1,2011-10-24 18:02:39,0
3019,1,2012-02-06 17:36:59,0
3020,1,2012-04-06 15:25:39,0
3023,1,2012-02-25 01:44:18,0
3024,1,2012-07-23 15:33:20,0
3025,1,2012-07-25 20:14:09,0
3026,1,2011-10-27 22:09:16,0
3027,1,2012-09-03 18:13:06,0
3028,1,2012-03-22 20:24:21,0
3029,1,2011-10-13 21:54:04,0
3030,1,2010-11-04 18:02:04,0
3031,1,2010-09-16 15:47:25,3
3031,1,2010-09-21 16:10:05,1
3031,1,2010-09-21 16:10:15,1
3032,1,2011-10-12 17:00:38,0
3033,1,2011-06-21 16:44:10,0
3033,1,2011-06-21 16:44:27,1
3036,1,2011-05-19 21:12:29,0
3039,1,2011-06-20 21:18:42,0
3040,1,2011-12-02 22:10:48,0
3041,1,2010-03-25 00:12:13,0
3042,1,2011-09-23 18:11:24,0
3045,1,2011-11-09 19:09:58,0
3047,1,2011-09-21 16:19:32,0
3048,1,2011-08-29 15:41:41,0
3049,1,2011-05-23 22:06:55,0
3050,1,2010-09-14 21:50:57,0
3050,1,2010-09-17 17:40:12,1
3051,1,2011-04-06 18:59:00,0
3052,1,2011-01-24 20:48:44,0
3053,1,2011-09-09 21:51:50,0
3054,1,2011-05-10 22:52:43,0
3055,1,2011-03-24 23:53:31,0
3057,1,2011-09-29 17:38:19,0
3060,1,2012-06-08 16:08:18,0
3062,1,2011-12-30 19:20:19,0
3063,1,2011-03-02 18:12:14,0
3064,1,2012-01-20 18:10:34,0
3065,1,2011-04-20 16:44:12,0
3066,1,2010-12-04 00:23:35,0
3067,1,2012-03-07 18:08:10,0
3068,1,2010-02-19 20:03:47,0
3069,1,2012-06-19 17:45:13,0
3070,1,2011-10-27 18:17:21,0
3071,1,2012-09-21 20:21:03,0
3072,1,2011-10-18 23:17:26,0
3074,1,2012-03-05 18:43:00,0
3075,1,2012-07-24 17:43:08,0
3076,1,2011-07-15 20:38:01,0
3076,1,2011-07-20 15:43:17,1
3079,1,2010-08-26 23:15:45,3
3079,1,2010-08-26 23:15:45,1
3079,1,2010-08-30 16:30:04,1
3079,1,2010-08-30 16:30:18,1
3080,1,2010-09-03 23:38:46,0
3083,1,2012-08-07 18:59:02,0
3084,1,2010-03-09 20:06:39,0
3084,1,2010-03-09 20:06:58,1
3085,1,2010-11-27 00:07:07,0
3086,1,2012-08-06 22:23:05,0
3087,1,2010-12-07 18:32:31,0
3088,1,2011-02-24 17:23:53,0
3088,1,2011-02-24 23:34:42,1
3089,1,2011-11-14 22:56:04,0
3090,1,2011-08-03 20:17:48,0
3091,1,2011-11-22 17:14:01,0
3092,1,2012-05-29 20:45:50,0
3093,1,2012-07-09 23:11:14,0
3094,1,2012-03-02 20:14:48,0
3095,1,2012-08-02 17:01:16,0
3096,1,2012-05-04 23:58:57,0
3097,1,2012-01-20 20:08:05,0
3098,1,2010-09-23 17:26:42,0
3099,1,2011-07-22 16:58:54,0
3100,1,2011-03-16 19:32:16,0
3101,1,2010-10-21 16:40:09,0
3102,1,2011-11-09 20:54:01,0
3104,1,2011-04-19 16:40:20,0
3105,1,2011-12-05 20:13:31,0
3106,1,2012-06-22 18:08:25,0
3107,1,2012-05-15 17:08:18,0
3108,1,2011-12-21 01:54:40,0
3109,1,2012-06-18 23:21:09,0
3110,1,2011-07-25 21:04:18,0
3111,1,2012-06-20 20:35:09,0
3114,1,2010-11-12 16:58:25,0
3115,1,2012-05-31 23:27:46,0
3116,1,2010-04-15 15:49:20,0
3117,1,2010-09-07 23:14:59,0
3119,1,2011-10-31 20:06:04,0
3119,1,2011-10-31 20:09:37,1
3119,1,2011-10-31 20:09:37,1
3120,1,2011-10-12 20:27:54,0
3122,1,2012-06-13 20:11:15,0
3123,1,2011-12-17 00:18:08,0
3124,1,2011-05-24 20:17:38,0
3125,1,2011-05-23 18:14:29,0
3127,1,2012-02-22 00:27:10,0
3129,1,2012-02-21 23:56:34,0
3130,1,2010-03-09 17:18:19,0
3130,1,2010-03-09 17:18:29,1
3131,1,2011-03-07 23:30:32,0
3132,1,2010-06-15 17:02:11,0
3133,1,2012-06-14 23:58:59,0
3134,1,2012-04-16 20:19:07,0
3135,1,2012-01-23 18:23:20,0
3136,1,2011-02-25 01:48:06,0
3137,1,2011-08-01 18:31:31,0
3137,1,2011-08-10 21:50:33,1
3137,1,2011-08-10 21:50:35,1
3138,1,2011-05-10 16:46:22,0
3140,1,2012-06-12 23:01:48,0
3141,1,2012-04-23 18:03:11,0
3143,1,2012-06-29 18:31:58,0
3144,1,2011-12-29 00:00:50,0
3146,1,2012-01-16 17:37:34,0
3147,1,2011-01-21 18:43:13,0
3149,1,2010-03-23 22:44:27,0
3150,1,2010-04-07 23:59:09,3
3151,1,2010-04-20 22:29:47,0
3152,1,2011-04-08 17:13:41,0
3153,1,2010-12-23 18:03:37,0
3154,1,2011-11-09 17:33:24,0
3155,1,2011-04-20 16:25:20,0
3157,1,2012-01-09 22:24:02,0
3158,1,2012-06-28 18:12:13,0
3160,1,2012-04-18 17:00:37,0
3161,1,2012-05-18 17:39:00,0
3162,1,2011-10-13 22:00:17,0
3163,1,2010-07-27 20:46:07,0
3164,1,2011-05-04 18:21:43,0
3165,1,2012-01-20 01:52:03,0
3166,1,2012-01-31 23:16:30,0
3167,1,2010-07-01 16:41:38,0
3168,1,2010-02-10 18:16:26,0
3169,1,2011-10-04 20:51:45,0
3170,1,2010-12-27 22:12:08,0
3171,1,2012-04-23 17:06:09,0
3173,1,2011-01-25 20:58:52,0
3174,1,2011-06-14 18:00:16,0
3175,1,2011-11-02 17:53:44,0
3177,1,2010-07-28 20:53:11,0
3178,1,2012-04-17 16:44:54,0
3179,1,2010-04-15 17:52:21,0
3180,1,2012-08-08 18:54:15,0
3181,1,2011-10-21 17:49:51,0
3182,1,2012-08-03 18:59:34,0
3183,1,2011-01-03 20:32:21,0
3185,1,2010-02-23 19:23:50,0
3187,1,2010-03-16 16:57:21,0
3187,1,2010-03-16 22:40:45,1
3188,1,2012-08-29 15:29:10,0
3189,1,2012-07-20 18:17:11,0
3190,1,2012-06-04 16:19:01,0
3191,1,2011-07-19 17:29:16,0
3191,1,2011-07-20 15:46:22,1
3193,1,2010-10-18 21:40:40,0
3194,1,2011-03-11 19:09:22,0
3194,1,2011-03-11 19:10:33,1
3195,1,2011-04-20 17:57:44,0
3196,1,2010-05-12 18:22:46,3
3197,1,2011-01-26 01:28:06,0
3197,1,2011-01-27 16:59:47,1
3198,1,2011-12-13 01:57:36,0
3199,1,2012-05-17 20:05:37,0
3200,1,2010-12-29 00:53:17,0
3200,1,2010-12-29 01:02:11,1
3201,1,2011-11-18 01:12:04,0
3202,1,2011-09-14 17:00:15,0
3203,1,2010-03-17 22:26:12,0
3204,1,2012-02-03 00:35:29,0
3205,1,2012-02-07 22:31:23,0
3206,1,2012-01-09 18:59:35,0
3207,1,2011-10-10 15:19:03,0
3208,1,2011-11-09 17:29:37,0
3209,1,2010-10-26 23:18:09,0
3210,1,2011-07-05 15:38:13,0
3211,1,2011-11-17 17:37:15,0
3213,1,2010-11-19 01:20:30,0
3214,1,2012-09-05 23:05:25,0
3215,1,2012-07-17 23:38:54,0
3216,1,2011-05-03 23:04:13,0
3217,1,2010-12-27 22:42:51,0
3217,1,2011-01-21 23:31:26,1
3218,1,2011-11-17 17:17:41,0
3219,1,2011-03-03 20:22:28,0
3220,1,2011-07-28 18:03:27,0
3221,1,2012-06-13 15:21:13,0
3223,1,2011-11-04 20:04:10,0
3224,1,2011-08-05 21:01:38,0
3224,1,2011-08-05 21:01:54,1
3225,1,2012-02-10 01:30:42,0
3227,1,2011-04-19 17:38:12,0
3228,1,2010-08-13 21:22:07,0
3228,1,2010-08-17 23:35:29,1
3230,1,2010-05-26 17:06:03,0
3232,1,2010-11-23 18:57:22,0
3234,1,2010-11-12 23:57:33,0
3235,1,2011-06-22 21:55:23,0
3235,1,2011-06-22 21:55:48,1
3236,1,2012-07-16 18:15:14,0
3237,1,2012-05-25 18:42:05,0
3238,1,2010-02-10 17:42:57,0
3240,1,2012-08-13 23:07:18,0
3241,1,2011-12-27 20:51:00,0
3242,1,2012-06-13 20:58:51,0
3243,1,2012-07-03 18:42:15,0
3244,1,2010-04-22 21:33:11,3
3245,1,2012-06-15 18:51:04,0
3246,1,2011-08-12 22:55:50,0
3247,1,2010-12-15 18:56:06,0
3248,1,2010-08-10 17:41:51,0
3249,1,2012-08-10 17:34:02,0
3250,1,2011-02-18 01:48:02,0
3252,1,2011-02-04 18:27:56,0
3255,1,2012-01-19 22:34:53,0
3256,1,2010-06-05 00:01:28,0
3256,1,2010-06-07 17:15:10,1
3257,1,2011-09-14 18:39:08,0
3258,1,2012-01-20 01:22:25,0
3259,1,2012-02-29 19:44:38,0
3260,1,2012-08-08 23:21:59,0
3261,1,2010-03-29 18:13:31,0
3263,1,2012-05-22 15:23:27,0
3264,1,2012-04-12 16:17:09,0
3265,1,2011-11-24 20:51:47,0
3266,1,2010-08-10 21:59:13,0
3267,1,2011-10-12 22:17:32,0
3268,1,2012-07-09 23:47:34,0
3269,1,2012-03-08 22:40:27,0
3270,1,2011-03-18 17:38:46,0
3271,1,2011-10-24 20:15:33,0
3272,1,2012-05-09 00:12:26,0
3274,1,2011-04-14 22:47:16,0
3274,1,2011-04-26 15:31:08,1
3275,1,2012-01-11 17:48:44,0
3277,1,2011-03-24 00:35:05,0
3278,1,2011-04-13 15:33:52,0
3279,1,2011-11-24 19:10:50,0
3280,1,2011-05-20 17:33:31,0
3281,1,2012-07-24 17:38:20,0
3282,1,2012-01-09 19:06:53,0
3283,1,2012-02-22 18:46:22,0
3284,1,2011-11-11 17:28:00,0
3285,1,2012-04-23 18:34:25,0
3286,1,2011-05-18 15:21:25,0
3287,1,2010-08-23 20:21:35,0
3288,1,2012-09-03 17:56:06,0
3290,1,2012-06-28 21:37:57,0
3292,1,2010-08-02 22:11:07,0
3293,1,2012-01-23 17:34:55,0
3295,1,2011-02-26 00:21:24,0
3296,1,2011-01-03 23:46:04,0
3296,1,2011-01-18 00:57:57,1
3297,1,2012-01-10 20:33:53,0
3297,1,2012-01-16 17:41:47,1
3298,1,2010-11-18 01:15:08,0
3299,1,2012-06-04 18:49:17,0
3300,1,2012-06-05 15:15:35,0
3301,1,2011-09-30 15:58:06,0
3302,1,2010-12-17 18:18:32,0
3302,1,2010-12-17 19:27:55,1
3303,1,2011-12-22 22:15:42,0
3304,1,2011-03-31 20:20:28,0
3305,1,2010-12-03 20:27:37,0
3306,1,2010-10-26 23:36:43,0
3307,1,2011-11-30 23:05:51,0
3308,1,2011-01-26 18:20:27,0
3309,1,2012-04-30 20:06:46,0
3310,1,2010-10-27 20:50:58,0
3311,1,2010-11-05 21:05:14,0
3312,1,2010-11-22 20:36:12,0
3313,1,2012-05-11 22:57:07,0
3316,1,2010-04-01 17:47:23,0
3317,1,2012-02-17 17:37:27,0
3318,1,2012-06-01 21:00:10,0
3319,1,2010-12-31 02:39:37,0
3320,1,2012-07-26 18:42:13,0
3321,1,2011-11-23 23:25:26,0
3322,1,2011-12-15 17:30:23,0
3325,1,2012-02-29 17:30:57,0
3326,1,2010-12-03 19:11:01,0
3327,1,2012-05-25 20:28:54,0
3328,1,2012-07-10 23:54:02,0
3329,1,2011-10-13 22:05:44,0
3330,1,2010-12-14 20:49:57,0
3332,1,2010-02-19 17:41:28,0
3333,1,2011-05-23 16:27:12,0
3335,1,2012-05-02 20:33:24,0
3337,1,2011-02-18 01:56:52,0
3339,1,2012-06-27 23:03:41,0
3340,1,2010-10-26 23:52:44,0
3341,1,2012-08-02 18:05:03,0
3342,1,2012-01-10 20:22:28,0
3345,1,2011-01-11 17:47:48,0
3345,1,2011-01-12 01:23:20,1
3346,1,2011-06-23 15:58:08,0
3346,1,2011-06-23 15:58:25,1
3347,1,2011-10-10 15:54:48,0
3348,1,2012-03-06 20:51:34,0
3350,1,2010-05-17 17:07:10,0
3352,1,2012-04-20 18:42:46,0
3353,1,2012-07-27 22:52:58,0
3354,1,2010-07-07 21:23:49,0
3355,1,2011-04-26 21:09:08,0
3356,1,2010-12-07 00:50:40,0
3359,1,2010-11-24 01:30:42,0
3359,1,2010-11-24 01:31:10,1
3361,1,2011-10-27 23:12:46,0
3363,1,2010-10-25 21:43:32,0
3364,1,2012-05-30 21:30:00,0
3365,1,2010-10-19 21:45:13,0
3366,1,2010-12-30 17:55:40,0
3366,1,2011-01-11 00:25:20,1
3367,1,2012-01-02 17:09:36,0
3368,1,2010-05-26 22:31:04,0
3369,1,2010-09-22 00:07:06,0
3370,1,2011-04-28 15:49:03,0
3371,1,2012-07-24 22:56:45,0
3374,1,2012-03-30 22:38:42,0
3375,1,2012-05-09 16:41:02,0
3377,1,2012-01-11 17:03:49,0
3378,1,2011-12-15 17:33:36,0
3379,1,2011-04-01 20:07:42,0
3380,1,2011-10-07 15:11:30,0
3381,1,2012-05-04 23:56:52,0
3383,1,2012-04-17 15:46:35,0
3384,1,2011-01-26 19:50:58,0
3384,1,2011-01-27 17:05:05,1
3385,1,2011-02-03 20:17:00,0
3385,1,2011-02-18 20:47:16,1
3386,1,2010-05-21 15:23:26,0
3387,1,2012-07-09 20:29:19,0
3388,1,2011-05-19 20:45:57,0
3389,1,2010-03-09 18:08:53,0
3390,1,2011-02-02 20:51:22,0
3391,1,2012-02-22 18:29:01,0
3392,1,2011-05-25 17:16:25,0
3393,1,2012-07-19 17:04:58,0
3394,1,2012-05-04 16:28:29,0
3395,1,2012-07-18 18:27:00,0
3396,1,2011-03-24 19:21:27,0
3397,1,2011-10-27 22:57:59,0
3399,1,2012-05-15 23:34:15,0
3400,1,2011-06-23 22:32:21,0
3400,1,2011-06-23 22:32:40,1
3401,1,2012-06-06 16:40:42,0
3402,1,2011-04-13 15:59:07,0
3404,1,2012-01-02 19:27:38,0
3405,1,2011-12-23 01:08:10,0
3406,1,2012-06-13 20:17:48,0
3407,1,2012-07-03 15:25:18,0
3408,1,2012-04-20 18:15:01,0
3410,1,2012-02-10 01:54:54,0
3411,1,2010-09-27 15:01:00,0
3412,1,2011-09-13 15:44:08,0
3413,1,2012-07-31 22:41:57,0
3414,1,2011-03-31 21:42:31,0
3415,1,2010-06-21 18:38:16,0
3416,1,2012-08-02 23:12:42,0
3417,1,2012-03-19 19:13:37,0
3420,1,2011-09-14 22:42:39,0
3421,1,2010-07-09 22:43:39,0
3422,1,2012-07-04 20:47:04,0
3423,1,2011-07-05 18:25:29,0
3424,1,2011-11-11 01:38:03,0
3425,1,2012-01-03 23:34:30,0
3426,1,2012-09-12 15:54:49,0
3427,1,2012-07-17 15:24:06,0
3428,1,2012-08-03 20:11:46,0
3429,1,2011-04-04 18:00:31,0
3430,1,2012-05-09 15:06:33,0
3431,1,2011-09-19 15:06:37,0
3431,1,2011-09-19 15:07:48,1
3432,1,2012-04-27 22:43:11,0
3433,1,2011-01-17 18:18:12,0
3433,1,2011-01-27 17:10:17,1
3434,1,2012-05-16 20:44:36,0
3435,1,2011-09-28 15:15:43,0
3435,1,2011-09-28 15:16:09,1
3437,1,2011-11-26 00:42:01,0
3438,1,2012-02-28 20:28:59,0
3441,1,2010-08-02 19:11:38,0
3445,1,2011-05-24 22:58:38,0
3446,1,2012-02-14 00:29:36,0
3447,1,2011-11-21 22:28:17,0
3450,1,2011-06-15 18:06:19,0
3451,1,2011-03-30 22:29:15,3
3452,1,2010-07-21 18:35:41,0
3453,1,2011-02-16 20:44:57,0
3453,1,2011-02-16 20:45:11,1
3455,1,2011-03-31 15:56:52,0
3456,1,2012-01-14 01:34:37,0
3456,1,2012-01-14 01:34:52,1
3456,1,2012-01-14 01:34:57,1
3457,1,2010-03-25 00:34:59,0
3458,1,2012-02-08 01:01:46,0
3459,1,2010-04-09 23:34:11,3
3460,1,2010-04-23 17:22:32,0
3461,1,2012-01-27 19:22:17,0
3463,1,2010-10-15 18:41:31,0
3464,1,2011-12-06 20:22:22,0
3466,1,2012-06-18 22:18:28,0
3467,1,2012-03-30 18:18:01,0
3468,1,2012-04-04 20:24:20,0
3468,1,2012-04-04 20:25:15,1
3469,1,2012-03-06 18:41:41,0
3470,1,2011-11-15 18:31:22,0
3471,1,2011-10-21 18:47:32,0
3472,1,2011-11-30 17:35:44,0
3473,1,2012-07-13 18:32:10,0
3474,1,2012-03-02 19:21:35,0
3476,1,2011-08-02 22:55:50,0
3476,1,2011-08-04 18:57:01,1
3477,1,2012-07-11 15:09:16,0
3478,1,2011-12-21 02:04:31,0
3479,1,2010-12-09 20:20:14,0
3480,1,2012-05-07 22:59:09,0
3481,1,2011-01-25 22:33:18,3
3482,1,2010-02-26 19:16:38,0
3482,1,2010-02-26 19:19:46,1
3483,1,2012-01-09 20:04:38,0
3484,1,2011-12-13 00:15:44,0
3485,1,2012-02-09 17:12:55,0
3486,1,2012-06-01 21:06:53,0
3487,1,2011-10-20 18:38:24,0
3488,1,2011-06-17 16:02:53,0
3489,1,2011-05-30 17:40:52,0
3490,1,2010-09-10 15:39:08,0
3491,1,2012-03-21 19:34:02,0
3492,1,2011-02-18 23:48:56,0
3493,1,2011-01-12 18:25:58,0
3494,1,2011-07-08 18:52:52,0
3495,1,2012-06-27 15:55:50,0
3496,1,2011-11-17 18:41:06,0
3497,1,2012-07-20 00:03:57,0
3499,1,2011-02-16 22:11:00,0
3500,1,2011-03-15 22:26:37,0
3501,1,2012-01-18 19:28:45,0
3502,1,2011-10-17 16:53:07,0
3503,1,2012-03-23 01:45:48,0
3504,1,2010-12-30 17:19:54,0
3504,1,2011-01-12 00:16:45,1
3505,1,2010-12-29 02:31:43,0
3506,1,2011-01-25 19:24:05,0
3507,1,2011-11-09 01:29:55,0
3508,1,2010-10-06 17:24:18,0
3509,1,2011-05-13 18:53:59,0
3510,1,2010-10-11 22:40:16,0
3510,1,2010-10-11 23:08:47,1
3511,1,2012-08-06 20:22:21,0
3512,1,2011-09-30 17:33:16,0
3513,1,2011-11-17 19:16:28,0
3514,1,2010-12-20 17:59:52,0
3515,1,2011-10-20 18:59:39,0
3518,1,2011-11-25 22:24:41,0
3519,1,2012-06-08 14:56:21,0
3520,1,2012-01-25 23:18:19,0
3521,1,2012-06-07 18:14:21,0
3522,1,2010-05-26 16:27:18,0
3523,1,2010-08-25 16:03:47,0
3523,1,2010-08-26 16:16:15,1
3524,1,2011-03-03 19:19:56,0
3525,1,2012-05-24 23:19:45,0
3526,1,2011-05-03 18:15:12,0
3527,1,2010-07-08 22:52:12,0
3528,1,2010-10-26 21:03:14,0
3531,1,2012-03-05 23:42:14,0
3533,1,2011-06-21 21:00:31,0
3533,1,2011-06-21 21:00:46,1
3533,1,2011-06-28 16:15:31,1
3534,1,2011-04-21 18:02:49,0
3536,1,2012-04-02 16:47:25,0
3538,1,2011-05-18 23:47:14,0
3540,1,2011-08-30 22:49:10,0
3541,1,2010-05-31 23:57:57,3
3544,1,2011-10-18 17:04:31,0
3545,1,2010-03-11 00:38:28,0
3547,1,2012-06-19 14:58:15,0
3548,1,2010-09-21 17:19:31,0
3549,1,2011-08-11 20:14:48,0
3550,1,2010-04-06 23:02:19,0
3553,1,2010-07-01 20:32:37,3
3553,1,2010-07-02 16:52:11,1
3554,1,2010-07-01 16:03:48,0
3555,1,2011-11-04 19:29:10,0
3556,1,2012-02-08 18:00:58,0
3558,1,2012-04-19 22:50:21,0
3559,1,2011-10-03 22:56:49,0
3560,1,2012-03-06 17:40:46,0
3561,1,2012-03-29 23:37:28,0
3564,1,2012-01-09 17:34:27,0
3566,1,2010-05-26 00:11:43,0
3568,1,2011-09-06 23:36:29,0
3570,1,2011-03-16 18:53:16,0
3571,1,2010-02-19 18:30:34,0
3571,1,2010-02-19 18:30:47,1
3573,1,2012-04-12 18:47:51,0
3574,1,2011-08-03 20:13:38,0
3575,1,2011-03-22 18:40:25,0
3576,1,2011-09-21 15:06:26,0
3577,1,2011-04-20 23:25:19,0
3578,1,2011-04-08 18:37:29,0
3579,1,2011-04-22 15:20:01,0
3580,1,2010-05-19 23:05:45,0
3581,1,2012-03-12 18:59:56,0
3584,1,2011-11-04 01:03:49,0
3585,1,2012-03-15 17:10:20,0
3586,1,2010-08-25 16:01:04,0
3587,1,2011-08-29 22:35:13,0
3588,1,2012-03-02 17:06:31,0
3589,1,2010-09-09 23:41:44,0
3590,1,2010-05-14 16:04:18,0
3590,1,2010-05-19 15:57:30,1
3591,1,2012-04-12 15:48:54,0
3594,1,2011-12-13 20:47:21,0
3595,1,2010-10-18 23:33:20,0
3596,1,2010-07-13 20:45:52,0
3597,1,2010-03-11 00:53:18,0
3598,1,2011-05-25 20:57:03,0
3602,1,2011-07-13 23:54:00,0
3603,1,2010-05-12 23:12:50,0
3604,1,2012-04-23 18:38:20,0
3605,1,2011-07-07 17:07:06,0
3605,1,2011-07-07 21:03:50,1
3605,1,2011-07-08 20:39:05,1
3605,1,2011-07-08 20:39:05,1
3606,1,2011-08-10 20:27:20,3
3606,1,2011-08-10 20:27:21,1
3607,1,2010-06-15 17:15:05,0
3608,1,2010-01-13 17:40:25,0
3609,1,2011-07-07 20:45:19,0
3610,1,2011-06-22 15:50:04,0
3610,1,2011-06-22 15:50:18,1
3611,1,2011-01-31 17:17:07,3
3612,1,2011-09-15 15:42:00,0
3615,1,2010-05-17 22:12:13,3
3616,1,2010-11-25 02:09:11,0
3617,1,2011-08-02 20:53:16,0
3618,1,2012-01-10 18:11:10,0
3619,1,2010-10-29 18:19:11,0
3620,1,2012-07-16 18:05:21,0
3621,1,2010-11-10 22:09:10,3
3622,1,2012-01-30 20:28:04,0
3623,1,2011-12-19 17:21:54,0
3624,1,2010-12-02 18:09:12,0
3624,1,2010-12-02 18:09:36,1
3625,1,2010-01-14 19:35:38,0
3625,1,2010-01-14 19:35:57,1
3626,1,2011-12-07 20:03:21,0
3627,1,2011-07-15 15:06:58,0
3628,1,2011-11-22 19:57:31,0
3629,1,2012-03-20 01:55:08,0
3630,1,2011-11-12 00:04:29,0
3631,1,2011-01-05 20:21:53,0
3632,1,2012-07-11 20:25:28,0
3633,1,2012-06-29 15:02:18,0
3635,1,2012-05-22 15:13:58,0
3636,1,2010-07-13 20:30:47,0
3637,1,2012-06-08 18:54:52,0
3638,1,2012-08-09 20:06:20,0
3639,1,2010-12-31 18:29:20,0
3640,1,2012-05-08 22:08:03,0
3642,1,2011-12-16 20:23:39,0
3644,1,2010-07-02 18:46:43,0
3646,1,2012-04-16 20:22:42,0
3647,1,2012-07-19 18:51:18,0
3648,1,2011-03-08 19:26:19,0
3649,1,2011-05-26 22:10:59,0
3650,1,2011-07-01 22:03:56,0
3651,1,2011-09-28 17:39:22,0
3652,1,2011-12-15 17:40:46,0
3654,1,2012-08-10 17:39:09,0
3655,1,2011-04-05 22:54:51,0
3657,1,2012-09-04 22:37:34,0
3658,1,2012-03-16 00:58:06,0
3659,1,2012-07-16 21:37:17,0
3660,1,2012-01-20 20:34:17,0
3661,1,2012-03-13 18:50:46,0
3664,1,2012-06-15 22:52:54,0
3665,1,2012-04-20 17:35:20,0
3667,1,2012-04-12 18:31:24,0
3668,1,2011-09-20 22:34:55,0
3671,1,2011-10-12 16:03:44,0
3672,1,2011-10-20 21:22:37,0
3675,1,2012-05-24 23:51:53,0
3677,1,2011-12-23 20:35:19,0
3679,1,2012-06-12 17:25:34,0
3680,1,2010-06-28 17:50:23,0
3681,1,2011-04-26 23:51:38,0
3682,1,2011-03-02 01:54:03,0
3683,1,2012-06-13 16:32:16,0
3684,1,2010-12-09 23:51:45,0
3685,1,2011-03-12 01:07:00,0
3686,1,2010-10-26 15:22:10,0
3687,1,2011-06-22 21:17:59,0
3689,1,2011-11-23 23:16:49,0
3690,1,2010-09-17 22:05:55,0
3690,1,2010-09-17 23:37:36,1
3691,1,2011-10-25 16:24:02,0
3691,1,2011-10-28 15:43:41,1
3693,1,2010-07-01 17:32:09,0
3694,1,2011-08-22 17:40:17,0
3695,1,2011-02-01 23:39:33,0
3697,1,2011-02-02 22:34:43,0
3699,1,2012-02-03 00:33:22,0
3700,1,2012-06-21 17:40:06,0
3701,1,2010-11-23 19:14:17,0
3702,1,2011-07-13 00:16:54,0
3702,1,2011-07-13 17:15:53,1
3703,1,2010-04-22 00:26:27,0
3704,1,2011-12-22 19:13:35,0
3706,1,2010-12-27 19:43:45,0
3707,1,2012-07-11 22:28:25,0
3709,1,2011-11-23 17:42:30,0
3710,1,2011-07-14 15:13:57,0
3710,1,2011-07-15 21:42:37,1
3711,1,2011-07-11 15:22:13,0
3712,1,2012-04-02 18:21:01,0
3713,1,2012-05-21 21:58:47,0
3714,1,2011-12-12 23:58:23,0
3715,1,2012-06-29 00:30:30,0
3716,1,2010-09-20 23:41:40,0
3717,1,2011-03-02 23:52:50,0
3718,1,2012-01-17 23:20:12,0
3719,1,2011-10-10 17:13:29,0
3720,1,2011-04-01 20:09:30,0
3721,1,2011-10-06 16:47:17,0
3722,1,2010-10-07 18:47:11,0
3722,1,2010-10-07 18:49:24,1
3723,1,2011-11-14 19:01:51,0
3724,1,2010-03-12 20:17:34,0
3725,1,2012-06-25 22:55:37,0
3726,1,2012-01-26 22:07:42,0
3727,1,2012-01-03 23:42:41,0
3728,1,2011-12-20 17:34:17,0
3728,1,2011-12-20 23:37:22,1
3729,1,2011-09-29 15:08:57,0
3730,1,2011-12-07 18:48:27,0
3731,1,2012-05-08 15:08:15,0
3732,1,2011-12-13 17:10:55,0
3733,1,2011-11-10 19:00:17,0
3734,1,2010-09-17 23:42:47,0
3735,1,2010-03-12 17:25:59,0
3737,1,2012-04-13 21:36:05,0
3738,1,2012-08-02 18:57:15,0
3739,1,2011-11-09 17:19:51,0
3740,1,2010-10-05 16:14:59,0
3741,1,2012-05-03 16:50:16,0
3743,1,2011-10-18 18:45:08,0
3744,1,2011-04-20 23:17:50,0
3746,1,2010-03-22 19:55:08,0
3747,1,2012-01-16 23:16:46,0
3748,1,2011-03-25 22:53:00,0
3748,1,2011-03-25 22:54:54,1
3749,1,2011-05-19 23:45:22,0
3750,1,2010-06-30 16:28:23,0
3751,1,2012-03-20 20:21:24,0
3752,1,2010-09-06 22:26:52,0
3753,1,2012-03-20 20:27:36,0
3754,1,2011-10-27 23:21:46,0
3755,1,2011-10-17 23:18:59,0
3756,1,2010-04-08 00:29:05,0
3757,1,2010-10-29 20:53:17,0
3757,1,2010-11-03 22:36:16,1
3758,1,2011-02-10 01:13:53,0
3759,1,2010-11-16 18:31:52,0
3759,1,2010-11-16 19:48:27,1
3760,1,2012-05-02 16:20:43,0
3762,1,2012-04-24 18:52:09,0
3763,1,2012-03-08 22:22:34,0
3764,1,2012-07-23 15:28:56,0
3765,1,2012-02-21 01:53:21,0
3767,1,2011-10-03 17:20:27,0
3768,1,2011-02-14 20:07:55,0
3769,1,2012-07-24 23:35:48,0
3771,1,2010-09-28 18:11:19,0
3772,1,2012-01-21 02:00:17,0
3773,1,2012-02-29 18:59:56,0
3774,1,2012-01-13 20:14:15,0
3777,1,2012-01-11 23:28:02,0
3778,1,2011-03-01 19:29:07,0
3779,1,2012-06-07 23:25:52,0
3780,1,2010-05-25 15:53:56,0
3780,1,2010-06-02 00:38:24,1
3782,1,2011-12-05 23:52:45,0
3782,1,2011-12-08 02:10:17,1
3783,1,2012-05-04 15:36:52,0
3784,1,2010-07-28 16:01:05,0
3785,1,2012-06-01 21:33:15,0
3786,1,2012-06-12 23:14:39,0
3788,1,2010-10-07 15:36:31,0
3788,1,2010-10-07 16:45:12,1
3789,1,2012-03-23 22:49:59,0
3790,1,2011-07-22 23:19:42,0
3791,1,2011-09-20 23:44:58,0
3792,1,2011-11-22 17:56:48,0
3793,1,2012-02-14 17:59:59,0
3794,1,2012-07-09 16:14:22,0
3795,1,2011-08-30 20:27:15,0
3795,1,2011-08-31 00:05:38,1
3796,1,2011-08-01 23:26:14,0
3797,1,2012-01-17 01:16:57,0
3799,1,2012-07-09 23:14:15,0
3800,1,2012-01-06 02:00:36,0
3801,1,2012-03-08 01:56:32,0
3803,1,2011-10-03 22:50:24,0
3803,1,2011-10-05 16:51:44,1
3804,1,2012-05-02 17:19:44,0
3805,1,2011-12-21 23:22:57,0
3806,1,2010-02-04 17:22:39,0
3807,1,2012-04-16 20:50:14,0
3809,1,2010-07-13 21:19:21,0
3809,1,2010-07-13 21:57:22,1
3810,1,2011-02-18 23:12:28,0
3811,1,2012-01-17 23:40:21,0
3812,1,2011-04-20 20:14:21,0
3813,1,2010-10-01 22:07:02,0
3814,1,2012-05-04 23:23:08,0
3815,1,2010-09-08 18:36:14,0
3816,1,2011-07-13 18:23:04,0
3817,1,2010-12-29 20:50:28,0
3820,1,2012-03-15 22:22:51,0
3821,1,2012-02-15 18:35:36,0
3823,1,2011-04-15 23:50:07,0
3824,1,2011-03-10 00:28:11,0
3824,1,2011-03-10 00:28:30,1
3824,1,2011-03-10 00:45:56,1
3825,1,2012-06-13 23:01:29,0
3826,1,2011-06-17 21:30:49,0
3826,1,2011-06-17 21:31:01,1
3827,1,2010-11-17 19:23:03,0
3828,1,2012-02-24 21:05:33,0
3829,1,2012-01-16 20:52:38,0
3830,1,2011-10-24 23:18:05,0
3831,1,2011-08-09 19:06:25,0
3833,1,2011-03-14 18:33:01,0
3833,1,2011-03-14 18:38:11,1
3834,1,2011-12-28 17:13:11,0
3835,1,2010-10-26 00:15:56,0
3835,1,2010-10-29 21:42:00,1
3836,1,2011-03-10 20:43:24,0
3837,1,2010-05-04 15:07:55,0
3838,1,2011-04-05 20:46:10,0
3840,1,2010-07-26 15:58:41,0
3841,1,2011-01-03 17:22:59,0
3841,1,2011-01-10 19:35:25,1
3842,1,2012-03-17 01:23:26,0
3843,1,2011-06-16 17:54:12,0
3844,1,2012-08-02 17:04:08,0
3845,1,2012-02-25 00:38:13,0
3846,1,2011-12-20 01:53:57,0
3847,1,2012-05-21 21:56:44,0
3848,1,2011-06-01 22:08:40,0
3849,1,2010-02-10 01:10:28,0
3850,1,2010-05-26 23:06:56,0
3851,1,2011-08-23 15:51:12,0
3852,1,2010-04-23 17:31:20,0
3853,1,2012-01-18 19:25:49,0
3854,1,2012-06-08 15:35:33,0
3855,1,2011-03-21 17:31:31,0
3856,1,2010-09-03 20:30:50,3
3858,1,2010-09-17 00:34:59,0
3859,1,2012-05-22 17:47:19,0
3861,1,2012-01-19 18:59:45,0
3862,1,2012-07-09 17:04:31,0
3863,1,2010-04-26 18:44:47,0
3864,1,2012-08-31 23:10:58,0
3866,1,2010-04-01 17:18:25,0
3867,1,2011-11-07 18:25:24,0
3868,1,2011-01-26 18:03:30,0
3869,1,2012-05-22 23:08:58,0
3870,1,2012-07-27 21:12:28,0
3871,1,2012-01-12 20:57:34,0
3872,1,2011-04-21 18:16:26,0
3873,1,2011-03-01 17:57:22,0
3874,1,2010-12-23 23:21:43,0
3874,1,2010-12-24 00:27:57,1
3875,1,2011-10-12 20:43:16,0
3876,1,2010-03-08 19:18:30,0
3878,1,2012-04-02 18:52:27,0
3879,1,2012-01-19 00:13:24,0
3880,1,2012-08-02 16:20:16,0
3881,1,2011-05-25 23:35:24,0
3882,1,2011-11-09 19:13:25,0
3883,1,2010-03-17 18:04:13,3
3885,1,2012-07-31 17:17:45,0
3886,1,2010-04-30 14:53:59,3
3886,1,2010-05-17 20:32:02,1
3886,1,2010-06-09 23:52:55,1
3887,1,2010-10-04 21:11:27,0
3887,1,2010-10-04 21:12:23,1
3889,1,2012-04-12 18:26:08,0
3891,1,2012-07-26 18:44:23,0
3892,1,2011-01-18 18:52:17,0
3893,1,2010-05-04 15:47:33,0
3894,1,2011-12-29 01:02:07,0
3895,1,2011-09-16 22:58:43,0
3897,1,2012-06-20 20:37:25,0
3898,1,2012-08-03 20:39:45,0
3900,1,2012-06-06 17:28:22,0
3901,1,2011-02-14 23:19:38,3
3902,1,2012-06-25 16:50:24,0
3903,1,2011-09-16 20:32:29,0
3904,1,2012-05-05 00:01:03,0
3906,1,2011-05-02 15:28:54,0
3907,1,2012-02-20 22:44:36,0
3908,1,2011-05-02 22:31:47,0
3909,1,2012-04-10 22:47:09,0
3910,1,2010-07-06 22:23:29,0
3911,1,2010-06-11 18:30:16,0
3911,1,2010-06-11 18:30:41,1
3914,1,2011-02-25 22:18:08,0
3915,1,2011-03-25 17:46:21,0
3917,1,2010-08-30 19:02:28,0
3917,1,2010-08-30 23:36:09,1
3918,1,2010-02-09 17:47:01,0
3919,1,2011-03-31 21:44:47,0
3920,1,2011-05-13 21:44:44,0
3921,1,2011-07-28 21:44:23,0
3922,1,2012-04-23 23:22:05,0
3923,1,2011-02-16 23:01:20,0
3924,1,2011-04-28 18:55:40,0
3925,1,2011-11-09 22:36:06,0
3926,1,2011-06-16 17:18:06,0
3927,1,2012-05-24 18:38:13,0
3929,1,2011-09-19 15:15:25,0
3931,1,2011-08-22 15:26:23,0
3932,1,2011-10-18 17:00:44,0
3933,1,2012-09-25 23:58:23,0
3934,1,2011-09-27 15:35:26,0
3935,1,2011-12-02 18:54:14,0
3936,1,2011-08-04 23:24:33,0
3937,1,2010-07-21 17:52:47,0
3938,1,2012-02-08 18:55:05,0
3939,1,2012-05-10 20:36:53,0
3940,1,2010-10-05 17:50:26,3
3941,1,2011-06-22 20:33:44,0
3941,1,2011-06-22 20:34:07,1
3942,1,2011-09-05 17:20:21,0
3943,1,2012-08-07 17:00:23,0
3944,1,2012-05-16 21:02:42,0
3945,1,2012-03-30 22:58:18,0
3947,1,2011-01-31 17:01:29,0
3947,1,2011-01-31 19:44:01,1
3948,1,2012-05-28 15:00:49,0
3949,1,2010-09-21 00:21:07,0
3950,1,2011-11-28 23:28:58,0
3951,1,2012-05-21 15:16:17,0
3952,1,2011-08-16 15:30:47,0
3953,1,2012-01-06 01:58:54,0
3954,1,2011-01-19 01:32:02,0
3955,1,2012-06-13 18:53:20,0
3956,1,2010-10-26 21:02:42,0
3958,1,2011-06-24 18:17:46,0
3959,1,2011-04-21 22:47:11,0
3960,1,2011-03-09 17:52:18,0
3961,1,2012-07-18 15:05:01,0
3961,1,2012-07-18 15:09:13,1
3962,1,2011-10-17 15:09:05,0
3962,1,2011-10-17 20:14:28,1
3964,1,2012-02-03 00:57:25,0
3965,1,2010-12-09 19:37:47,0
3966,1,2011-03-09 00:24:32,0
3967,1,2010-04-20 22:22:14,0
3968,1,2011-11-21 19:57:57,0
3969,1,2011-10-21 18:54:37,0
3970,1,2012-05-23 17:22:05,0
3971,1,2012-05-17 17:55:27,0
3972,1,2011-02-18 01:17:27,0
3973,1,2010-12-30 23:32:12,0
3975,1,2010-11-11 01:37:06,0
3977,1,2010-07-09 23:17:19,0
3978,1,2010-04-29 23:19:26,3
3979,1,2012-05-25 17:08:50,0
3980,1,2011-11-17 19:20:43,0
3981,1,2010-09-03 15:56:15,0
3982,1,2011-06-01 22:47:06,0
3984,1,2011-09-19 20:38:09,0
3985,1,2011-02-23 02:14:10,0
3986,1,2012-06-05 17:50:29,0
3987,1,2011-09-21 23:23:23,0
3987,1,2011-09-22 16:21:33,1
3988,1,2011-06-22 15:43:20,0
3988,1,2011-06-22 15:43:59,1
3989,1,2012-01-13 01:46:38,0
3990,1,2010-09-16 22:49:34,0
3991,1,2010-12-14 20:51:17,0
3993,1,2010-09-10 21:08:22,0
3994,1,2011-03-08 22:11:42,0
3994,1,2011-03-08 22:11:58,1
3995,1,2012-02-16 19:45:32,0
3996,1,2011-05-06 15:55:49,0
3997,1,2010-11-17 20:26:41,0
3998,1,2011-12-23 19:46:09,0
3999,1,2012-01-20 20:18:12,0
4000,1,2011-12-01 17:13:46,0
4001,1,2012-04-26 21:02:41,0
4002,1,2011-07-21 21:44:42,0
4003,1,2011-01-20 20:14:36,0
4003,1,2011-02-01 20:25:42,1
4005,1,2011-09-14 15:59:52,0
4007,1,2012-05-25 15:13:03,0
4008,1,2010-04-02 20:37:23,0
4010,1,2012-04-02 15:25:01,0
4011,1,2011-07-28 17:14:22,0
4012,1,2012-02-17 22:09:27,0
4012,1,2012-02-17 23:43:55,1
4013,1,2012-05-17 22:28:07,0
4014,1,2011-01-29 00:19:26,0
4015,1,2012-07-02 16:30:42,0
4016,1,2011-01-12 00:01:42,0
4018,1,2011-10-27 22:55:40,3
4019,1,2010-10-11 23:15:05,0
4020,1,2011-05-23 21:12:36,0
4021,1,2011-04-14 16:09:20,0
4022,1,2010-12-15 01:33:03,0
4023,1,2011-11-14 22:11:11,0
4024,1,2010-09-16 17:23:13,0
4025,1,2011-03-01 20:51:37,0
4027,1,2012-07-17 23:31:35,0
4028,1,2011-11-04 01:51:30,0
4029,1,2012-06-14 23:56:12,0
4030,1,2012-08-03 20:03:04,0
4032,1,2012-08-06 20:26:32,0
4033,1,2010-09-13 22:53:41,0
4034,1,2012-07-11 18:39:34,0
4035,1,2011-05-24 22:38:40,0
4036,1,2010-10-12 21:02:38,0
4037,1,2012-07-31 17:16:25,0
4038,1,2011-01-20 19:39:28,0
4039,1,2011-12-02 19:06:55,0
4040,1,2011-05-27 17:45:01,0
4041,1,2012-04-11 15:31:35,0
4042,1,2012-02-03 19:48:29,0
4043,1,2010-11-04 17:59:42,0
4044,1,2011-04-07 17:13:54,0
4045,1,2010-09-09 21:52:41,0
4046,1,2012-03-12 20:01:53,0
4047,1,2010-11-09 00:58:58,3
4048,1,2012-09-13 21:22:30,0
4049,1,2011-07-04 22:08:11,0
4050,1,2010-11-11 23:43:24,0
4050,1,2010-11-11 23:43:44,1
4051,1,2012-07-19 23:09:30,0
4052,1,2011-12-30 19:14:07,0
4053,1,2012-07-25 23:31:35,0
4053,1,2012-07-25 23:52:58,1
4054,1,2012-08-10 00:03:00,0
4055,1,2012-05-17 17:56:43,0
4056,1,2012-02-15 00:09:55,0
4057,1,2011-05-17 22:32:51,0
4058,1,2011-09-13 21:51:01,0
4059,1,2010-10-08 00:07:26,0
4059,1,2010-10-08 17:24:21,1
4060,1,2012-07-16 18:11:45,0
4061,1,2012-07-18 20:02:20,0
4062,1,2010-07-23 16:59:35,0
4063,1,2011-05-02 15:38:49,0
4064,1,2012-05-31 23:32:58,0
4065,1,2010-07-19 21:52:32,0
4065,1,2010-07-19 23:28:15,1
4066,1,2010-06-16 16:28:25,0
4068,1,2012-09-04 21:52:49,0
4070,1,2011-02-11 01:18:25,0
4071,1,2012-01-13 18:44:29,0
4072,1,2010-09-28 16:56:53,0
4075,1,2010-07-27 23:45:42,3
4076,1,2012-06-28 16:55:14,0
4077,1,2010-03-15 19:35:57,3
4078,1,2010-03-16 17:09:09,0
4079,1,2010-07-12 20:42:45,0
4080,1,2011-10-14 15:50:40,0
4081,1,2011-06-28 17:06:59,0
4081,1,2011-06-28 17:07:16,1
4082,1,2012-09-11 23:56:14,0
4083,1,2011-11-18 23:49:38,0
4085,1,2011-09-21 18:01:14,0
4085,1,2011-09-21 22:26:12,1
4086,1,2012-05-04 23:34:41,0
4087,1,2012-01-12 21:00:49,0
4088,1,2010-09-20 16:30:07,0
4089,1,2011-08-02 21:07:34,0
4090,1,2012-07-23 19:04:02,0
4091,1,2011-07-04 22:17:49,0
4092,1,2010-10-08 16:07:26,0
4093,1,2012-02-10 01:19:34,0
4094,1,2011-02-11 01:14:57,0
4095,1,2010-12-20 17:53:54,0
4096,1,2012-07-25 20:23:22,0
4097,1,2011-12-13 17:02:11,0
4098,1,2010-05-10 21:50:22,0
4099,1,2010-12-02 00:56:02,0
4100,1,2011-02-25 18:08:23,0
4101,1,2010-06-24 20:54:57,0
4103,1,2011-08-24 22:30:52,0
4104,1,2011-11-18 01:57:00,0
4105,1,2010-04-21 23:28:50,0
4106,1,2012-07-30 22:08:31,0
4108,1,2010-03-09 17:06:03,0
4109,1,2011-04-14 00:00:26,0
4110,1,2011-12-28 23:40:31,0
4111,1,2012-03-14 20:09:46,0
4113,1,2011-02-05 00:31:18,0
4113,1,2011-02-18 20:48:30,1
4114,1,2011-10-26 20:54:27,0
4115,1,2012-06-21 21:29:54,0
4116,1,2012-01-03 00:39:13,0
4117,1,2011-08-04 00:00:11,0
4118,1,2012-01-11 19:29:37,0
4119,1,2012-07-20 00:00:07,0
4120,1,2012-06-06 22:57:04,0
4121,1,2012-03-21 01:05:40,0
4122,1,2011-11-09 22:42:12,0
4123,1,2011-08-02 22:16:52,0
4124,1,2011-11-15 17:50:50,0
4125,1,2011-11-24 18:27:50,0
4126,1,2011-10-06 16:38:15,0
4128,1,2010-10-18 15:46:57,3
4129,1,2012-04-03 22:18:14,0
4130,1,2010-09-24 16:39:24,3
4131,1,2012-05-03 22:59:08,0
4132,1,2011-12-21 20:21:53,0
4133,1,2011-12-19 17:19:43,0
4134,1,2011-06-30 18:08:34,0
4134,1,2011-06-30 18:09:10,1
4135,1,2012-01-18 20:43:06,0
4136,1,2012-01-25 00:06:42,0
4137,1,2011-08-23 15:58:18,0
4137,1,2011-08-23 20:15:20,1
4138,1,2010-09-23 22:09:14,0
4139,1,2011-09-30 23:14:12,0
4140,1,2011-01-27 23:49:03,0
4141,1,2010-12-24 01:39:25,0
4142,1,2012-06-27 16:07:48,0
4143,1,2010-04-12 20:56:48,3
4144,1,2011-10-11 21:29:40,0
4146,1,2011-01-03 23:26:44,0
4148,1,2011-07-28 15:30:47,0
4150,1,2010-06-16 21:27:22,0
4151,1,2012-06-27 15:38:52,0
4152,1,2011-06-21 15:42:32,0
4152,1,2011-06-21 15:42:47,1
4153,1,2011-11-04 18:17:14,0
4155,1,2012-05-04 15:07:39,0
4157,1,2010-11-11 18:09:18,0
4158,1,2012-01-16 23:39:21,0
4159,1,2012-03-28 22:40:13,0
4162,1,2012-08-13 15:11:00,0
4163,1,2011-03-04 22:45:21,0
4164,1,2011-05-10 21:52:19,0
4166,1,2012-04-03 19:00:16,0
4167,1,2010-09-30 23:24:50,0
4168,1,2010-03-19 20:43:08,0
4169,1,2010-06-29 18:30:18,0
4170,1,2012-02-27 22:35:06,0
4171,1,2011-03-09 17:10:36,0
4173,1,2012-01-10 19:01:57,0
4174,1,2011-05-02 16:21:45,0
4175,1,2011-02-10 18:24:09,0
4176,1,2011-03-04 01:00:23,0
4177,1,2010-04-12 22:11:10,0
4178,1,2011-08-10 20:22:47,3
4179,1,2011-02-23 00:08:20,0
4179,1,2011-02-23 01:19:22,1
4180,1,2012-07-19 20:10:18,0
4181,1,2012-02-09 19:04:23,0
4182,1,2011-01-14 00:12:12,0
4184,1,2011-04-27 17:40:47,0
4186,1,2011-05-27 22:36:33,0
4188,1,2011-12-02 18:40:23,0
4189,1,2012-05-10 16:20:35,0
4190,1,2011-03-01 00:18:09,0
4191,1,2012-01-13 22:16:43,0
4192,1,2011-03-03 00:31:39,0
4193,1,2012-07-19 18:33:30,0
4195,1,2010-09-29 20:40:00,0
4196,1,2011-11-23 19:59:12,0
4198,1,2012-06-26 16:11:31,0
4199,1,2011-02-15 19:50:35,0
4200,1,2011-02-23 02:15:08,0
4201,1,2012-02-27 22:38:13,0
4202,1,2012-03-21 22:26:57,0
4203,1,2010-10-18 16:54:15,0
4204,1,2011-12-29 01:18:12,0
4205,1,2012-04-05 22:38:29,0
4207,1,2010-02-26 19:35:39,3
4207,1,2010-03-05 21:29:12,1
4208,1,2012-05-09 00:11:09,0
4209,1,2011-05-27 15:26:35,0
4210,1,2011-10-19 23:04:22,0
4211,1,2012-02-17 01:13:24,0
4213,1,2011-07-08 22:11:18,0
4213,1,2011-07-13 17:14:47,1
4214,1,2012-03-19 23:51:20,0
4215,1,2012-02-17 01:04:39,0
4215,1,2012-02-17 17:38:07,1
4216,1,2012-05-03 20:23:40,0
4217,1,2010-10-20 23:18:48,0
4218,1,2011-07-04 21:58:03,0
4219,1,2011-06-23 23:00:23,0
4219,1,2011-06-23 23:00:41,1
4220,1,2012-07-16 23:48:14,0
4221,1,2012-02-14 00:04:30,0
4222,1,2012-04-17 23:39:42,0
4223,1,2010-03-11 17:06:12,0
4223,1,2010-03-11 17:06:24,1
4224,1,2011-02-14 18:47:22,0
4225,1,2010-09-24 18:35:03,0
4226,1,2011-02-28 20:53:20,0
4227,1,2010-11-30 20:01:26,0
4228,1,2011-09-21 17:19:22,0
4229,1,2010-12-16 18:03:01,0
4230,1,2012-06-05 23:44:38,0
4231,1,2011-08-22 21:59:31,0
4232,1,2011-12-13 23:07:18,0
4233,1,2012-04-02 21:33:49,0
4234,1,2011-11-10 19:44:55,0
4235,1,2011-11-08 20:58:32,0
4236,1,2011-02-15 18:48:01,0
4237,1,2010-09-17 20:32:49,0
4237,1,2010-09-21 15:31:45,1
4238,1,2012-07-26 18:06:04,0
4239,1,2011-10-06 18:28:06,0
4240,1,2012-06-05 20:23:17,0
4243,1,2010-05-04 23:12:20,3
4244,1,2011-12-05 17:50:40,0
4245,1,2011-11-10 20:31:09,0
4246,1,2011-05-09 17:34:42,0
4247,1,2010-04-07 22:23:36,0
4248,1,2012-08-02 20:45:08,0
4249,1,2012-03-19 20:18:58,0
4250,1,2010-09-13 18:05:55,0
4251,1,2012-01-04 16:47:15,0
4252,1,2011-04-19 16:21:40,0
4253,1,2011-05-26 23:41:54,0
4254,1,2012-01-02 18:42:51,0
4256,1,2011-05-10 15:34:01,0
4258,1,2010-08-23 22:45:15,0
4260,1,2012-04-20 18:18:54,0
4261,1,2011-05-20 21:33:59,0
4262,1,2012-02-14 20:55:20,0
4263,1,2010-05-22 01:08:34,0
4264,1,2010-05-04 15:40:02,0
4265,1,2011-10-20 21:36:37,0
4266,1,2012-06-13 16:42:12,3
4267,1,2012-01-13 20:48:56,0
4269,1,2012-08-03 18:41:12,0
4270,1,2011-02-22 01:54:43,0
4271,1,2011-12-22 00:24:59,0
4272,1,2012-04-26 18:51:08,0
4273,1,2011-04-18 18:00:17,0
4273,1,2011-04-18 18:01:04,1
4274,1,2011-04-01 23:41:00,0
4275,1,2010-06-10 18:41:37,0
4276,1,2011-12-06 17:45:34,0
4277,1,2010-10-28 21:40:19,0
4278,1,2012-01-06 00:50:13,0
4279,1,2012-01-14 01:33:19,0
4279,1,2012-01-14 01:54:17,1
4280,1,2011-03-11 18:12:51,0
4281,1,2011-05-12 00:06:46,0
4282,1,2012-08-08 23:16:40,0
4283,1,2011-01-03 17:32:40,0
4284,1,2010-01-13 21:30:37,0
4284,1,2010-01-27 22:31:11,1
4285,1,2010-05-19 21:15:14,3
4286,1,2012-06-28 23:40:58,0
4287,1,2011-09-10 00:08:16,0
4287,1,2011-09-15 18:37:49,1
4288,1,2010-04-23 18:42:05,0
4289,1,2012-02-22 20:49:22,0
4290,1,2010-02-10 17:58:35,0
4291,1,2011-09-01 21:39:40,0
4292,1,2012-05-14 20:51:03,0
4293,1,2012-03-07 01:52:52,0
4294,1,2011-09-27 20:53:57,0
4294,1,2011-09-28 20:14:19,1
4295,1,2011-02-15 19:37:54,0
4296,1,2010-05-11 22:05:51,0
4297,1,2012-06-05 20:16:18,0
4298,1,2012-07-17 22:16:05,0
4299,1,2011-12-28 00:52:34,0
4302,1,2011-02-15 16:58:48,0
4303,1,2010-11-23 20:14:21,0
4304,1,2012-04-02 22:36:46,0
4305,1,2012-06-20 22:36:38,0
4306,1,2010-12-02 18:52:55,0
4307,1,2010-09-03 15:13:54,0
4308,1,2011-09-15 17:32:13,0
4309,1,2012-06-11 15:12:31,0
4310,1,2010-04-12 15:41:13,0
4311,1,2012-05-25 22:24:46,0
4312,1,2010-12-16 20:06:41,0
4313,1,2012-07-19 15:32:21,0
4314,1,2012-01-11 19:39:13,0
4315,1,2012-02-10 23:52:23,0
4316,1,2010-11-22 20:08:42,0
4317,1,2012-04-13 15:59:44,0
4318,1,2011-03-28 19:01:04,0
4319,1,2012-05-09 17:18:27,0
4320,1,2011-10-20 23:57:36,0
4321,1,2010-10-07 23:03:31,0
4322,1,2011-08-03 16:04:37,0
4322,1,2011-08-03 16:35:58,1
4323,1,2011-09-26 22:57:23,0
4326,1,2012-09-03 23:52:09,0
4327,1,2010-04-21 23:42:16,0
4328,1,2012-07-20 23:36:36,0
4329,1,2010-04-02 15:21:01,0
4329,1,2010-04-02 15:26:37,1
4330,1,2011-04-14 23:43:26,0
4331,1,2010-09-30 17:14:54,0
4333,1,2011-02-01 17:38:05,0
4334,1,2012-03-15 22:24:42,0
4335,1,2012-01-25 17:22:50,0
4336,1,2010-03-19 23:50:02,0
4339,1,2010-07-22 23:27:31,0
4339,1,2010-07-26 16:13:14,1
4340,1,2012-01-13 22:19:41,0
4341,1,2011-09-01 21:53:36,0
4342,1,2010-06-29 20:42:13,0
4343,1,2012-01-10 20:06:29,0
4344,1,2012-02-10 23:47:22,0
4345,1,2010-05-17 18:00:48,0
4346,1,2011-02-18 19:02:32,0
4347,1,2011-10-10 16:45:13,0
4349,1,2011-04-13 17:04:48,0
4350,1,2011-06-30 22:58:30,0
4350,1,2011-06-30 22:58:50,1
4355,1,2012-08-02 17:31:42,0
4356,1,2010-10-28 21:21:47,0
4357,1,2012-07-03 16:57:53,0
4358,1,2010-03-29 22:15:18,0
4359,1,2012-09-07 15:20:40,0
4360,1,2011-02-24 17:35:04,0
4362,1,2011-10-05 23:11:55,0
4363,1,2011-06-30 16:01:02,0
4363,1,2011-06-30 16:50:35,1
4363,1,2011-07-01 15:30:04,1
4364,1,2012-03-21 17:04:06,0
4365,1,2012-09-04 00:17:42,0
4366,1,2010-11-11 18:07:43,0
4368,1,2011-09-21 22:51:23,0
4371,1,2012-08-03 15:59:29,0
4372,1,2012-03-07 19:56:15,0
4373,1,2012-05-18 20:25:33,0
4374,1,2010-07-21 21:18:13,0
4375,1,2010-05-10 22:22:20,3
4376,1,2010-05-04 15:34:47,0
4377,1,2011-10-11 21:11:31,0
4378,1,2010-02-04 17:20:45,0
4378,1,2010-02-04 17:21:00,1
4379,1,2012-05-10 21:11:09,0
4380,1,2011-04-11 18:09:37,0
4381,1,2011-05-04 20:27:32,0
4382,1,2011-02-16 19:19:31,0
4384,1,2010-08-06 15:48:37,0
4386,1,2012-04-19 17:16:11,0
4387,1,2010-06-04 22:09:37,0
4387,1,2010-06-04 22:10:17,1
4387,1,2010-06-17 22:00:15,1
4388,1,2011-12-13 00:52:55,0
4390,1,2012-03-06 20:21:35,0
4391,1,2011-03-09 17:23:24,0
4392,1,2010-02-20 01:10:34,0
4392,1,2010-02-20 01:11:03,1
4393,1,2010-12-10 01:44:19,0
4394,1,2012-08-07 20:54:13,0
4395,1,2012-05-24 16:29:43,0
4396,1,2012-08-14 16:35:18,0
4397,1,2012-02-03 17:38:06,0
4399,1,2011-03-28 16:34:58,0
4400,1,2010-12-15 20:42:30,0
4401,1,2011-05-17 21:37:49,0
4402,1,2010-09-23 23:51:11,0
4403,1,2012-05-18 17:46:19,0
4404,1,2011-03-07 18:06:21,0
4405,1,2011-02-21 17:46:49,0
4406,1,2011-02-24 19:13:34,0
4408,1,2012-01-27 01:30:04,0
4409,1,2011-11-18 01:09:39,0
4411,1,2012-06-15 20:58:46,0
4412,1,2010-04-07 23:18:34,3
4413,1,2012-04-05 21:17:34,0
4414,1,2011-04-27 18:35:49,0
4416,1,2012-04-19 15:11:35,0
4418,1,2012-07-09 17:39:00,0
4419,1,2012-08-08 19:07:12,0
4420,1,2012-06-12 22:07:49,0
4422,1,2012-08-03 16:51:46,0
4425,1,2010-12-08 00:39:13,0
4427,1,2011-11-25 01:51:00,0
4428,1,2010-08-13 17:14:03,0
4429,1,2012-03-07 19:58:25,0
4430,1,2012-07-24 17:31:05,0
4432,1,2011-03-29 17:07:26,0
4434,1,2011-03-04 00:43:57,0
4435,1,2011-05-18 16:45:27,0
4436,1,2011-09-23 15:06:00,0
4437,1,2011-10-17 16:53:02,0
4438,1,2011-07-14 20:22:44,0
4439,1,2011-01-18 23:23:46,0
4440,1,2010-07-08 16:09:12,0
4441,1,2011-02-09 18:35:37,0
4442,1,2010-10-14 00:01:54,0
4442,1,2010-10-15 15:41:52,1
4442,1,2010-10-15 15:41:52,1
4443,1,2011-07-13 17:58:55,0
4444,1,2012-07-24 23:05:30,0
4445,1,2011-10-04 17:16:43,0
4446,1,2012-05-17 15:35:33,0
4447,1,2011-09-05 22:43:09,0
4448,1,2012-01-09 18:55:51,0
4449,1,2011-12-19 19:00:55,0
4450,1,2011-06-27 17:45:32,0
4450,1,2011-06-27 17:45:52,1
4451,1,2010-10-04 16:31:15,0
4452,1,2012-03-14 20:32:41,0
4453,1,2011-04-26 17:08:03,0
4454,1,2011-02-14 20:20:15,0
4455,1,2012-05-09 22:13:40,0
4457,1,2012-03-20 20:43:52,0
4458,1,2011-06-07 22:25:54,0
4459,1,2012-02-10 19:01:32,0
4460,1,2012-05-18 15:20:21,0
4461,1,2012-07-27 22:50:44,0
4462,1,2010-10-19 20:48:46,0
4464,1,2011-07-14 20:44:49,0
4464,1,2011-07-15 18:17:15,1
4466,1,2012-05-11 15:50:25,0
4467,1,2011-06-27 23:22:36,0
4467,1,2011-06-27 23:31:36,1
4467,1,2011-07-05 15:35:49,1
4468,1,2012-05-03 20:46:00,0
4469,1,2012-08-01 15:06:00,0
4470,1,2010-11-29 17:58:09,0
4471,1,2011-09-27 22:30:09,0
4472,1,2011-11-09 00:49:42,0
4473,1,2010-12-20 17:50:49,0
4474,1,2011-07-19 17:12:51,0
4475,1,2012-07-16 21:45:42,0
4476,1,2011-09-29 17:43:28,0
4477,1,2010-06-23 22:35:52,0
4479,1,2011-08-31 20:23:56,0
4480,1,2010-12-06 23:36:06,0
4481,1,2011-09-02 21:35:01,0
4482,1,2010-08-02 16:25:40,0
4483,1,2011-06-09 22:53:06,0
4484,1,2011-11-28 23:07:27,0
4486,1,2010-11-11 01:56:35,0
4488,1,2010-12-13 20:24:06,0
4489,1,2011-01-06 01:52:01,0
4490,1,2011-04-28 19:36:40,0
4491,1,2012-03-27 21:06:26,0
4492,1,2011-12-02 01:47:08,0
4493,1,2012-06-21 23:51:10,0
4494,1,2011-09-22 17:15:12,0
4495,1,2011-07-07 15:28:31,0
4496,1,2010-03-31 17:18:40,3
4497,1,2010-05-11 21:43:40,0
4497,1,2010-05-19 00:24:49,1
4498,1,2012-01-27 19:26:59,0
4499,1,2010-12-27 22:46:04,0
4499,1,2011-01-21 23:31:53,1
4500,1,2010-09-20 23:58:57,0
4502,1,2011-04-19 17:07:12,0
4503,1,2011-05-20 16:49:52,0
4504,1,2011-05-27 21:05:23,0
4505,1,2010-01-29 19:14:43,0
4507,1,2010-03-29 21:38:36,3
4508,1,2012-04-04 17:39:57,0
4509,1,2011-09-16 15:35:57,0
4510,1,2010-09-20 20:59:33,0
4512,1,2011-11-03 23:18:03,0
4514,1,2010-09-15 18:52:41,0
4515,1,2012-05-10 18:02:57,0
4516,1,2011-06-16 21:11:20,0
4517,1,2011-08-22 15:52:03,0
4518,1,2011-10-12 17:02:12,0
4519,1,2011-05-25 23:56:19,0
4520,1,2010-11-29 22:49:51,0
4521,1,2011-04-19 22:08:37,0
4522,1,2012-07-27 21:15:57,0
4523,1,2010-12-23 19:15:45,0
4524,1,2010-06-22 17:12:01,0
4525,1,2011-01-06 00:46:10,0
4526,1,2012-07-23 15:00:05,0
4527,1,2012-02-15 18:14:20,0
4528,1,2011-11-18 22:33:44,0
4529,1,2011-04-21 21:31:13,0
4533,1,2012-07-18 18:29:48,0
4534,1,2011-09-12 16:26:28,0
4536,1,2011-07-06 18:04:33,0
4538,1,2012-02-11 00:14:48,0
4539,1,2010-01-14 18:10:48,0
4539,1,2010-01-14 18:11:02,1
4540,1,2011-01-21 23:01:30,0
4541,1,2012-02-10 23:32:25,0
4542,1,2012-06-08 20:10:27,0
4543,1,2011-01-11 19:42:26,0
4545,1,2012-03-29 21:55:12,0
4546,1,2012-01-27 01:53:54,0
4546,1,2012-01-27 17:27:55,1
4547,1,2012-07-18 23:08:39,0
4548,1,2011-01-12 01:49:26,0
4549,1,2011-10-05 18:15:43,0
4550,1,2011-10-28 18:58:43,0
4551,1,2012-06-08 15:10:00,0
4552,1,2012-01-09 22:27:05,0
4553,1,2011-12-30 17:51:21,0
4554,1,2012-06-20 15:58:24,0
4555,1,2012-04-12 23:57:01,0
4556,1,2012-05-21 23:31:36,0
4557,1,2012-06-26 15:01:34,0
4559,1,2012-03-14 19:48:38,0
4560,1,2012-05-11 20:07:38,0
4561,1,2010-09-03 23:49:04,0
4562,1,2012-01-17 20:12:49,0
4564,1,2010-04-09 23:09:04,0
4564,1,2010-04-09 23:12:08,1
4565,1,2011-07-13 17:49:35,3
4565,1,2011-07-13 17:49:39,1
4566,1,2012-03-30 17:09:55,0
4567,1,2012-01-19 20:18:39,0
4568,1,2011-09-16 17:12:06,0
4569,1,2011-05-10 17:42:08,0
4570,1,2012-04-10 18:47:37,0
4571,1,2011-02-19 00:52:46,0
4572,1,2011-11-18 01:09:50,0
4573,1,2010-11-26 19:23:53,0
4574,1,2011-02-03 22:21:44,0
4576,1,2012-02-14 19:21:51,0
4577,1,2010-03-25 00:28:51,0
4578,1,2011-12-28 22:21:10,0
4579,1,2010-07-26 18:02:35,0
