CaseID,ActivityID,CompleteTimestamp,PreActivityID
2,8,2012-04-03 16:55:53,1
3,8,2010-11-04 01:16:11,1
4,8,2010-12-16 17:01:07,1
5,8,2012-04-03 21:45:33,1
5,8,2012-04-03 22:15:02,6
6,8,2011-10-25 23:58:55,1
8,8,2012-07-05 17:25:45,1
9,8,2010-05-24 18:26:28,1
10,8,2010-03-19 17:47:06,1
11,8,2011-12-22 00:25:34,1
14,8,2011-07-05 21:47:22,1
16,8,2012-02-23 01:14:07,1
16,8,2012-02-23 01:23:57,8
17,8,2011-11-03 01:17:52,1
19,8,2010-07-09 18:10:52,1
21,8,2011-01-27 17:06:37,1
22,8,2012-07-23 15:49:14,1
24,8,2010-06-08 19:06:56,1
25,8,2010-12-30 22:14:04,1
26,8,2011-03-31 15:31:59,1
26,8,2011-03-31 19:00:28,9
27,8,2011-11-24 23:02:35,1
29,8,2012-07-30 18:07:40,1
30,8,2011-02-07 18:19:45,1
32,8,2011-04-27 20:46:13,1
36,8,2011-06-30 20:58:23,1
37,8,2011-02-10 20:13:33,1
37,8,2011-03-02 22:24:07,6
37,8,2011-03-04 18:37:50,9
38,8,2012-03-20 16:58:15,1
40,8,2012-08-09 20:13:29,1
41,8,2010-12-14 19:44:57,1
42,8,2011-06-16 20:51:05,1
43,8,2012-04-10 17:27:27,1
44,8,2010-11-30 01:19:59,1
45,8,2012-01-25 20:46:19,1
47,8,2011-05-25 17:48:43,1
48,8,2010-12-02 23:07:41,1
49,8,2011-11-25 23:47:48,1
50,8,2012-01-16 19:59:51,1
51,8,2012-06-14 15:07:06,1
52,8,2012-07-26 23:18:35,1
53,8,2010-10-15 21:02:36,1
53,8,2010-10-29 21:42:01,9
55,8,2011-11-01 00:19:03,1
57,8,2010-11-02 23:56:13,1
59,8,2012-03-28 20:28:47,1
60,8,2011-04-06 23:36:04,1
60,8,2011-04-13 16:49:14,9
61,8,2011-09-16 15:18:12,1
64,8,2011-04-27 18:30:04,9
64,8,2011-05-06 17:42:13,9
66,8,2012-06-26 16:47:39,1
67,8,2011-01-11 17:40:08,1
68,8,2012-04-11 22:09:45,1
70,8,2011-06-07 15:35:14,1
71,8,2011-11-02 17:20:41,1
72,8,2011-01-25 22:15:58,1
75,8,2010-04-23 15:44:59,1
78,8,2011-11-08 18:22:35,1
80,8,2012-08-03 20:12:15,1
81,8,2010-02-09 17:35:12,1
81,8,2010-02-19 17:31:40,9
84,8,2010-12-10 18:16:17,1
85,8,2011-02-25 02:03:45,1
86,8,2012-06-15 15:27:33,1
87,8,2011-11-18 01:58:30,1
87,8,2011-11-28 22:50:35,6
88,8,2010-10-04 18:48:54,9
90,8,2010-03-17 18:02:03,1
91,8,2011-05-24 20:52:07,1
92,8,2010-03-09 19:09:44,1
93,8,2012-07-30 17:39:04,1
94,8,2012-02-08 17:34:08,1
95,8,2011-09-29 21:54:32,1
96,8,2012-02-28 17:52:59,1
98,8,2012-07-05 20:20:39,1
99,8,2011-05-11 18:17:55,1
101,8,2010-06-29 15:35:47,1
102,8,2012-01-30 18:09:57,1
103,8,2010-06-07 23:16:44,1
103,8,2010-06-09 15:18:05,9
104,8,2011-01-27 18:32:40,1
108,8,2011-01-24 18:21:26,1
109,8,2010-09-27 17:11:48,1
109,8,2010-11-08 18:33:36,9
110,8,2010-12-16 18:40:25,1
111,8,2010-06-29 23:16:26,1
111,8,2010-06-30 22:19:00,6
111,8,2010-07-02 22:07:18,9
112,8,2011-10-07 22:03:47,1
113,8,2010-05-25 21:48:24,1
116,8,2011-04-08 21:02:38,1
117,8,2012-07-20 16:49:34,1
118,8,2011-03-07 20:02:41,1
119,8,2011-12-05 23:58:56,1
120,8,2012-05-08 18:53:06,1
121,8,2011-02-09 23:21:02,1
122,8,2011-02-15 20:17:46,1
123,8,2011-05-06 15:33:39,1
123,8,2011-05-12 21:45:43,9
124,8,2012-06-08 14:47:21,1
125,8,2010-08-19 17:49:49,1
125,8,2010-09-13 16:15:21,9
127,8,2010-03-12 18:29:00,1
130,8,2010-04-08 17:01:11,1
132,8,2012-06-21 21:30:02,1
133,8,2011-01-26 21:00:03,1
134,8,2011-04-19 22:45:25,1
135,8,2011-02-08 20:58:01,1
135,8,2011-02-14 21:01:11,9
135,8,2011-03-03 18:46:37,6
136,8,2012-06-07 20:19:44,1
137,8,2011-08-11 18:30:47,1
138,8,2012-03-02 18:13:56,1
139,8,2010-04-19 17:15:20,1
141,8,2011-01-12 19:39:56,1
141,8,2011-01-12 20:07:51,9
141,8,2011-01-26 18:25:14,9
142,8,2012-03-08 22:53:36,1
146,8,2010-10-05 23:09:10,1
148,8,2012-01-10 01:14:26,1
149,8,2011-02-10 00:16:21,1
150,8,2011-05-18 16:41:36,1
150,8,2011-05-26 15:55:33,9
151,8,2010-02-10 19:33:38,1
152,8,2012-05-24 18:00:37,1
153,8,2012-07-02 19:00:33,1
155,8,2010-12-17 19:45:21,1
155,8,2011-01-18 20:15:13,9
157,8,2011-05-31 23:42:09,1
158,8,2010-09-21 15:45:37,1
159,8,2011-09-21 15:46:44,1
160,8,2011-02-25 22:26:45,1
161,8,2010-08-12 18:33:35,1
163,8,2010-10-27 19:46:30,1
164,8,2010-09-28 20:46:50,1
166,8,2010-02-24 01:56:28,1
167,8,2011-11-25 19:12:19,1
168,8,2012-01-09 20:20:28,1
170,8,2012-05-03 15:51:09,1
170,8,2012-05-17 15:46:38,9
171,8,2011-08-30 18:06:35,1
172,8,2010-09-21 22:03:12,1
173,8,2010-11-16 21:58:01,1
174,8,2011-11-04 00:48:18,1
175,8,2010-10-05 15:59:41,1
176,8,2012-07-17 18:44:48,1
177,8,2012-01-18 17:21:52,1
178,8,2012-02-22 23:49:52,1
179,8,2012-04-12 17:29:39,1
180,8,2011-10-06 22:07:44,1
182,8,2010-05-24 18:55:17,1
183,8,2010-05-24 15:15:57,1
185,8,2010-11-03 23:06:18,1
185,8,2010-11-18 18:52:12,9
186,8,2012-07-13 21:25:40,1
187,8,2010-10-27 21:27:14,1
188,8,2012-01-09 22:59:09,1
189,8,2010-02-03 23:27:07,1
190,8,2011-02-22 01:44:27,1
194,8,2012-02-10 19:28:30,1
195,8,2010-09-23 17:25:07,1
195,8,2010-09-29 15:06:22,9
195,8,2010-09-29 20:29:35,9
196,8,2011-11-17 22:31:33,1
197,8,2012-06-04 15:56:22,1
198,8,2011-04-28 21:46:46,1
199,8,2011-12-14 00:45:50,0
200,8,2012-04-13 23:07:02,1
201,8,2011-08-22 17:14:28,1
203,8,2010-06-11 20:22:40,1
204,8,2011-11-01 00:30:50,1
205,8,2010-12-09 20:19:43,1
205,8,2010-12-21 22:36:16,9
206,8,2011-03-04 19:29:32,1
206,8,2011-03-11 20:48:16,9
207,8,2011-06-23 21:54:10,1
208,8,2010-10-12 20:58:07,1
209,8,2012-01-11 19:40:06,1
212,8,2012-05-14 20:39:41,1
214,8,2011-01-26 17:57:35,1
215,8,2010-04-27 22:30:12,1
216,8,2010-03-24 20:14:37,1
217,8,2011-03-04 18:35:05,1
218,8,2011-03-26 01:17:36,1
218,8,2011-03-28 17:02:16,6
218,8,2011-04-08 20:49:14,9
219,8,2011-11-11 19:10:51,0
219,8,2011-11-15 17:46:26,9
220,8,2011-07-28 21:41:04,1
221,8,2011-11-26 00:11:06,1
223,8,2012-03-16 20:30:26,1
224,8,2012-05-28 22:21:21,1
226,8,2011-04-12 00:01:52,1
227,8,2011-05-17 17:14:52,1
228,8,2010-09-23 16:37:42,1
231,8,2010-10-21 00:04:16,1
234,8,2010-07-07 18:10:15,1
236,8,2011-02-05 01:33:09,1
238,8,2010-07-27 15:36:36,1
239,8,2011-07-14 23:50:15,1
240,8,2011-08-02 23:54:16,1
241,8,2012-05-18 14:58:20,1
242,8,2012-08-22 22:24:49,1
243,8,2012-06-20 22:44:02,1
244,8,2010-11-25 02:21:52,1
245,8,2010-04-29 18:15:16,1
246,8,2010-11-02 23:57:16,1
247,8,2012-08-10 15:02:47,3
249,8,2011-04-20 15:35:25,1
250,8,2011-02-23 02:07:16,1
251,8,2012-07-03 15:44:06,1
252,8,2011-01-19 23:55:35,1
252,8,2011-01-24 22:38:44,6
254,8,2010-11-30 23:09:41,1
255,8,2012-03-06 22:39:56,1
256,8,2011-01-27 19:59:56,1
257,8,2011-02-09 22:50:46,1
258,8,2010-12-02 19:16:17,1
258,8,2010-12-07 01:45:40,9
259,8,2010-03-24 17:39:20,1
260,8,2010-10-19 18:17:06,1
261,8,2012-07-30 18:55:48,1
263,8,2011-12-29 19:16:43,1
264,8,2011-03-11 17:05:59,1
267,8,2011-05-05 17:42:08,1
268,8,2010-07-23 16:29:53,1
269,8,2011-12-12 17:40:49,0
270,8,2011-04-01 16:49:20,1
270,8,2011-04-04 18:05:40,9
271,8,2010-03-08 20:52:48,1
272,8,2012-01-25 17:39:02,1
273,8,2010-03-26 00:32:12,1
274,8,2012-04-26 16:37:56,1
275,8,2010-06-28 22:02:44,1
276,8,2010-03-30 23:59:10,1
277,8,2012-03-13 18:48:04,1
278,8,2010-06-16 16:46:50,9
278,8,2010-06-21 23:04:47,9
280,8,2010-11-25 23:03:26,1
280,8,2010-11-30 01:25:15,9
280,8,2010-11-30 19:58:20,6
281,8,2011-07-04 20:19:44,1
283,8,2012-06-18 18:01:49,1
284,8,2011-11-08 17:24:19,1
285,8,2012-05-03 16:00:14,1
287,8,2011-02-08 16:49:34,1
288,8,2011-11-17 18:36:01,1
289,8,2010-09-07 22:44:49,1
291,8,2010-10-13 18:22:15,1
292,8,2012-08-02 16:48:49,1
293,8,2012-08-10 21:16:56,1
294,8,2010-05-14 21:02:16,1
295,8,2012-02-15 18:30:22,1
297,8,2010-07-15 20:54:40,1
298,8,2010-12-01 18:11:18,1
300,8,2012-03-22 01:34:39,1
301,8,2010-05-06 21:01:24,1
301,8,2010-05-06 22:36:41,6
301,8,2010-05-07 20:17:30,9
302,8,2010-11-20 02:24:12,1
303,8,2012-02-06 17:29:28,1
304,8,2011-10-06 17:30:22,1
305,8,2012-05-07 16:10:51,1
306,8,2010-09-20 23:23:07,1
307,8,2012-06-25 18:06:08,1
309,8,2012-07-23 22:08:08,1
310,8,2011-07-01 15:47:17,1
311,8,2012-03-20 19:06:45,1
312,8,2012-07-18 21:29:20,1
314,8,2011-04-18 17:50:42,1
315,8,2010-11-10 00:17:47,1
315,8,2010-12-07 00:21:54,9
316,8,2010-09-06 23:27:05,1
318,8,2012-05-30 19:01:54,1
319,8,2011-01-19 00:33:26,1
319,8,2011-01-21 23:36:47,9
320,8,2010-12-28 01:51:07,1
321,8,2010-07-02 00:43:16,1
321,8,2010-07-02 20:15:07,9
322,8,2010-11-25 20:50:46,1
322,8,2010-12-14 00:43:50,9
324,8,2012-09-06 16:45:04,0
325,8,2011-02-16 01:52:51,1
327,8,2010-04-29 22:33:17,1
328,8,2012-01-10 18:59:56,1
329,8,2011-11-02 17:42:11,1
329,8,2011-11-16 20:49:39,6
330,8,2010-10-08 18:32:11,1
334,8,2011-04-29 23:36:29,1
334,8,2011-05-03 18:37:08,9
335,8,2010-08-23 17:13:22,1
336,8,2012-04-20 18:54:41,1
338,8,2012-07-20 18:25:48,1
339,8,2012-05-15 23:04:27,1
340,8,2012-03-07 01:53:18,1
342,8,2010-06-02 00:10:52,1
344,8,2012-01-20 02:02:55,1
350,8,2012-01-18 20:36:11,1
351,8,2010-04-01 22:17:35,1
353,8,2010-11-30 01:49:08,1
355,8,2011-01-27 01:34:13,1
356,8,2012-06-20 15:46:29,1
357,8,2012-07-12 14:59:23,1
358,8,2010-09-21 20:27:07,1
359,8,2011-01-21 17:44:16,1
360,8,2010-02-24 01:40:34,1
362,8,2012-03-13 00:06:36,1
363,8,2010-04-14 17:22:18,1
365,8,2010-12-29 18:06:53,1
365,8,2010-12-29 23:46:12,9
366,8,2012-07-10 22:42:32,1
368,8,2011-06-22 23:55:26,1
368,8,2011-07-20 16:13:16,9
369,8,2011-07-14 16:37:19,1
369,8,2011-07-14 16:51:59,8
371,8,2012-01-26 19:51:43,1
372,8,2012-05-24 23:18:41,1
373,8,2011-12-16 22:59:19,1
375,8,2012-05-10 20:25:31,1
376,8,2010-05-05 18:35:13,1
376,8,2010-05-17 16:11:07,9
377,8,2011-12-19 20:09:41,1
379,8,2010-07-26 20:44:10,1
381,8,2012-04-12 16:19:36,1
385,8,2010-12-16 00:47:56,1
386,8,2011-05-10 16:53:00,1
386,8,2011-05-17 16:52:37,9
387,8,2011-12-14 21:05:59,1
388,8,2010-07-27 15:03:48,9
389,8,2011-06-29 16:35:06,1
390,8,2010-01-18 18:30:24,1
391,8,2011-09-16 22:54:21,1
393,8,2010-10-29 22:07:35,1
394,8,2012-01-13 18:45:33,1
395,8,2011-12-15 19:32:56,1
396,8,2010-09-23 23:36:50,1
397,8,2012-08-03 15:04:30,1
398,8,2012-01-25 17:39:20,1
400,8,2011-09-28 15:08:53,1
401,8,2010-04-29 21:01:59,1
403,8,2012-01-18 17:04:57,1
404,8,2010-02-11 23:30:44,1
405,8,2012-01-20 17:18:14,1
405,8,2012-01-23 19:34:09,6
406,8,2010-01-14 20:42:31,1
409,8,2011-08-30 16:33:47,1
410,8,2010-11-23 23:07:33,1
411,8,2010-12-07 23:00:09,1
413,8,2011-09-23 17:20:34,1
415,8,2012-03-20 20:05:18,1
416,8,2010-08-06 23:25:41,1
417,8,2012-04-04 22:04:39,1
418,8,2012-05-07 14:59:13,1
419,8,2010-07-02 21:38:42,1
419,8,2010-07-13 23:01:23,9
420,8,2010-09-15 23:51:01,1
422,8,2011-01-10 17:15:19,1
423,8,2010-09-16 17:03:40,1
424,8,2012-06-15 23:30:32,1
425,8,2012-04-16 22:05:04,1
426,8,2011-03-15 22:18:50,1
426,8,2011-04-14 16:41:49,9
427,8,2012-08-03 15:20:15,1
428,8,2010-10-12 17:58:32,1
429,8,2011-06-23 20:57:37,1
430,8,2010-02-16 20:00:17,1
431,8,2012-02-03 00:06:16,1
432,8,2011-09-30 21:46:24,1
434,8,2012-04-18 16:25:34,1
436,8,2012-06-19 18:32:43,1
437,8,2011-11-15 23:54:29,1
439,8,2012-02-10 02:05:23,1
440,8,2011-06-07 20:16:33,1
442,8,2011-02-19 02:47:39,1
443,8,2011-03-10 20:15:07,1
444,8,2012-07-23 22:27:42,1
445,8,2011-05-16 17:26:52,1
448,8,2012-06-13 18:35:07,1
449,8,2011-03-09 20:49:53,1
449,8,2011-03-10 22:20:24,9
450,8,2010-10-07 23:57:26,1
451,8,2011-07-13 20:27:47,1
452,8,2010-12-06 17:08:44,1
453,8,2012-05-23 15:57:05,1
454,8,2011-11-09 00:52:23,1
455,8,2010-07-12 17:25:59,1
455,8,2010-07-21 16:23:02,9
457,8,2011-12-07 20:41:28,1
458,8,2012-07-26 23:34:07,1
459,8,2011-10-18 17:24:51,1
460,8,2011-02-28 20:00:58,1
461,8,2012-03-28 17:49:03,1
462,8,2012-05-15 16:39:18,1
463,8,2011-11-10 18:21:08,1
464,8,2011-10-07 22:08:34,1
465,8,2011-07-05 18:38:12,1
466,8,2012-06-15 23:35:08,1
468,8,2011-02-04 23:48:04,1
468,8,2011-02-17 18:18:28,9
469,8,2010-05-03 19:20:03,1
469,8,2010-05-03 20:15:04,9
471,8,2011-05-24 16:28:14,1
471,8,2011-06-03 21:21:28,9
472,8,2012-07-23 23:04:26,1
473,8,2011-01-20 20:01:42,1
475,8,2011-04-13 22:44:19,1
476,8,2011-04-01 22:42:31,1
476,8,2011-04-07 23:40:59,9
477,8,2012-01-04 17:34:29,1
478,8,2012-09-21 21:52:10,1
481,8,2011-09-01 22:52:37,1
483,8,2012-08-08 16:00:42,1
485,8,2011-07-04 17:02:11,1
486,8,2011-09-26 20:51:45,1
488,8,2011-09-26 21:33:44,1
489,8,2011-03-24 23:42:08,1
490,8,2011-07-12 15:52:08,1
491,8,2012-04-16 15:07:02,1
492,8,2012-05-31 14:59:24,1
493,8,2011-12-27 17:30:02,1
494,8,2011-03-30 16:30:43,1
495,8,2012-07-19 23:51:21,1
497,8,2012-07-27 18:55:05,1
498,8,2012-09-14 15:18:18,1
499,8,2011-01-28 22:49:49,1
500,8,2011-03-22 18:19:41,1
501,8,2012-06-05 14:58:08,1
502,8,2012-09-25 15:11:43,1
503,8,2012-09-05 17:53:57,1
505,8,2012-01-20 23:26:12,1
508,8,2012-02-23 22:43:39,1
509,8,2010-09-24 23:16:20,1
509,8,2010-10-04 16:49:45,9
510,8,2012-07-16 22:00:55,1
511,8,2012-04-27 18:48:24,1
512,8,2011-10-11 21:11:42,1
513,8,2011-03-30 18:45:26,1
514,8,2011-12-28 00:39:22,1
515,8,2011-10-20 16:42:26,1
516,8,2011-09-05 18:32:40,1
517,8,2011-03-02 00:23:19,1
517,8,2011-03-02 00:23:50,8
517,8,2011-03-18 19:57:44,9
518,8,2011-03-26 02:11:53,1
518,8,2011-04-22 16:10:57,6
519,8,2012-06-08 16:32:05,1
520,8,2012-10-12 19:10:56,1
521,8,2012-01-10 17:42:03,1
522,8,2011-12-05 17:15:04,1
524,8,2011-12-22 23:41:31,1
526,8,2012-03-07 01:54:43,1
528,8,2012-06-20 15:49:37,1
531,8,2011-12-06 17:17:04,1
533,8,2012-07-31 23:24:46,1
534,8,2011-04-19 15:39:52,1
535,8,2011-12-09 19:32:22,1
536,8,2011-04-15 00:11:57,1
537,8,2012-06-01 18:33:15,1
538,8,2012-02-09 00:35:36,1
539,8,2011-05-18 20:24:56,1
540,8,2010-09-08 17:23:34,1
541,8,2012-05-15 16:01:25,1
542,8,2011-09-26 23:55:24,1
543,8,2011-12-02 00:50:17,1
544,8,2012-01-11 23:15:21,1
545,8,2012-03-01 00:33:17,1
546,8,2011-12-02 19:52:24,1
547,8,2010-07-14 15:27:24,9
547,8,2010-08-10 20:41:37,9
548,8,2011-05-20 18:35:25,1
549,8,2012-02-15 20:48:09,1
551,8,2012-07-18 23:54:24,1
552,8,2012-06-04 18:55:37,1
555,8,2010-12-17 19:42:59,1
560,8,2010-05-06 15:29:22,1
561,8,2012-06-01 00:25:59,1
562,8,2010-12-17 20:20:18,1
563,8,2011-05-18 23:17:52,1
564,8,2011-06-09 20:48:08,1
565,8,2012-07-16 15:02:21,1
567,8,2011-07-29 20:29:41,1
568,8,2011-08-23 15:55:46,1
569,8,2011-07-05 20:34:00,1
570,8,2012-05-29 21:37:40,1
571,8,2011-05-11 21:53:50,1
571,8,2011-06-21 17:41:50,9
572,8,2010-05-28 22:57:02,9
572,8,2010-05-28 23:37:43,6
572,8,2010-05-31 16:56:23,9
573,8,2012-07-30 15:07:07,1
574,8,2011-12-14 18:47:44,0
576,8,2010-12-03 02:41:33,1
577,8,2011-04-29 18:42:26,1
577,8,2011-04-29 20:55:58,8
579,8,2011-02-15 22:52:52,1
580,8,2011-04-19 18:22:53,1
581,8,2012-06-25 17:15:53,1
582,8,2010-12-13 17:25:39,1
582,8,2010-12-16 01:41:37,6
582,8,2011-01-05 01:04:05,9
583,8,2012-06-06 15:01:41,1
584,8,2011-03-10 19:33:29,1
584,8,2011-03-14 17:25:15,9
584,8,2011-03-25 23:51:06,9
585,8,2010-09-09 20:33:43,1
586,8,2012-07-26 23:14:39,1
587,8,2010-04-29 16:55:35,1
587,8,2010-04-29 21:39:58,9
588,8,2010-02-18 01:24:59,1
589,8,2012-07-23 15:24:50,1
590,8,2010-12-16 01:15:20,1
591,8,2010-05-11 15:52:31,1
592,8,2012-01-23 17:40:34,0
596,8,2012-01-16 17:37:03,1
597,8,2011-03-25 20:28:43,1
598,8,2011-06-23 22:48:10,1
599,8,2010-03-08 23:00:06,1
600,8,2012-07-11 16:28:34,1
601,8,2011-01-10 20:35:05,1
602,8,2012-05-02 15:39:30,1
605,8,2011-04-04 21:06:59,1
607,8,2011-06-14 15:22:14,1
607,8,2011-06-17 21:19:03,9
608,8,2010-12-29 01:34:13,1
608,8,2011-01-10 17:29:01,9
609,8,2010-03-20 00:47:09,1
610,8,2010-09-09 18:01:32,1
611,8,2010-12-31 18:41:44,1
612,8,2010-04-29 21:32:50,1
613,8,2012-07-30 16:07:05,1
614,8,2012-07-12 16:10:08,1
615,8,2011-09-01 15:15:49,1
616,8,2010-03-24 20:24:16,1
617,8,2010-11-16 23:22:57,1
618,8,2012-01-31 01:21:21,1
619,8,2011-03-31 23:50:04,1
620,8,2011-12-27 23:02:18,1
620,8,2012-01-12 17:25:56,9
621,8,2012-06-21 17:27:38,1
622,8,2012-09-27 22:04:02,1
623,8,2011-11-11 22:31:56,1
625,8,2010-04-20 15:20:23,1
627,8,2012-07-10 15:24:26,1
628,8,2011-01-27 18:10:56,1
628,8,2011-02-18 18:09:12,9
632,8,2010-07-29 23:20:00,1
633,8,2012-05-30 15:16:49,1
634,8,2012-03-22 17:48:01,1
635,8,2011-06-29 19:13:16,1
636,8,2011-03-23 01:45:16,1
636,8,2011-04-20 17:32:46,9
637,8,2011-09-21 15:45:49,1
640,8,2010-11-12 22:52:11,1
641,8,2012-05-21 15:22:45,0
642,8,2010-10-20 23:33:20,1
643,8,2012-01-26 17:48:55,1
644,8,2012-02-07 22:29:09,0
646,8,2011-03-07 20:59:47,1
646,8,2011-03-23 18:32:23,9
647,8,2011-02-28 23:27:14,1
648,8,2011-12-07 22:40:40,1
649,8,2011-05-10 15:37:56,1
650,8,2012-06-28 18:33:35,1
651,8,2010-04-14 17:54:27,9
652,8,2012-07-27 21:45:57,1
654,8,2012-06-14 18:08:56,1
655,8,2011-08-30 15:20:12,1
657,8,2012-02-23 22:41:39,1
658,8,2011-03-14 19:34:09,1
659,8,2011-05-19 16:54:58,1
660,8,2012-01-23 17:18:28,1
660,8,2012-02-16 01:18:43,9
661,8,2010-09-17 17:49:26,1
662,8,2010-09-22 22:58:57,1
663,8,2010-04-14 15:25:56,1
665,8,2010-09-03 20:07:46,1
666,8,2011-12-16 22:53:20,1
667,8,2011-02-25 01:08:38,1
668,8,2011-09-23 00:00:11,1
669,8,2012-05-02 17:32:04,1
670,8,2012-05-23 17:23:39,1
671,8,2011-07-05 15:34:32,1
672,8,2011-01-27 17:24:59,1
672,8,2011-02-10 18:17:14,9
673,8,2011-11-25 19:51:52,1
674,8,2012-01-19 00:35:14,1
674,8,2012-01-24 00:29:34,9
675,8,2011-05-11 16:59:25,1
675,8,2011-05-16 15:25:37,9
677,8,2011-12-29 18:41:34,9
678,8,2011-06-14 15:42:37,1
678,8,2011-07-20 16:46:01,9
680,8,2012-05-02 21:51:25,1
681,8,2012-01-11 00:08:08,1
682,8,2012-04-03 20:38:14,1
683,8,2012-07-04 17:05:42,1
684,8,2012-06-12 18:16:12,1
686,8,2012-07-20 18:23:35,1
687,8,2011-11-14 19:03:08,1
688,8,2011-06-30 21:15:00,1
689,8,2010-07-26 16:59:00,1
690,8,2010-09-28 17:24:04,1
692,8,2011-04-06 15:44:43,1
693,8,2012-03-28 21:51:56,1
694,8,2010-04-26 16:28:28,1
695,8,2012-04-17 20:22:14,1
695,8,2012-04-18 20:47:40,9
697,8,2011-07-15 18:13:23,1
698,8,2012-03-14 17:38:41,1
699,8,2011-03-01 20:17:58,1
699,8,2011-03-12 00:41:46,9
702,8,2010-05-28 20:43:46,1
703,8,2010-06-10 15:20:57,1
703,8,2010-06-14 21:01:25,9
704,8,2012-06-26 23:24:57,1
706,8,2012-04-26 16:09:15,1
707,8,2010-02-22 23:02:39,1
709,8,2010-03-16 19:53:17,1
710,8,2010-04-20 22:19:41,1
711,8,2011-05-12 18:01:22,1
712,8,2011-08-22 21:41:16,1
713,8,2010-10-18 20:27:51,1
714,8,2011-10-20 18:22:06,1
715,8,2010-07-28 17:50:44,1
715,8,2010-08-30 21:31:04,9
716,8,2012-03-22 01:23:56,1
717,8,2012-05-03 15:59:49,1
718,8,2011-12-01 18:11:46,1
719,8,2011-09-13 22:07:39,1
720,8,2011-11-21 22:38:48,1
721,8,2012-05-04 22:01:53,1
722,8,2012-04-30 18:05:16,1
723,8,2011-12-20 20:37:14,1
724,8,2011-11-29 20:55:52,1
725,8,2011-01-13 00:58:14,1
726,8,2011-10-12 23:08:05,1
727,8,2010-07-28 18:06:21,1
727,8,2010-07-28 22:10:53,6
727,8,2010-08-23 21:28:45,9
729,8,2011-06-10 00:06:40,1
730,8,2011-05-05 23:59:14,1
730,8,2011-06-09 23:24:23,9
731,8,2012-02-08 17:46:12,1
731,8,2012-02-08 17:50:55,8
733,8,2012-02-02 22:43:52,1
734,8,2010-08-03 17:17:48,1
735,8,2010-08-04 20:45:34,1
736,8,2012-01-17 01:49:43,1
737,8,2011-09-28 21:51:37,1
738,8,2012-04-19 21:38:20,1
739,8,2011-09-28 16:28:27,1
740,8,2011-05-26 16:10:21,1
741,8,2012-07-26 23:13:57,1
743,8,2012-01-13 01:58:23,1
744,8,2011-08-31 17:55:37,1
745,8,2012-01-04 19:29:40,1
746,8,2012-01-17 20:39:18,1
748,8,2011-05-31 22:03:15,1
748,8,2011-06-21 23:31:03,9
749,8,2012-05-18 23:27:52,1
750,8,2011-01-21 23:23:17,1
751,8,2011-06-28 20:49:33,1
752,8,2012-04-26 21:03:20,1
753,8,2011-11-23 20:32:01,1
754,8,2011-12-16 18:08:43,1
754,8,2011-12-24 00:56:44,9
755,8,2012-08-06 18:51:23,1
756,8,2012-01-17 20:47:32,1
758,8,2011-11-17 01:07:45,1
759,8,2010-09-13 21:43:21,1
760,8,2012-01-23 20:59:24,1
761,8,2011-08-29 18:16:10,1
762,8,2011-11-11 20:07:07,1
763,8,2011-10-07 20:38:31,1
764,8,2011-11-24 23:20:25,1
765,8,2010-02-12 20:14:18,1
766,8,2012-02-23 02:14:56,1
767,8,2012-02-23 20:37:08,1
768,8,2012-07-26 18:51:00,1
768,8,2012-07-26 18:51:58,8
769,8,2012-09-28 18:39:23,1
770,8,2012-01-31 18:03:04,1
771,8,2010-09-04 00:00:57,1
772,8,2012-03-23 23:44:57,1
773,8,2012-06-20 21:56:21,1
774,8,2010-10-14 16:36:18,1
776,8,2012-06-06 16:51:45,1
778,8,2012-01-03 17:52:43,1
779,8,2010-11-19 00:27:06,1
779,8,2010-11-23 20:32:32,9
781,8,2010-10-07 17:02:04,1
781,8,2010-11-18 18:33:11,6
783,8,2012-07-09 20:33:08,1
784,8,2011-09-01 18:00:46,1
785,8,2012-04-04 23:32:55,1
786,8,2010-11-19 00:32:05,1
786,8,2010-11-24 01:27:56,8
787,8,2012-07-20 16:02:06,1
788,8,2012-07-25 20:47:40,1
789,8,2011-03-29 16:08:13,1
790,8,2012-03-26 19:55:24,1
791,8,2010-02-19 19:43:41,1
792,8,2010-07-26 22:23:55,1
793,8,2010-07-13 16:48:07,1
794,8,2012-03-07 17:32:42,1
795,8,2012-03-12 17:18:20,1
796,8,2012-04-27 15:47:43,1
797,8,2011-06-07 20:34:53,1
798,8,2010-09-03 22:01:16,1
798,8,2010-09-13 18:24:06,9
798,8,2010-09-15 18:31:52,9
799,8,2012-03-28 21:12:39,1
800,8,2010-03-15 17:06:36,1
801,8,2010-11-11 19:05:19,1
802,8,2011-03-07 18:10:06,1
803,8,2011-01-14 01:32:18,1
804,8,2010-05-13 00:10:57,1
806,8,2012-02-27 22:41:41,1
808,8,2010-04-07 23:37:17,1
810,8,2011-10-13 17:31:47,1
812,8,2011-04-27 20:35:33,1
813,8,2012-02-22 23:33:15,1
814,8,2010-05-17 23:39:01,1
815,8,2010-09-22 23:27:25,1
816,8,2011-09-28 18:11:21,1
817,8,2012-03-27 16:41:06,1
817,8,2012-03-28 15:20:47,9
818,8,2011-04-26 16:23:14,1
819,8,2012-06-08 20:49:28,1
820,8,2011-06-10 22:05:35,1
822,8,2011-03-24 20:52:11,1
823,8,2011-07-26 21:57:22,1
827,8,2011-11-16 22:34:14,1
828,8,2011-04-08 22:50:49,1
828,8,2011-04-20 20:58:47,6
829,8,2012-07-31 23:24:57,1
830,8,2010-09-09 00:17:13,1
832,8,2011-02-17 01:50:49,1
833,8,2010-09-15 15:21:35,1
834,8,2012-01-13 17:39:33,1
835,8,2011-01-11 00:17:17,1
836,8,2012-02-16 01:43:00,1
837,8,2010-11-24 18:12:33,1
838,8,2010-06-22 15:54:46,1
840,8,2012-04-27 16:00:29,1
842,8,2011-02-21 17:54:17,1
843,8,2011-02-22 18:02:12,1
844,8,2012-01-04 18:39:58,1
846,8,2010-03-15 19:17:38,1
847,8,2011-08-03 17:14:36,1
848,8,2011-03-31 22:46:00,1
850,8,2011-12-21 19:30:57,0
851,8,2010-12-06 17:19:24,1
852,8,2010-10-26 22:50:38,1
853,8,2012-05-07 16:54:02,1
854,8,2011-05-24 23:55:16,1
855,8,2011-09-26 21:42:33,1
857,8,2012-05-14 21:05:09,1
858,8,2010-05-26 15:25:49,1
859,8,2012-04-23 15:37:41,1
860,8,2011-10-26 20:14:20,1
861,8,2011-01-29 02:43:29,1
861,8,2011-02-05 01:50:59,8
862,8,2010-05-04 17:14:26,1
863,8,2011-10-17 15:08:06,1
864,8,2010-02-22 18:06:59,1
864,8,2010-03-10 17:17:55,9
865,8,2011-01-13 22:42:36,1
866,8,2012-01-18 22:40:33,1
867,8,2011-10-04 18:13:00,1
869,8,2011-02-05 00:33:31,1
870,8,2010-05-12 21:41:21,1
871,8,2010-12-13 18:05:47,1
872,8,2012-03-22 01:26:28,1
873,8,2010-11-08 22:56:37,1
874,8,2011-09-19 18:48:25,1
876,8,2012-08-06 16:30:52,1
877,8,2012-05-25 20:49:51,1
878,8,2011-11-29 19:36:04,1
879,8,2011-01-15 01:34:23,1
880,8,2012-04-06 16:51:18,1
882,8,2012-07-27 18:24:17,1
883,8,2012-04-17 17:58:19,1
883,8,2012-04-30 21:27:43,9
884,8,2011-01-21 19:59:39,1
886,8,2012-06-11 20:59:02,1
887,8,2011-09-29 20:21:29,1
888,8,2012-07-25 21:32:00,1
889,8,2010-10-04 17:53:48,1
890,8,2010-09-27 15:01:43,1
890,8,2010-10-12 23:13:49,9
890,8,2010-10-12 23:14:12,9
891,8,2011-06-07 16:02:22,1
892,8,2012-04-18 20:38:18,1
895,8,2010-11-11 17:40:24,1
895,8,2010-11-12 20:10:27,6
896,8,2011-10-04 21:04:17,1
897,8,2012-03-16 22:08:41,1
898,8,2012-01-05 01:58:40,1
899,8,2010-02-09 23:31:46,1
899,8,2010-03-23 01:18:50,6
900,8,2011-03-25 20:53:05,1
900,8,2011-03-26 00:06:50,9
902,8,2011-09-28 23:48:33,1
903,8,2010-11-15 19:39:09,1
904,8,2011-03-16 17:36:41,1
905,8,2011-07-19 22:54:43,1
907,8,2010-09-28 19:06:59,1
907,8,2010-11-05 20:46:33,9
908,8,2011-04-13 15:26:34,1
909,8,2012-02-06 18:20:42,1
910,8,2012-07-31 20:08:38,1
912,8,2010-12-15 19:42:06,1
913,8,2010-11-11 22:56:18,1
914,8,2012-01-24 22:51:17,1
915,8,2011-01-10 19:36:33,1
916,8,2011-07-05 17:07:41,1
917,8,2010-09-17 18:44:37,1
918,8,2010-06-01 17:30:41,1
919,8,2010-08-17 22:10:13,1
919,8,2010-09-15 16:56:50,9
920,8,2010-04-30 23:53:17,1
921,8,2010-04-12 23:40:09,1
922,8,2011-02-24 23:49:17,1
922,8,2011-03-25 23:54:37,9
924,8,2010-07-22 21:43:43,1
924,8,2010-07-26 17:07:02,9
925,8,2010-09-17 00:32:56,1
926,8,2010-09-03 17:02:39,1
927,8,2011-10-10 15:32:43,1
928,8,2011-02-15 17:26:51,1
929,8,2011-01-21 20:48:50,1
929,8,2011-01-25 20:03:37,9
931,8,2012-02-29 02:09:58,1
933,8,2011-01-29 02:42:28,1
934,8,2012-06-12 22:00:30,1
935,8,2010-05-21 15:27:03,1
936,8,2011-05-16 20:25:23,1
936,8,2011-05-17 20:35:23,9
937,8,2012-06-27 15:44:39,1
938,8,2012-07-26 15:18:26,1
940,8,2010-03-03 20:41:15,1
941,8,2011-07-25 21:11:06,1
942,8,2011-04-20 20:55:31,1
943,8,2011-11-18 23:29:56,1
944,8,2011-04-20 20:28:05,1
944,8,2011-04-20 20:29:59,8
944,8,2011-04-26 15:37:26,8
944,8,2011-04-29 20:23:41,9
945,8,2011-09-27 21:41:23,1
946,8,2011-05-13 21:27:33,1
947,8,2011-10-07 21:51:57,1
948,8,2010-10-21 00:05:24,9
948,8,2010-10-21 21:51:06,9
950,8,2012-04-20 15:39:39,1
952,8,2011-11-19 00:08:39,1
953,8,2010-03-11 20:21:40,1
954,8,2012-08-03 15:13:01,1
955,8,2011-10-04 21:03:28,1
956,8,2011-02-22 00:21:46,1
957,8,2011-07-06 23:06:38,1
958,8,2012-02-14 20:48:30,1
958,8,2012-03-02 19:56:58,9
960,8,2011-07-19 16:01:01,1
962,8,2012-10-01 18:48:57,1
965,8,2010-09-28 18:27:26,1
965,8,2010-10-01 17:01:24,9
966,8,2010-11-08 19:57:14,1
966,8,2010-11-22 23:44:53,9
967,8,2012-07-02 19:00:50,1
968,8,2012-05-14 22:49:06,1
969,8,2011-10-14 15:30:59,1
970,8,2012-05-10 23:53:22,1
971,8,2010-06-30 16:23:25,1
972,8,2012-07-26 16:16:10,1
973,8,2010-08-03 19:10:37,1
973,8,2010-08-23 16:54:24,6
973,8,2010-09-16 21:57:16,9
974,8,2011-01-18 01:17:19,1
975,8,2012-03-05 22:29:12,1
976,8,2012-01-12 23:17:06,1
977,8,2010-09-24 22:36:57,1
977,8,2010-10-20 22:53:10,9
978,8,2011-10-05 23:24:50,1
981,8,2012-07-10 18:42:39,1
982,8,2011-11-11 20:16:00,1
985,8,2010-08-25 18:54:48,1
987,8,2010-04-21 17:03:49,1
987,8,2010-04-21 22:21:45,6
990,8,2012-06-19 15:27:20,1
991,8,2011-05-13 20:29:05,1
991,8,2011-06-07 15:36:50,9
992,8,2010-09-02 16:04:35,1
993,8,2011-03-14 20:15:18,1
993,8,2011-03-30 18:22:37,9
994,8,2011-02-09 01:04:33,1
995,8,2011-05-25 16:49:01,1
995,8,2011-07-01 16:04:12,9
996,8,2010-12-27 17:09:54,1
997,8,2011-11-21 22:25:49,1
1000,8,2010-01-21 17:53:40,1
1002,8,2010-08-27 15:34:45,1
1003,8,2011-01-11 16:55:50,1
1004,8,2011-09-26 16:52:05,1
1005,8,2010-12-22 17:49:10,1
1006,8,2010-01-22 20:09:51,1
1008,8,2011-10-26 15:19:46,1
1009,8,2012-05-18 22:23:17,1
1011,8,2011-09-06 23:44:54,1
1012,8,2010-05-28 23:38:09,1
1014,8,2010-12-30 17:50:44,1
1014,8,2011-01-14 01:53:03,9
1015,8,2012-02-11 00:48:04,1
1016,8,2011-04-13 15:45:30,1
1017,8,2012-09-10 17:51:17,1
1018,8,2010-09-16 17:48:31,1
1020,8,2012-05-15 16:09:57,1
1021,8,2010-05-19 16:08:06,1
1022,8,2012-01-11 20:59:45,1
1024,8,2011-07-15 20:44:17,1
1025,8,2011-03-18 18:42:34,1
1025,8,2011-04-20 23:42:11,9
1028,8,2011-01-14 19:45:45,1
1029,8,2012-05-09 21:22:38,1
1030,8,2010-02-04 18:41:23,1
1031,8,2011-02-24 22:41:54,1
1031,8,2011-03-25 18:53:46,9
1032,8,2012-04-11 23:07:34,1
1033,8,2011-11-18 20:29:26,1
1034,8,2011-12-13 17:27:18,1
1035,8,2010-12-21 01:42:50,1
1035,8,2010-12-23 01:57:41,9
1036,8,2012-05-29 23:38:27,1
1036,8,2012-05-30 23:32:51,9
1037,8,2011-10-24 18:19:04,1
1038,8,2012-07-25 21:33:25,1
1039,8,2012-06-28 18:55:42,1
1040,8,2012-02-20 17:07:57,1
1041,8,2012-05-02 18:44:54,1
1042,8,2012-05-23 18:07:38,1
1044,8,2010-05-18 00:21:00,1
1044,8,2010-05-18 16:21:15,6
1044,8,2010-05-18 17:26:17,9
1045,8,2011-06-27 21:36:12,1
1046,8,2012-04-02 16:42:15,1
1047,8,2011-07-15 17:49:56,1
1048,8,2010-12-13 19:53:45,1
1048,8,2010-12-30 17:41:02,9
1049,8,2012-02-09 23:15:26,1
1050,8,2011-05-12 16:27:37,1
1050,8,2011-05-20 15:05:57,9
1050,8,2011-06-07 17:09:31,6
1050,8,2011-06-08 20:44:40,9
1051,8,2010-12-27 23:46:09,1
1052,8,2011-02-04 01:19:25,1
1053,8,2011-07-05 22:22:24,1
1055,8,2012-01-24 01:49:47,1
1056,8,2012-06-06 20:08:43,1
1058,8,2012-06-28 20:25:05,1
1059,8,2012-01-09 18:30:45,1
1060,8,2011-09-14 21:30:44,1
1061,8,2011-06-27 17:24:28,1
1062,8,2012-01-12 01:46:12,0
1063,8,2012-07-11 22:48:28,1
1064,8,2012-05-22 15:34:16,1
1066,8,2012-05-25 17:42:28,1
1067,8,2012-02-14 20:48:20,1
1068,8,2012-05-18 20:33:18,1
1069,8,2011-06-21 22:10:08,1
1071,8,2011-05-18 17:38:35,1
1072,8,2012-07-18 22:58:17,1
1073,8,2012-01-02 17:40:49,1
1074,8,2011-11-03 01:41:16,1
1075,8,2012-08-23 15:05:34,1
1076,8,2012-04-30 22:02:06,1
1077,8,2010-09-09 18:02:08,1
1078,8,2011-02-09 20:08:31,1
1080,8,2010-06-09 18:34:14,1
1080,8,2010-06-30 23:52:44,9
1081,8,2011-11-17 01:08:22,1
1082,8,2011-08-29 16:23:11,1
1083,8,2012-02-29 01:55:56,1
1084,8,2012-05-23 23:46:12,1
1085,8,2010-10-04 16:40:12,1
1085,8,2010-10-05 15:33:37,7
1085,8,2010-10-05 15:34:51,9
1086,8,2012-07-24 15:43:06,1
1089,8,2011-03-10 23:38:31,1
1089,8,2011-03-30 18:26:44,9
1090,8,2012-05-30 18:47:50,1
1091,8,2011-11-22 20:03:51,0
1094,8,2012-06-13 18:27:30,1
1097,8,2010-04-08 21:02:52,1
1097,8,2010-05-06 15:41:12,6
1098,8,2011-07-14 00:01:28,1
1099,8,2010-06-28 19:07:41,1
1100,8,2010-10-22 20:40:36,1
1100,8,2010-11-05 23:10:58,9
1101,8,2012-08-02 17:14:39,1
1102,8,2012-07-31 23:14:45,1
1103,8,2012-07-26 18:22:56,1
1105,8,2011-10-20 15:45:22,1
1106,8,2012-07-18 16:23:42,1
1107,8,2011-10-14 20:41:30,1
1108,8,2011-03-01 17:25:14,1
1112,8,2012-08-02 16:22:59,1
1114,8,2011-05-25 17:38:37,1
1114,8,2011-06-01 17:54:03,9
1114,8,2011-06-07 15:44:55,8
1114,8,2011-06-07 22:24:59,9
1114,8,2011-06-22 21:01:13,9
1115,8,2012-02-28 19:47:25,1
1116,8,2012-07-31 23:23:18,1
1117,8,2011-11-02 17:13:17,1
1118,8,2011-09-15 18:57:15,1
1119,8,2011-05-26 16:26:50,1
1120,8,2012-01-05 17:26:27,1
1121,8,2010-05-12 17:51:57,1
1122,8,2012-07-31 15:20:14,1
1123,8,2010-11-16 19:40:56,1
1125,8,2012-05-17 23:07:53,1
1127,8,2012-01-18 20:23:37,1
1128,8,2012-04-11 20:52:12,1
1130,8,2010-02-10 01:07:11,1
1131,8,2012-03-28 17:04:21,1
1132,8,2012-01-11 22:40:05,1
1133,8,2012-01-18 19:24:06,1
1134,8,2012-07-17 15:22:33,1
1135,8,2012-06-08 16:03:28,1
1137,8,2012-06-18 22:46:31,1
1138,8,2012-01-10 01:23:57,1
1139,8,2011-12-14 00:52:10,1
1140,8,2011-01-25 19:28:10,1
1140,8,2011-02-09 20:37:25,9
1141,8,2010-08-30 23:03:37,1
1141,8,2010-09-13 16:50:59,9
1141,8,2010-09-13 18:33:01,9
1141,8,2010-09-13 18:33:18,9
1141,8,2010-09-20 17:04:20,9
1143,8,2012-07-23 23:01:05,1
1146,8,2011-04-04 18:14:04,1
1147,8,2011-01-14 17:33:59,1
1148,8,2010-12-14 20:05:16,1
1149,8,2011-10-25 15:26:54,1
1150,8,2010-10-11 23:25:04,1
1151,8,2010-06-30 00:11:34,1
1152,8,2010-10-06 16:51:51,1
1153,8,2012-01-16 17:53:10,1
1154,8,2012-05-21 15:26:51,9
1155,8,2010-09-22 21:06:53,1
1155,8,2010-09-30 21:01:01,9
1157,8,2011-09-26 23:57:04,1
1158,8,2011-06-23 17:52:00,1
1158,8,2011-07-21 21:33:50,9
1160,8,2011-04-14 15:58:44,1
1161,8,2012-07-20 15:52:34,1
1162,8,2011-01-27 17:40:54,1
1165,8,2010-09-15 15:51:39,1
1166,8,2010-10-26 15:49:21,1
1167,8,2011-02-14 18:04:20,1
1167,8,2011-03-14 18:31:02,9
1168,8,2011-07-07 00:08:34,9
1170,8,2011-01-31 19:43:27,1
1171,8,2011-12-13 20:13:25,1
1172,8,2012-03-29 22:18:31,1
1173,8,2010-06-30 23:24:53,1
1173,8,2010-07-06 17:36:29,9
1173,8,2010-07-14 22:02:02,6
1174,8,2011-05-18 16:35:01,1
1175,8,2012-01-16 18:46:04,1
1175,8,2012-01-16 20:21:55,6
1177,8,2011-12-12 20:37:24,1
1178,8,2011-04-05 16:07:14,1
1180,8,2010-08-09 17:34:20,1
1180,8,2010-08-11 00:06:20,9
1181,8,2012-02-13 18:19:18,1
1182,8,2011-03-04 18:30:34,1
1183,8,2010-07-08 23:41:10,1
1183,8,2010-07-09 16:38:50,9
1184,8,2010-05-27 00:12:55,1
1185,8,2012-08-10 15:33:45,1
1186,8,2011-10-21 16:18:58,1
1187,8,2012-07-24 16:11:53,1
1188,8,2012-05-10 00:06:27,1
1189,8,2011-03-04 18:10:37,1
1189,8,2011-04-14 16:43:04,9
1190,8,2012-01-02 19:49:58,1
1191,8,2010-02-09 00:12:00,1
1191,8,2010-02-26 01:56:34,9
1192,8,2012-03-27 17:53:32,0
1194,8,2011-01-12 18:32:22,1
1195,8,2012-01-31 20:29:27,1
1196,8,2010-02-16 01:21:37,1
1197,8,2011-12-21 19:09:33,1
1199,8,2012-02-22 17:57:31,1
1200,8,2011-06-09 15:07:27,1
1201,8,2012-05-15 15:16:00,1
1202,8,2010-09-09 15:37:19,1
1203,8,2011-10-03 18:32:48,1
1204,8,2010-07-29 21:25:46,1
1204,8,2010-07-30 16:08:27,9
1204,8,2010-08-04 18:52:02,6
1205,8,2011-06-13 17:22:52,1
1206,8,2011-03-03 23:29:37,1
1207,8,2011-05-18 18:28:05,1
1208,8,2012-02-10 17:59:55,1
1209,8,2011-04-19 16:39:22,1
1211,8,2010-06-04 21:04:18,1
1212,8,2011-05-19 23:29:52,1
1213,8,2011-01-20 17:29:18,1
1214,8,2011-03-15 18:11:14,1
1214,8,2011-03-15 18:16:59,8
1215,8,2012-02-07 20:04:13,1
1216,8,2012-06-04 15:55:24,1
1217,8,2012-01-11 20:00:55,1
1218,8,2010-08-25 18:15:54,1
1218,8,2010-08-27 20:53:35,9
1219,8,2012-01-26 01:43:36,1
1220,8,2010-10-21 21:57:26,1
1222,8,2011-09-30 21:46:52,1
1223,8,2010-01-26 20:36:30,1
1223,8,2010-01-27 23:28:58,6
1224,8,2010-11-04 22:53:48,1
1227,8,2011-02-18 19:44:10,1
1227,8,2011-03-03 00:28:01,9
1227,8,2011-03-30 18:25:28,9
1228,8,2011-03-08 23:36:37,1
1229,8,2012-01-18 22:49:32,1
1230,8,2012-07-23 23:34:20,1
1231,8,2010-10-26 22:31:56,1
1232,8,2010-10-20 22:16:30,1
1233,8,2012-06-26 16:04:31,1
1234,8,2011-07-25 18:42:21,1
1236,8,2012-01-27 18:24:34,1
1237,8,2010-09-29 16:24:50,1
1240,8,2011-01-12 17:36:40,1
1241,8,2011-05-13 21:24:34,1
1242,8,2010-09-03 21:20:03,1
1243,8,2011-04-28 21:15:05,1
1244,8,2012-01-09 20:30:54,1
1245,8,2010-03-15 19:14:59,1
1245,8,2010-03-23 17:27:31,9
1245,8,2010-03-23 23:37:15,6
1245,8,2010-03-24 20:28:29,9
1245,8,2010-04-13 16:14:05,6
1247,8,2010-07-29 17:04:00,1
1247,8,2010-08-02 20:24:32,9
1248,8,2012-01-02 17:52:16,1
1251,8,2012-07-19 22:24:54,1
1252,8,2011-04-01 17:05:07,1
1253,8,2010-05-21 15:57:24,1
1255,8,2011-11-21 18:08:04,1
1256,8,2012-05-07 15:26:46,1
1257,8,2010-02-23 22:17:09,1
1258,8,2010-09-17 17:28:46,1
1260,8,2011-10-10 21:42:44,1
1262,8,2012-07-09 15:08:52,1
1263,8,2011-03-08 17:12:52,1
1264,8,2011-05-04 18:26:23,1
1264,8,2011-05-19 15:32:11,9
1265,8,2011-02-11 01:49:11,1
1266,8,2010-07-29 21:21:09,1
1267,8,2012-05-28 22:31:48,1
1270,8,2011-04-06 16:17:40,1
1270,8,2011-04-06 18:06:05,9
1273,8,2010-11-11 22:27:28,1
1274,8,2012-06-07 16:22:24,1
1276,8,2011-01-11 19:33:48,1
1277,8,2010-03-31 19:02:09,1
1278,8,2010-10-13 16:55:00,1
1279,8,2010-09-21 15:12:53,1
1280,8,2010-09-09 19:59:32,1
1281,8,2012-06-28 15:03:28,1
1282,8,2010-07-02 20:24:18,1
1282,8,2010-07-29 16:22:16,9
1283,8,2010-05-25 17:00:26,1
1284,8,2010-05-27 23:48:15,1
1285,8,2011-01-31 19:54:35,1
1286,8,2011-03-14 19:47:27,1
1287,8,2012-05-14 21:04:33,1
1288,8,2011-04-27 18:30:33,0
1288,8,2011-04-28 18:37:57,6
1288,8,2011-05-03 17:17:47,9
1289,8,2010-11-26 23:22:41,1
1290,8,2012-08-09 21:19:28,1
1291,8,2011-03-03 01:03:12,1
1293,8,2012-02-14 20:51:06,1
1294,8,2011-09-20 17:37:07,1
1295,8,2012-04-12 22:57:47,1
1296,8,2011-11-23 01:05:16,1
1297,8,2010-12-28 02:01:15,1
1297,8,2011-02-03 22:20:53,8
1298,8,2010-12-24 01:13:50,1
1300,8,2011-01-27 20:15:35,1
1302,8,2011-03-08 17:57:26,1
1302,8,2011-03-18 18:53:33,9
1302,8,2011-03-22 17:10:15,6
1306,8,2011-04-21 20:32:11,1
1307,8,2010-11-11 22:24:36,1
1307,8,2010-12-20 19:27:53,9
1308,8,2010-12-21 23:59:20,1
1310,8,2010-12-15 17:57:29,1
1310,8,2011-01-10 17:28:37,9
1311,8,2012-01-24 17:17:22,1
1312,8,2011-06-20 15:46:13,1
1313,8,2012-09-03 18:52:34,1
1316,8,2012-05-16 15:35:03,1
1320,8,2012-05-02 21:49:15,1
1321,8,2012-04-18 20:36:14,1
1322,8,2010-06-04 18:42:32,1
1322,8,2010-06-22 00:34:06,9
1324,8,2011-04-20 22:51:48,1
1324,8,2011-05-03 18:00:28,6
1326,8,2011-10-24 18:09:49,1
1328,8,2010-02-23 00:01:16,1
1328,8,2010-02-24 18:50:30,9
1329,8,2012-03-02 16:57:34,1
1331,8,2011-12-09 18:38:22,1
1332,8,2012-09-05 15:13:32,1
1333,8,2010-06-04 17:16:54,1
1333,8,2010-06-09 19:47:56,9
1334,8,2012-02-20 17:47:32,1
1335,8,2011-11-03 19:52:31,1
1336,8,2012-02-07 20:20:24,1
1337,8,2011-10-11 22:12:12,1
1339,8,2011-07-01 22:31:29,1
1339,8,2011-07-12 21:39:57,9
1340,8,2010-07-27 21:41:21,1
1341,8,2011-07-13 22:01:30,1
1343,8,2012-05-30 22:46:28,1
1344,8,2012-07-17 18:39:48,1
1345,8,2011-04-13 23:25:35,1
1345,8,2011-05-03 15:21:42,9
1346,8,2011-12-14 01:11:08,1
1347,8,2010-11-15 19:14:08,1
1348,8,2011-02-10 17:16:33,1
1349,8,2012-01-05 19:04:26,1
1350,8,2012-05-16 16:04:37,1
1351,8,2010-06-17 20:41:37,1
1352,8,2010-02-18 23:17:36,1
1353,8,2010-09-13 17:21:11,1
1353,8,2010-10-08 18:13:46,9
1354,8,2012-04-02 23:20:47,1
1355,8,2012-01-26 22:20:09,1
1356,8,2012-08-08 16:01:00,1
1357,8,2010-09-20 22:52:31,1
1360,8,2010-12-17 19:37:30,1
1361,8,2011-05-04 20:44:29,1
1362,8,2011-11-09 22:46:24,1
1363,8,2012-07-19 15:24:17,1
1365,8,2012-02-27 17:11:11,3
1367,8,2010-05-04 21:19:40,1
1369,8,2011-08-22 22:12:17,1
1370,8,2012-06-07 23:17:28,1
1372,8,2011-07-08 16:58:32,1
1373,8,2010-04-14 23:13:59,1
1374,8,2011-12-21 19:08:25,1
1376,8,2010-05-04 21:24:49,1
1376,8,2010-05-25 23:43:54,6
1377,8,2011-11-10 20:26:58,1
1377,8,2011-11-22 17:13:41,9
1378,8,2011-08-31 15:53:54,1
1379,8,2011-08-05 21:37:10,1
1380,8,2011-08-04 20:41:58,1
1381,8,2011-01-12 00:15:59,1
1381,8,2011-01-31 23:11:27,9
1382,8,2010-10-25 23:07:52,1
1383,8,2010-11-02 22:01:02,1
1385,8,2010-04-29 16:54:23,1
1389,8,2011-12-28 17:25:43,1
1390,8,2011-05-16 20:19:56,1
1390,8,2011-06-03 21:19:37,9
1391,8,2011-01-24 19:58:09,1
1391,8,2011-02-11 01:01:22,9
1392,8,2011-10-26 21:19:04,1
1394,8,2010-04-02 18:32:20,1
1395,8,2011-03-01 16:56:01,1
1399,8,2010-02-19 18:28:30,1
1400,8,2010-02-02 18:57:23,1
1401,8,2012-02-22 20:13:10,1
1402,8,2010-06-14 17:43:08,1
1403,8,2011-01-12 00:18:14,1
1403,8,2011-01-29 00:03:34,9
1404,8,2011-02-11 01:25:32,1
1405,8,2012-03-21 19:10:25,1
1406,8,2011-12-15 00:46:33,1
1408,8,2011-09-16 23:49:13,1
1410,8,2010-09-17 18:50:22,1
1411,8,2011-03-02 00:40:25,1
1411,8,2011-03-04 18:54:38,9
1411,8,2011-03-22 22:44:04,9
1412,8,2012-05-21 23:16:58,1
1413,8,2011-05-30 15:08:04,1
1413,8,2011-05-30 15:10:54,8
1414,8,2011-01-14 17:21:49,1
1414,8,2011-01-27 18:04:46,9
1415,8,2012-06-20 20:33:15,1
1416,8,2012-07-12 21:31:33,1
1417,8,2012-07-17 15:54:58,1
1418,8,2012-02-29 00:35:26,1
1419,8,2011-12-02 19:27:21,1
1421,8,2010-12-27 23:15:21,1
1422,8,2010-12-28 01:54:42,1
1423,8,2012-05-08 15:14:43,1
1424,8,2011-01-20 17:26:38,1
1425,8,2010-09-22 20:45:28,1
1426,8,2010-09-03 16:55:42,1
1426,8,2010-09-03 16:57:55,6
1427,8,2012-05-07 20:19:42,1
1428,8,2010-09-24 22:03:13,1
1428,8,2010-09-24 22:04:04,9
1429,8,2011-10-10 16:59:58,1
1430,8,2011-08-10 18:18:35,1
1431,8,2011-02-08 23:14:26,1
1431,8,2011-02-08 23:14:58,8
1434,8,2011-02-18 20:44:34,1
1436,8,2011-04-21 22:25:33,1
1436,8,2011-05-03 17:56:43,9
1436,8,2011-05-04 21:01:02,9
1436,8,2011-05-05 22:14:12,9
1437,8,2012-03-16 17:13:25,1
1438,8,2010-07-29 21:47:58,1
1439,8,2012-03-23 20:06:13,1
1440,8,2010-11-11 20:48:09,1
1442,8,2011-11-23 17:13:17,1
1444,8,2012-01-17 23:31:59,1
1446,8,2010-06-24 15:46:32,1
1446,8,2010-07-14 18:28:32,6
1446,8,2010-08-06 21:09:51,9
1447,8,2012-06-13 18:33:42,1
1448,8,2012-03-28 23:35:40,1
1452,8,2011-04-12 18:40:21,1
1453,8,2011-10-17 22:17:21,1
1454,8,2010-10-29 20:01:37,1
1455,8,2011-05-26 15:21:27,1
1456,8,2011-03-07 23:19:11,1
1456,8,2011-03-07 23:19:48,8
1456,8,2011-03-11 01:10:49,8
1459,8,2012-05-24 18:00:15,1
1461,8,2010-10-21 22:31:10,1
1462,8,2012-06-21 16:12:28,1
1463,8,2011-09-14 17:24:43,1
1466,8,2012-08-02 16:22:07,1
1467,8,2012-05-03 21:21:49,1
1468,8,2010-03-05 21:28:58,1
1469,8,2010-04-02 18:14:27,1
1470,8,2011-04-21 23:54:19,1
1472,8,2010-03-22 23:43:02,1
1472,8,2010-03-22 23:45:17,9
1472,8,2010-04-16 23:55:48,9
1474,8,2010-11-17 19:30:01,1
1475,8,2012-04-18 19:59:42,1
1475,8,2012-04-26 23:04:06,9
1476,8,2011-04-13 17:26:02,1
1476,8,2011-04-20 16:40:17,9
1477,8,2011-12-21 18:58:34,1
1479,8,2011-03-31 00:03:19,1
1480,8,2011-10-06 22:32:23,1
1481,8,2011-10-06 15:57:15,1
1482,8,2011-12-14 23:27:07,1
1483,8,2012-05-23 16:06:15,1
1485,8,2010-02-17 19:05:11,1
1486,8,2012-01-19 00:04:20,1
1488,8,2012-04-18 20:32:41,1
1489,8,2012-05-30 21:41:30,1
1490,8,2011-08-09 15:34:19,0
1491,8,2010-07-29 22:01:48,1
1491,8,2010-09-07 16:07:08,9
1492,8,2011-06-29 21:16:49,1
1492,8,2011-07-04 19:04:41,9
1493,8,2012-03-19 17:26:14,1
1494,8,2010-09-02 00:05:15,1
1496,8,2011-06-22 21:12:41,1
1496,8,2011-06-28 22:42:09,6
1498,8,2010-10-25 18:15:00,1
1499,8,2010-05-19 17:28:36,1
1499,8,2010-05-19 21:25:26,9
1499,8,2010-05-21 21:33:18,9
1499,8,2010-05-27 15:28:34,9
1499,8,2010-05-28 21:57:34,6
1499,8,2010-06-04 20:14:15,9
1502,8,2011-05-25 21:16:48,1
1502,8,2011-05-31 23:39:13,9
1502,8,2011-06-24 18:20:31,9
1502,8,2011-06-24 18:42:12,6
1503,8,2012-03-26 21:33:44,1
1504,8,2011-01-20 21:04:43,1
1505,8,2012-07-30 15:52:15,1
1508,8,2012-03-16 22:13:00,1
1511,8,2011-02-23 01:17:02,1
1512,8,2011-02-10 23:35:42,1
1513,8,2011-01-19 01:07:38,1
1514,8,2011-04-07 16:54:39,1
1515,8,2010-11-30 18:16:23,1
1516,8,2011-06-29 21:51:54,1
1517,8,2011-10-07 18:16:18,1
1518,8,2010-07-16 16:47:11,9
1518,8,2010-07-28 18:25:45,9
1520,8,2012-03-07 17:31:07,1
1521,8,2012-06-12 15:16:13,1
1522,8,2011-10-13 22:25:36,1
1523,8,2010-07-09 17:04:12,1
1524,8,2011-03-03 00:02:17,1
1526,8,2012-05-24 20:34:06,1
1527,8,2010-03-18 20:42:31,1
1528,8,2010-07-02 17:41:09,1
1528,8,2010-07-05 14:57:31,6
1528,8,2010-07-05 14:58:47,6
1529,8,2011-07-27 15:41:16,1
1530,8,2011-07-08 20:25:13,1
1531,8,2012-02-07 00:21:24,1
1532,8,2010-09-16 15:19:32,1
1533,8,2011-02-09 01:25:09,1
1533,8,2011-02-09 01:30:55,8
1533,8,2011-02-15 17:48:42,6
1534,8,2010-01-26 18:50:48,1
1536,8,2012-05-23 15:18:17,1
1537,8,2012-05-04 17:25:10,1
1538,8,2011-01-05 00:05:46,1
1539,8,2011-06-21 20:50:41,1
1539,8,2011-06-21 22:17:11,9
1540,8,2011-06-29 15:49:41,1
1540,8,2011-07-05 16:20:48,9
1541,8,2011-06-27 17:24:21,1
1542,8,2010-09-22 23:22:24,1
1545,8,2011-04-15 18:37:51,1
1546,8,2011-08-04 17:17:48,1
1546,8,2011-08-29 15:35:28,6
1546,8,2011-08-29 23:55:58,8
1547,8,2011-02-18 20:09:48,1
1548,8,2012-06-22 17:47:49,1
1549,8,2010-09-13 15:47:26,1
1551,8,2010-10-26 18:32:18,1
1552,8,2012-06-22 21:55:18,1
1554,8,2010-12-21 20:19:28,1
1555,8,2012-05-23 15:17:33,1
1556,8,2011-07-08 16:08:33,1
1557,8,2010-09-03 22:00:24,1
1557,8,2010-09-06 16:48:33,9
1557,8,2010-09-06 18:19:16,6
1557,8,2010-09-06 21:51:34,9
1558,8,2011-12-28 23:33:19,1
1559,8,2012-04-20 15:04:59,1
1560,8,2011-08-24 21:30:02,1
1561,8,2010-04-22 15:38:05,1
1563,8,2012-01-03 18:00:45,1
1564,8,2012-04-11 23:11:06,1
1565,8,2011-03-01 22:40:08,1
1566,8,2012-07-26 18:19:27,1
1567,8,2010-11-08 23:04:51,1
1567,8,2010-11-23 20:34:20,9
1568,8,2011-08-02 18:20:41,1
1569,8,2012-04-03 21:48:05,1
1572,8,2010-07-28 21:36:03,1
1575,8,2011-05-19 23:45:56,1
1575,8,2011-05-27 22:22:22,9
1575,8,2011-06-06 15:07:42,6
1576,8,2010-07-27 18:19:39,1
1578,8,2011-07-06 17:03:53,1
1579,8,2010-10-29 22:23:41,1
1581,8,2010-09-30 23:49:54,1
1582,8,2010-09-28 18:32:37,1
1583,8,2011-02-18 20:48:06,1
1584,8,2011-02-02 19:24:54,1
1585,8,2010-05-28 20:33:23,1
1586,8,2011-10-31 20:26:25,1
1587,8,2012-08-02 20:13:57,1
1588,8,2012-02-20 19:26:08,1
1589,8,2010-05-17 23:41:42,1
1590,8,2011-02-05 01:36:54,1
1591,8,2012-05-15 16:13:09,1
1592,8,2012-06-05 21:12:54,1
1593,8,2010-09-10 23:20:12,1
1594,8,2010-04-13 22:33:13,1
1594,8,2010-04-13 22:34:02,6
1594,8,2010-04-13 22:34:31,6
1595,8,2010-12-13 18:21:25,1
1595,8,2010-12-14 23:56:01,9
1595,8,2010-12-27 17:26:15,9
1596,8,2012-03-17 01:28:29,1
1597,8,2010-09-15 19:16:50,1
1598,8,2012-01-26 20:58:23,1
1599,8,2012-02-09 17:15:34,1
1600,8,2011-10-24 17:56:20,1
1601,8,2012-04-05 15:30:00,1
1602,8,2012-03-22 22:24:03,1
1606,8,2011-07-21 17:50:49,1
1606,8,2011-08-04 15:38:50,6
1607,8,2011-08-31 15:51:07,1
1608,8,2011-11-23 22:05:54,1
1611,8,2011-06-22 20:53:59,1
1612,8,2011-04-13 23:00:37,1
1613,8,2010-12-10 17:08:21,1
1614,8,2011-03-11 18:25:32,1
1616,8,2011-05-02 22:06:52,1
1617,8,2010-09-01 23:17:42,9
1618,8,2010-10-19 23:01:34,1
1620,8,2012-02-03 20:21:30,1
1620,8,2012-02-07 00:16:39,9
1621,8,2010-02-01 17:16:26,1
1622,8,2010-12-11 00:21:07,1
1622,8,2010-12-11 01:36:55,9
1623,8,2011-11-11 22:36:31,1
1624,8,2011-06-06 20:45:47,1
1625,8,2010-12-01 23:34:08,1
1626,8,2012-01-12 20:41:57,1
1627,8,2011-11-07 18:21:26,1
1628,8,2011-11-24 20:43:58,1
1629,8,2011-06-23 20:23:03,1
1630,8,2012-08-21 17:25:01,1
1631,8,2011-01-12 20:16:28,1
1632,8,2012-03-21 23:09:40,1
1633,8,2011-01-21 20:51:34,1
1634,8,2012-03-21 22:39:35,1
1635,8,2011-04-05 22:45:53,1
1636,8,2010-12-21 19:09:58,1
1638,8,2011-04-26 16:59:52,1
1639,8,2011-09-27 20:35:01,1
1640,8,2010-11-29 17:01:18,1
1641,8,2011-01-21 20:58:48,1
1641,8,2011-01-26 18:06:15,9
1642,8,2012-03-26 15:27:50,1
1644,8,2011-09-29 16:22:43,1
1646,8,2011-12-30 17:07:26,1
1647,8,2011-09-02 23:21:06,1
1648,8,2011-04-30 00:48:49,1
1649,8,2012-05-09 21:23:25,1
1651,8,2011-05-03 18:41:32,1
1652,8,2010-02-24 20:25:31,1
1653,8,2012-01-13 01:58:06,1
1654,8,2010-06-09 15:17:23,1
1657,8,2010-08-16 21:50:36,1
1659,8,2011-07-07 22:51:49,1
1660,8,2012-06-08 18:32:26,1
1661,8,2011-09-20 16:39:20,1
1662,8,2010-10-12 21:11:51,1
1665,8,2012-03-07 02:04:43,1
1666,8,2011-10-27 16:26:18,1
1667,8,2011-04-22 16:27:25,1
1668,8,2011-04-06 18:35:17,1
1669,8,2011-11-04 18:56:06,1
1670,8,2010-07-23 23:40:40,1
1670,8,2010-07-27 22:46:11,9
1672,8,2011-05-10 17:57:43,1
1672,8,2011-05-11 17:41:54,9
1673,8,2012-04-11 17:39:24,1
1676,8,2010-08-11 17:57:17,1
1677,8,2011-10-14 16:58:35,1
1678,8,2011-12-02 19:24:09,0
1680,8,2012-02-23 20:36:48,1
1682,8,2012-09-05 18:06:37,1
1683,8,2012-05-03 00:03:29,1
1684,8,2010-07-29 21:37:22,1
1684,8,2010-07-29 21:39:16,9
1684,8,2010-07-29 22:42:31,9
1685,8,2011-07-20 21:07:54,1
1687,8,2012-02-24 17:59:23,1
1688,8,2011-02-16 17:29:09,1
1688,8,2011-02-18 17:06:56,9
1688,8,2011-03-18 17:11:30,9
1689,8,2012-04-19 15:27:42,1
1690,8,2012-07-03 22:46:30,1
1692,8,2011-04-21 21:11:48,1
1692,8,2011-04-26 17:36:51,9
1693,8,2011-05-31 15:19:09,1
1693,8,2011-05-31 23:36:57,8
1693,8,2011-06-30 17:03:43,9
1694,8,2010-09-09 21:45:43,1
1695,8,2010-09-16 22:53:44,1
1696,8,2012-07-02 23:44:29,1
1698,8,2012-06-12 16:56:39,1
1699,8,2011-12-03 01:32:42,1
1700,8,2011-08-31 15:53:55,1
1701,8,2010-03-05 20:05:36,1
1702,8,2011-11-17 01:08:59,1
1703,8,2010-02-10 01:14:20,1
1705,8,2010-11-10 17:36:09,1
1706,8,2010-11-17 20:25:05,1
1707,8,2011-02-11 17:49:43,1
1708,8,2012-07-04 16:19:05,1
1710,8,2011-11-28 18:11:14,1
1712,8,2011-09-22 18:55:08,1
1713,8,2010-05-04 19:30:57,1
1714,8,2010-04-27 18:32:20,1
1714,8,2010-04-29 21:07:31,6
1714,8,2010-05-14 23:18:25,9
1716,8,2011-12-23 18:48:57,1
1719,8,2012-01-30 17:05:01,1
1720,8,2010-07-21 15:49:03,1
1720,8,2010-07-27 15:16:30,9
1721,8,2011-02-10 23:09:04,1
1722,8,2012-07-26 23:24:15,1
1724,8,2011-03-18 23:47:03,9
1724,8,2011-03-23 20:12:52,9
1726,8,2011-11-22 20:48:29,1
1727,8,2011-03-07 20:01:58,1
1728,8,2010-09-03 16:47:27,1
1728,8,2010-09-08 20:53:51,6
1729,8,2011-07-15 17:46:32,1
1729,8,2011-08-02 15:34:25,6
1731,8,2011-10-26 17:36:49,1
1732,8,2012-03-29 23:31:30,1
1733,8,2010-11-05 18:26:11,1
1734,8,2011-02-09 20:29:12,1
1734,8,2011-02-10 23:07:09,9
1736,8,2011-02-19 02:44:56,1
1737,8,2012-07-03 18:38:06,1
1739,8,2012-06-28 18:56:14,1
1740,8,2011-02-14 19:37:16,1
1741,8,2012-06-14 20:10:24,1
1742,8,2012-04-16 15:05:57,1
1744,8,2011-03-02 18:13:57,1
1744,8,2011-03-09 17:25:14,6
1745,8,2011-12-16 01:54:48,0
1747,8,2011-11-08 22:53:16,1
1748,8,2011-07-20 23:48:18,1
1749,8,2010-09-20 21:05:18,1
1750,8,2012-05-29 15:07:30,1
1751,8,2012-07-17 21:49:31,1
1752,8,2012-02-10 19:21:47,1
1752,8,2012-02-15 01:28:17,9
1752,8,2012-02-15 01:37:51,8
1753,8,2012-03-23 17:04:26,1
1755,8,2010-06-29 18:21:26,1
1755,8,2010-07-12 20:48:04,6
1756,8,2011-07-26 20:22:20,1
1757,8,2010-05-19 16:27:41,1
1757,8,2010-05-19 18:43:52,6
1758,8,2010-12-22 19:29:39,1
1758,8,2010-12-22 23:50:01,6
1758,8,2011-01-13 23:29:56,8
1759,8,2010-09-20 20:45:07,1
1762,8,2012-03-20 17:19:48,1
1763,8,2011-06-17 16:26:39,1
1765,8,2011-01-19 17:04:23,1
1766,8,2010-05-21 16:04:17,1
1767,8,2011-03-02 00:41:56,1
1768,8,2010-01-22 17:46:15,1
1769,8,2012-01-25 19:58:06,1
1770,8,2010-03-26 19:25:12,1
1773,8,2012-01-18 20:27:09,1
1774,8,2010-06-21 18:43:57,1
1775,8,2011-07-15 17:09:20,1
1779,8,2010-11-25 18:00:35,1
1780,8,2012-06-11 20:07:08,1
1781,8,2011-12-09 17:07:57,1
1782,8,2010-07-27 16:30:25,1
1783,8,2010-07-21 16:40:38,1
1784,8,2012-03-20 22:19:21,1
1785,8,2011-12-14 16:59:23,0
1786,8,2010-09-30 17:52:04,1
1787,8,2012-08-06 17:01:23,1
1789,8,2010-04-23 15:26:43,1
1790,8,2011-11-07 20:46:09,1
1791,8,2012-08-13 20:36:47,1
1794,8,2010-08-05 20:08:08,1
1796,8,2011-10-06 21:43:09,1
1796,8,2011-10-11 18:45:33,9
1797,8,2012-06-19 15:27:50,1
1798,8,2010-02-04 19:49:49,1
1800,8,2012-04-10 23:26:52,1
1801,8,2012-07-27 15:05:38,1
1802,8,2012-02-24 18:15:32,1
1803,8,2012-04-05 22:44:29,1
1804,8,2011-04-15 15:33:18,1
1805,8,2010-12-28 22:07:14,1
1806,8,2010-04-16 16:39:25,1
1806,8,2010-04-16 20:59:13,9
1807,8,2010-05-17 23:41:52,1
1808,8,2012-06-01 15:31:47,1
1809,8,2010-07-14 20:41:21,1
1810,8,2012-07-18 22:04:41,1
1811,8,2011-12-20 00:03:54,1
1813,8,2012-10-16 16:19:20,1
1815,8,2012-08-08 16:01:14,1
1816,8,2011-06-28 18:12:42,1
1816,8,2011-06-28 21:55:36,9
1816,8,2011-07-01 20:28:08,6
1816,8,2011-07-01 22:54:47,8
1816,8,2011-07-01 23:13:19,8
1817,8,2012-07-31 23:24:37,1
1818,8,2011-10-19 16:41:09,1
1819,8,2011-05-30 23:55:07,1
1820,8,2011-03-14 22:42:25,9
1820,8,2011-03-15 22:40:41,9
1820,8,2011-03-15 23:29:04,6
1820,8,2011-03-22 18:04:35,9
1820,8,2011-03-22 23:46:21,6
1820,8,2011-04-04 16:07:53,9
1821,8,2010-05-21 17:24:48,1
1821,8,2010-05-24 22:53:10,9
1822,8,2011-11-07 19:47:27,1
1825,8,2012-03-06 18:26:51,1
1827,8,2011-06-17 18:38:04,1
1829,8,2012-06-04 18:55:46,1
1830,8,2010-11-18 01:28:33,1
1830,8,2010-11-23 23:48:34,6
1832,8,2010-11-17 01:58:52,1
1832,8,2010-11-19 22:03:17,9
1833,8,2011-07-15 15:44:06,1
1834,8,2011-02-21 17:25:49,1
1835,8,2012-05-18 17:50:44,1
1836,8,2011-12-17 00:30:54,1
1837,8,2011-07-06 16:06:03,1
1838,8,2011-05-02 15:51:36,1
1839,8,2011-10-24 18:48:36,1
1840,8,2011-10-18 18:54:44,1
1841,8,2011-05-16 21:59:01,1
1842,8,2012-02-15 23:06:49,1
1844,8,2012-07-23 16:29:30,1
1845,8,2011-05-04 23:44:03,1
1845,8,2011-05-04 23:44:35,8
1845,8,2011-05-05 20:18:34,8
1846,8,2011-03-08 22:23:13,1
1846,8,2011-03-11 20:42:54,9
1847,8,2012-04-13 15:03:24,1
1849,8,2010-09-03 20:58:08,1
1849,8,2010-09-21 17:28:54,9
1850,8,2010-06-14 17:08:43,9
1851,8,2010-06-02 00:14:25,1
1852,8,2012-03-02 18:27:20,1
1853,8,2010-06-01 23:54:31,1
1854,8,2012-07-17 16:16:40,1
1855,8,2011-10-13 15:55:02,1
1856,8,2012-06-06 15:17:30,1
1857,8,2012-02-21 20:15:46,1
1859,8,2010-08-05 17:21:43,1
1861,8,2011-03-22 02:03:43,1
1862,8,2011-07-12 16:20:15,1
1863,8,2010-10-26 16:27:12,1
1864,8,2010-10-04 15:17:17,1
1865,8,2011-04-27 23:40:31,1
1865,8,2011-05-05 18:09:25,9
1866,8,2011-01-25 22:33:42,1
1866,8,2011-01-27 20:05:03,6
1867,8,2011-05-19 21:33:09,1
1867,8,2011-05-19 21:33:48,8
1867,8,2011-05-20 15:11:34,8
1867,8,2011-05-30 15:35:08,6
1867,8,2011-06-06 16:22:01,6
1867,8,2011-06-06 16:38:51,8
1870,8,2012-02-09 01:18:27,1
1871,8,2012-05-07 23:16:30,1
1872,8,2010-06-10 18:43:25,1
1873,8,2012-05-18 21:13:26,1
1875,8,2012-03-09 20:40:02,1
1876,8,2012-03-09 20:29:54,1
1877,8,2011-04-27 18:48:07,1
1877,8,2011-05-02 18:21:58,8
1878,8,2012-03-23 20:03:28,1
1879,8,2010-09-06 16:17:42,1
1880,8,2012-07-27 18:54:27,1
1881,8,2010-07-13 23:05:39,1
1883,8,2011-02-15 19:25:07,1
1885,8,2012-06-21 15:35:18,1
1886,8,2012-07-10 17:22:41,1
1887,8,2012-08-31 14:59:00,1
1888,8,2011-11-09 22:18:35,0
1889,8,2010-12-28 22:57:57,1
1890,8,2012-02-22 00:31:04,1
1891,8,2010-12-20 19:12:10,1
1895,8,2011-07-12 17:36:57,1
1896,8,2011-02-11 01:05:43,1
1897,8,2011-02-17 18:00:13,1
1897,8,2011-03-01 19:35:03,6
1898,8,2012-05-14 23:13:00,1
1899,8,2010-10-04 15:18:28,1
1899,8,2010-10-26 21:25:09,9
1902,8,2012-05-29 15:45:33,1
1904,8,2010-05-20 15:57:27,1
1905,8,2011-10-10 21:18:44,1
1906,8,2010-11-11 01:25:42,1
1907,8,2010-03-05 01:29:36,1
1907,8,2010-03-05 21:14:51,6
1907,8,2010-03-24 22:39:00,9
1908,8,2012-04-20 16:42:11,1
1909,8,2011-12-01 00:31:32,1
1910,8,2012-01-10 17:55:26,1
1911,8,2011-05-31 21:33:41,1
1912,8,2012-04-11 20:48:55,1
1913,8,2011-09-30 22:49:03,1
1914,8,2012-02-23 19:43:15,1
1919,8,2010-10-06 22:44:49,1
1919,8,2010-10-12 18:52:50,9
1920,8,2012-07-05 21:33:28,1
1921,8,2011-10-06 16:06:00,1
1922,8,2012-07-18 22:19:03,1
1923,8,2010-07-14 00:33:19,1
1925,8,2010-08-23 21:45:11,1
1926,8,2011-03-31 18:09:42,1
1927,8,2011-11-04 17:33:42,1
1928,8,2010-09-07 23:16:05,1
1929,8,2010-11-15 23:04:35,1
1930,8,2010-07-14 21:09:56,1
1931,8,2012-01-18 21:10:53,1
1932,8,2011-06-27 21:04:03,1
1933,8,2011-05-02 20:39:06,1
1933,8,2011-05-02 20:40:52,8
1934,8,2011-06-28 16:11:37,1
1935,8,2011-02-11 17:52:37,1
1935,8,2011-02-11 23:33:26,6
1935,8,2011-02-14 17:36:09,9
1936,8,2011-06-29 15:12:01,1
1936,8,2011-07-05 17:47:04,9
1937,8,2011-05-19 18:01:56,1
1938,8,2012-03-06 17:43:12,1
1939,8,2011-09-05 17:02:23,1
1940,8,2011-04-28 22:52:25,1
1941,8,2010-01-21 18:14:12,1
1942,8,2011-02-15 19:21:42,1
1943,8,2011-04-13 16:14:27,1
1943,8,2011-04-18 16:28:58,8
1943,8,2011-05-09 23:44:05,9
1943,8,2011-05-10 18:08:54,6
1943,8,2011-05-26 17:27:11,9
1944,8,2012-03-23 18:57:57,1
1945,8,2011-07-28 15:27:33,1
1946,8,2012-09-07 21:10:25,1
1947,8,2010-11-27 02:02:49,1
1948,8,2011-01-27 17:02:19,1
1948,8,2011-02-04 17:21:30,9
1950,8,2012-05-28 23:06:33,1
1951,8,2011-04-27 16:10:47,1
1952,8,2011-11-18 23:47:49,1
1953,8,2010-08-24 23:38:17,1
1953,8,2010-08-24 23:57:47,8
1954,8,2011-01-19 18:00:28,1
1955,8,2012-05-14 21:05:59,1
1956,8,2011-08-29 16:19:09,1
1956,8,2011-09-06 17:09:54,8
1957,8,2011-11-11 20:15:03,0
1958,8,2011-10-14 23:15:11,1
1959,8,2010-04-28 16:08:34,1
1960,8,2012-05-08 18:11:15,1
1962,8,2012-07-19 14:48:08,1
1963,8,2012-02-07 19:39:44,1
1964,8,2010-12-02 01:55:55,1
1964,8,2010-12-07 20:04:19,6
1965,8,2012-01-09 20:16:28,1
1966,8,2011-10-14 18:41:06,1
1967,8,2012-01-30 20:18:26,1
1968,8,2012-08-10 15:03:01,1
1969,8,2011-03-22 17:21:04,1
1970,8,2011-09-13 01:04:52,1
1971,8,2011-02-24 19:30:31,1
1972,8,2012-06-14 15:06:07,1
1973,8,2010-06-09 23:39:17,1
1974,8,2012-05-30 15:08:49,1
1976,8,2010-11-26 20:11:17,1
1977,8,2012-06-11 20:36:48,1
1979,8,2012-05-23 15:19:57,1
1981,8,2010-05-05 00:10:37,1
1982,8,2012-04-30 21:32:48,1
1983,8,2011-11-04 18:13:50,1
1985,8,2010-04-13 17:55:27,1
1986,8,2011-02-15 20:59:24,1
1988,8,2012-06-06 22:23:01,1
1989,8,2010-09-10 23:18:17,1
1990,8,2012-03-07 01:54:53,1
1991,8,2011-06-13 18:05:13,1
1992,8,2012-05-21 21:13:52,1
1993,8,2012-03-19 23:09:45,1
1995,8,2012-04-03 20:39:24,1
1996,8,2010-11-23 23:32:00,1
1997,8,2011-03-31 16:53:00,1
1998,8,2012-05-24 23:39:09,1
1999,8,2012-06-28 16:58:50,1
2001,8,2010-03-30 22:27:23,1
2001,8,2010-05-06 00:50:54,9
2002,8,2012-05-14 17:35:26,1
2003,8,2011-05-23 16:09:56,1
2003,8,2011-05-27 20:43:34,6
2003,8,2011-06-03 20:53:53,9
2004,8,2010-03-12 02:07:32,1
2005,8,2010-05-03 22:52:34,1
2006,8,2010-02-25 01:03:46,1
2008,8,2011-11-04 19:57:29,1
2009,8,2011-09-22 15:44:45,1
2010,8,2011-07-05 16:00:55,1
2010,8,2011-07-06 15:54:00,6
2010,8,2011-07-07 22:56:55,9
2010,8,2011-07-07 22:57:30,9
2011,8,2010-10-12 17:12:07,1
2012,8,2012-07-26 20:26:11,1
2014,8,2012-06-18 18:44:34,1
2015,8,2011-05-18 16:15:41,1
2016,8,2010-11-25 17:02:44,1
2017,8,2011-09-22 21:39:07,1
2018,8,2011-06-13 15:29:26,1
2018,8,2011-06-14 14:49:33,9
2019,8,2011-05-13 21:03:33,1
2019,8,2011-05-16 17:42:25,9
2020,8,2010-04-26 17:28:33,1
2024,8,2012-06-20 23:13:31,1
2025,8,2012-01-12 17:45:12,1
2026,8,2012-01-10 20:47:30,1
2027,8,2012-01-27 19:14:35,1
2028,8,2010-11-20 01:36:09,1
2029,8,2012-08-23 21:45:04,1
2030,8,2012-03-22 22:09:19,1
2031,8,2011-09-21 15:10:54,1
2032,8,2012-03-22 22:21:22,1
2033,8,2010-04-26 21:13:55,9
2034,8,2012-01-23 19:22:38,1
2036,8,2011-12-16 18:08:07,1
2038,8,2011-02-24 23:21:25,1
2039,8,2012-03-20 22:47:35,1
2040,8,2011-08-25 18:09:50,1
2041,8,2011-06-29 18:00:19,1
2042,8,2010-09-14 17:10:17,1
2043,8,2012-01-10 18:43:37,1
2045,8,2010-10-27 21:36:39,1
2046,8,2012-01-03 20:08:19,1
2047,8,2012-04-24 22:03:32,1
2048,8,2011-02-04 17:57:07,1
2048,8,2011-02-23 19:34:24,9
2051,8,2010-07-26 16:10:49,9
2051,8,2010-07-26 18:01:07,9
2052,8,2011-10-13 16:20:59,1
2053,8,2010-06-22 23:17:04,1
2053,8,2010-06-28 21:01:40,9
2053,8,2010-07-14 23:00:58,9
2054,8,2011-03-03 19:18:10,1
2054,8,2011-03-15 17:39:20,6
2055,8,2011-10-04 21:36:18,1
2056,8,2011-07-20 17:23:23,1
2057,8,2010-07-12 18:35:10,1
2058,8,2010-07-21 20:40:17,1
2060,8,2012-02-17 18:23:20,1
2061,8,2012-07-16 16:05:02,1
2063,8,2012-01-17 20:59:06,1
2064,8,2011-09-21 15:41:28,1
2065,8,2011-05-23 16:54:29,1
2067,8,2010-08-04 21:32:15,1
2067,8,2010-08-30 21:39:35,9
2069,8,2011-04-28 21:23:51,1
2070,8,2012-03-20 19:08:37,1
2071,8,2011-11-07 22:59:33,1
2071,8,2011-12-02 17:18:09,9
2072,8,2010-03-24 00:08:32,1
2073,8,2012-05-11 23:50:01,1
2074,8,2012-08-02 20:57:48,1
2075,8,2011-04-28 16:45:24,1
2076,8,2011-10-07 17:55:13,1
2077,8,2011-03-02 20:40:42,1
2078,8,2012-07-18 22:57:05,9
2080,8,2012-07-26 23:15:06,1
2080,8,2012-07-26 23:24:59,8
2082,8,2011-05-10 22:52:34,1
2082,8,2011-05-11 15:55:47,9
2082,8,2011-05-11 16:50:04,6
2082,8,2011-05-30 16:41:04,9
2084,8,2012-06-11 21:00:26,1
2085,8,2012-04-10 21:57:12,1
2086,8,2010-09-13 21:44:17,1
2087,8,2012-01-03 17:59:16,1
2087,8,2012-01-04 20:15:52,9
2088,8,2010-02-04 20:01:28,1
2089,8,2011-01-27 20:07:33,1
2090,8,2012-02-03 19:50:21,0
2091,8,2011-07-19 23:46:38,1
2094,8,2011-02-21 17:48:31,1
2095,8,2012-07-10 15:16:32,1
2096,8,2012-07-31 23:22:51,1
2097,8,2012-08-31 18:40:05,1
2098,8,2011-11-04 01:38:28,1
2099,8,2011-09-08 22:55:55,1
2100,8,2012-02-29 17:23:14,1
2101,8,2010-11-03 01:29:44,1
2102,8,2010-09-30 22:47:45,1
2102,8,2010-10-04 20:07:27,9
2106,8,2010-03-26 22:32:55,1
2107,8,2010-09-17 21:03:33,1
2110,8,2011-06-22 17:19:11,1
2111,8,2011-10-18 15:29:17,1
2111,8,2011-10-18 21:20:53,8
2113,8,2011-12-06 17:27:07,1
2114,8,2010-05-12 22:56:55,1
2115,8,2011-01-31 19:57:06,1
2116,8,2012-01-11 19:55:04,1
2118,8,2010-02-10 00:01:11,1
2119,8,2010-05-04 17:58:40,1
2119,8,2010-05-19 22:20:09,9
2120,8,2011-10-11 18:32:05,1
2120,8,2011-10-21 17:01:56,8
2122,8,2011-05-09 15:29:11,1
2127,8,2011-09-14 21:23:31,1
2128,8,2012-05-29 20:48:59,1
2129,8,2011-11-09 18:08:32,1
2130,8,2012-01-24 00:27:05,1
2131,8,2010-02-20 02:03:44,1
2132,8,2011-11-11 19:42:53,1
2132,8,2011-12-07 00:19:48,9
2133,8,2011-10-07 21:52:36,1
2135,8,2011-10-14 15:11:16,1
2136,8,2010-06-04 21:07:32,1
2137,8,2011-02-14 23:28:56,1
2138,8,2010-05-04 23:25:21,1
2139,8,2012-06-13 18:34:51,1
2139,8,2012-07-25 16:23:29,4
2140,8,2012-02-03 18:48:58,1
2144,8,2011-01-19 02:08:56,1
2145,8,2011-01-26 20:07:29,1
2145,8,2011-02-04 18:38:15,9
2145,8,2011-02-14 17:20:53,9
2146,8,2011-06-07 15:38:42,1
2147,8,2011-06-22 15:04:14,1
2147,8,2011-06-29 15:28:52,9
2148,8,2012-01-20 01:50:10,1
2149,8,2011-03-02 00:35:19,1
2149,8,2011-03-07 23:58:30,6
2150,8,2012-02-23 19:46:01,1
2151,8,2011-06-29 17:47:23,1
2153,8,2010-07-14 15:37:10,1
2155,8,2010-09-22 18:25:48,1
2158,8,2011-12-12 18:25:38,1
2159,8,2010-09-09 19:58:32,1
2160,8,2012-06-14 21:25:14,1
2161,8,2011-06-27 16:00:16,1
2162,8,2011-04-20 16:29:23,9
2164,8,2012-01-24 01:48:20,1
2165,8,2010-10-05 23:38:39,1
2166,8,2011-09-02 00:15:56,1
2167,8,2012-07-31 22:50:12,1
2169,8,2010-09-15 23:27:15,1
2170,8,2012-01-03 17:59:46,1
2171,8,2012-07-11 16:36:03,1
2173,8,2010-04-26 17:24:02,1
2173,8,2010-05-18 22:01:17,9
2174,8,2012-05-07 16:25:55,1
2175,8,2010-07-30 16:02:53,1
2179,8,2011-09-30 16:24:05,1
2180,8,2011-12-01 22:56:43,1
2181,8,2010-09-20 17:29:55,1
2182,8,2011-04-22 15:39:53,1
2184,8,2011-01-21 19:28:37,1
2184,8,2011-01-24 23:27:01,6
2184,8,2011-02-01 19:45:03,9
2185,8,2011-04-14 17:57:08,1
2186,8,2010-11-24 01:30:44,1
2187,8,2012-08-16 14:56:55,1
2188,8,2012-06-20 15:55:41,1
2189,8,2011-05-04 18:43:16,1
2190,8,2011-06-14 15:29:13,1
2192,8,2011-12-16 17:15:06,1
2193,8,2012-05-18 22:23:55,1
2195,8,2011-10-21 23:18:47,1
2196,8,2011-01-24 20:23:04,1
2198,8,2011-09-29 23:15:26,1
2199,8,2010-03-30 17:08:51,1
2199,8,2010-03-30 22:25:46,9
2200,8,2012-01-11 19:22:06,1
2202,8,2012-04-27 16:02:06,1
2204,8,2011-07-04 17:45:16,1
2205,8,2010-07-14 23:56:37,1
2206,8,2010-06-04 15:47:05,1
2207,8,2011-02-16 00:52:41,1
2207,8,2011-03-03 01:16:06,9
2208,8,2010-05-20 18:26:34,1
2209,8,2011-03-25 20:27:54,1
2209,8,2011-04-15 15:59:43,9
2213,8,2011-03-02 01:49:10,1
2213,8,2011-03-11 19:03:26,9
2214,8,2012-07-20 20:37:04,1
2216,8,2011-12-01 17:34:50,1
2217,8,2011-04-26 16:16:17,1
2218,8,2011-04-20 20:57:29,1
2220,8,2012-08-09 21:35:02,1
2221,8,2010-10-07 14:58:10,1
2221,8,2010-10-18 21:30:46,6
2222,8,2010-09-17 15:35:31,1
2223,8,2010-11-25 18:35:13,1
2224,8,2012-02-13 17:39:33,1
2225,8,2012-06-20 23:40:18,1
2226,8,2012-04-04 22:04:21,1
2230,8,2011-12-01 00:25:19,1
2231,8,2011-05-27 23:21:39,1
2231,8,2011-05-30 16:41:53,6
2233,8,2010-11-02 19:47:11,1
2234,8,2012-01-02 17:41:05,1
2235,8,2010-10-22 15:47:57,1
2240,8,2012-07-04 15:10:20,1
2241,8,2012-06-26 21:14:26,1
2242,8,2012-04-23 23:34:43,1
2243,8,2010-12-03 17:24:16,1
2244,8,2012-04-05 22:44:07,1
2246,8,2011-09-08 15:44:47,1
2247,8,2012-02-08 19:58:09,1
2248,8,2011-12-27 18:04:07,1
2249,8,2010-04-30 18:29:06,1
2249,8,2010-04-30 21:08:45,6
2249,8,2010-05-03 19:13:11,9
2251,8,2011-10-07 18:22:17,1
2252,8,2012-01-23 22:10:18,1
2254,8,2010-09-22 23:25:02,1
2255,8,2012-01-27 17:03:08,1
2257,8,2011-11-14 17:03:20,1
2258,8,2012-06-15 15:51:02,1
2259,8,2012-07-25 22:47:54,1
2260,8,2011-09-28 20:40:32,1
2261,8,2012-01-28 00:25:46,1
2262,8,2012-01-19 20:19:00,1
2263,8,2011-03-22 20:06:10,1
2264,8,2011-10-06 15:57:33,1
2265,8,2011-04-08 23:38:33,1
2266,8,2010-04-08 22:27:56,1
2269,8,2011-03-25 22:43:04,1
2269,8,2011-03-31 18:21:46,9
2271,8,2010-08-26 21:13:00,1
2271,8,2010-08-27 15:00:40,9
2272,8,2010-05-31 17:30:29,1
2273,8,2012-05-11 15:28:57,1
2274,8,2011-01-20 20:09:05,1
2275,8,2011-03-14 22:16:30,1
2277,8,2012-02-13 18:45:33,1
2280,8,2010-10-01 17:01:34,1
2281,8,2011-06-21 23:47:13,1
2281,8,2011-06-29 18:26:38,9
2282,8,2010-03-17 17:21:53,1
2283,8,2010-10-27 17:58:58,1
2284,8,2011-04-15 18:43:34,1
2286,8,2012-01-18 22:32:50,1
2287,8,2011-05-16 21:01:03,1
2287,8,2011-05-18 18:25:06,9
2288,8,2010-05-31 16:30:15,1
2288,8,2010-06-03 22:53:49,8
2289,8,2010-12-28 02:00:14,1
2291,8,2011-01-14 20:26:55,1
2292,8,2010-03-25 23:51:41,1
2292,8,2010-05-06 01:05:25,9
2293,8,2012-06-12 22:58:59,1
2294,8,2011-07-04 23:01:57,1
2295,8,2011-02-22 18:20:43,1
2295,8,2011-03-02 01:18:44,9
2295,8,2011-03-11 19:35:13,9
2296,8,2012-08-07 17:48:17,1
2297,8,2010-03-10 17:31:29,1
2298,8,2010-07-19 22:22:20,1
2299,8,2010-08-05 15:52:19,1
2301,8,2010-05-12 18:07:55,1
2301,8,2010-05-17 22:53:29,6
2303,8,2012-02-08 23:22:58,1
2304,8,2011-11-17 01:08:35,1
2304,8,2011-11-25 19:57:44,9
2305,8,2011-03-31 22:11:23,1
2306,8,2011-10-14 20:43:24,1
2307,8,2010-08-10 21:36:01,1
2309,8,2010-07-20 22:17:15,1
2310,8,2010-12-07 19:59:17,1
2310,8,2010-12-21 17:20:52,9
2311,8,2011-02-16 22:36:37,1
2311,8,2011-02-22 20:26:45,9
2312,8,2011-03-24 00:51:12,1
2313,8,2012-06-14 20:49:19,1
2314,8,2011-01-04 19:45:30,1
2316,8,2011-07-06 18:55:31,1
2317,8,2012-02-24 00:08:03,1
2318,8,2012-06-20 15:10:58,1
2319,8,2010-10-01 21:48:47,1
2319,8,2010-10-27 21:17:32,9
2320,8,2010-05-13 16:52:41,1
2321,8,2010-03-12 00:48:46,1
2323,8,2012-02-07 01:01:09,1
2324,8,2011-09-28 18:05:33,1
2325,8,2010-04-26 18:32:15,1
2326,8,2012-03-28 23:40:35,1
2327,8,2011-10-04 23:57:06,1
2327,8,2011-10-07 23:55:55,8
2329,8,2010-05-13 20:37:21,1
2331,8,2011-01-11 00:15:46,1
2331,8,2011-01-11 17:14:04,9
2332,8,2011-04-06 23:39:03,1
2333,8,2011-06-14 15:10:16,1
2333,8,2011-06-15 16:50:56,8
2333,8,2011-06-17 20:32:55,8
2334,8,2011-09-26 21:14:23,1
2336,8,2010-09-21 23:04:13,1
2337,8,2011-01-27 17:35:33,1
2337,8,2011-02-04 20:48:40,9
2338,8,2010-07-08 23:19:15,1
2338,8,2010-07-16 16:09:50,6
2338,8,2010-08-02 16:48:49,9
2339,8,2010-09-01 16:00:29,1
2340,8,2010-05-17 19:14:18,1
2341,8,2011-06-07 22:57:07,1
2341,8,2011-07-07 17:18:24,9
2342,8,2012-08-13 23:58:03,1
2343,8,2011-08-01 15:59:07,1
2344,8,2012-03-05 22:31:38,1
2345,8,2011-08-12 23:53:41,1
2349,8,2010-07-26 20:40:46,1
2349,8,2010-07-27 22:31:16,6
2350,8,2012-02-08 00:22:09,1
2350,8,2012-02-08 17:10:19,6
2352,8,2011-04-08 23:45:12,1
2353,8,2011-10-25 15:56:33,1
2354,8,2011-02-16 01:53:12,1
2355,8,2011-01-26 17:30:24,1
2358,8,2012-03-09 20:56:52,1
2359,8,2010-09-07 16:43:53,1
2360,8,2011-07-01 17:22:31,1
2361,8,2011-03-08 22:02:58,1
2361,8,2011-03-09 19:04:28,9
2363,8,2011-11-18 22:39:54,1
2364,8,2011-06-15 15:38:38,1
2365,8,2012-02-27 17:20:52,1
2366,8,2012-05-29 15:03:19,1
2367,8,2012-08-31 17:02:30,1
2369,8,2010-02-27 00:25:37,1
2370,8,2010-07-26 20:34:58,1
2371,8,2011-11-10 18:09:07,1
2372,8,2011-11-29 18:16:39,1
2373,8,2011-02-14 20:37:05,1
2373,8,2011-02-16 01:41:19,9
2374,8,2012-07-30 23:00:06,1
2376,8,2011-05-17 23:35:34,1
2377,8,2010-04-09 21:43:57,1
2378,8,2011-10-20 21:45:44,1
2379,8,2011-04-14 17:22:25,1
2379,8,2011-04-15 20:57:32,9
2380,8,2012-09-19 18:00:15,1
2380,8,2012-10-09 17:29:52,9
2382,8,2012-02-10 01:39:28,1
2383,8,2010-03-11 23:30:33,1
2384,8,2011-02-22 01:44:18,1
2384,8,2011-02-24 22:09:25,6
2384,8,2011-02-24 22:21:24,6
2384,8,2011-03-18 23:46:20,9
2385,8,2011-01-20 20:20:17,1
2386,8,2012-07-27 18:54:57,1
2387,8,2010-03-05 19:08:27,0
2388,8,2012-08-07 16:23:24,1
2389,8,2010-06-23 22:34:47,1
2390,8,2012-08-22 23:30:53,1
2392,8,2011-01-11 19:52:17,1
2393,8,2011-02-02 23:34:25,1
2394,8,2012-01-20 02:04:27,1
2395,8,2010-03-22 23:33:21,1
2396,8,2011-08-22 20:17:44,1
2397,8,2012-02-20 18:29:03,1
2400,8,2011-12-13 20:57:57,0
2401,8,2011-08-02 21:56:15,1
2402,8,2011-06-24 23:54:04,1
2403,8,2012-09-17 17:46:52,1
2404,8,2011-11-03 20:42:56,0
2405,8,2010-08-27 17:05:56,1
2407,8,2011-07-25 18:37:17,1
2407,8,2011-08-16 17:07:14,6
2408,8,2010-11-10 00:35:40,1
2410,8,2010-03-23 01:16:37,1
2411,8,2010-06-10 23:15:40,1
2411,8,2010-06-14 15:40:33,6
2412,8,2010-05-17 20:50:39,1
2413,8,2010-11-30 02:04:16,1
2414,8,2011-02-10 18:58:28,1
2414,8,2011-02-11 18:11:59,9
2415,8,2012-07-31 23:24:21,1
2416,8,2012-03-27 15:42:00,1
2418,8,2010-05-12 23:25:58,1
2418,8,2010-06-11 21:44:10,9
2419,8,2012-07-04 16:24:39,1
2420,8,2011-10-11 17:24:28,1
2421,8,2012-04-11 20:30:34,1
2422,8,2010-11-25 01:44:00,1
2423,8,2010-06-07 17:34:31,1
2424,8,2011-02-08 22:28:44,1
2425,8,2011-02-17 23:13:06,1
2425,8,2011-03-28 15:16:24,6
2426,8,2011-12-03 01:29:07,1
2427,8,2011-09-30 22:10:24,1
2428,8,2010-07-08 17:56:03,1
2429,8,2012-02-10 23:18:02,1
2430,8,2011-09-09 17:01:06,1
2431,8,2012-08-14 21:15:55,1
2434,8,2011-10-06 22:46:24,1
2435,8,2011-01-12 22:53:15,1
2435,8,2011-01-21 17:28:56,9
2437,8,2010-12-06 17:35:40,1
2438,8,2010-03-10 00:57:34,1
2439,8,2010-07-14 18:18:31,1
2439,8,2010-08-03 23:09:32,9
2440,8,2012-07-31 15:23:22,1
2441,8,2010-02-16 00:57:33,1
2442,8,2011-06-14 21:00:42,1
2442,8,2011-07-05 20:30:17,9
2443,8,2010-09-01 16:21:14,1
2443,8,2010-09-06 18:05:29,9
2444,8,2010-10-20 22:13:13,1
2445,8,2010-09-22 18:13:28,1
2446,8,2010-09-10 23:28:34,1
2449,8,2012-01-16 22:51:44,1
2450,8,2011-07-19 18:30:01,1
2453,8,2010-05-03 17:40:22,1
2454,8,2012-05-14 23:13:46,1
2455,8,2012-08-13 18:46:22,1
2456,8,2011-10-13 22:31:54,1
2457,8,2010-08-10 20:52:51,1
2459,8,2011-03-09 23:59:36,1
2460,8,2010-06-09 21:10:19,1
2461,8,2012-01-31 17:44:19,1
2462,8,2012-06-12 22:40:43,1
2463,8,2011-08-05 00:34:36,1
2464,8,2010-08-03 18:36:49,1
2467,8,2010-06-04 17:08:49,1
2467,8,2010-06-09 18:35:19,9
2468,8,2011-02-24 22:22:22,1
2468,8,2011-03-09 19:03:36,9
2469,8,2011-11-07 17:40:19,1
2470,8,2011-05-25 16:18:54,1
2470,8,2011-05-27 17:31:04,9
2471,8,2011-05-11 16:07:53,1
2471,8,2011-05-16 16:43:13,9
2472,8,2012-03-05 23:58:41,1
2474,8,2012-08-02 21:52:10,1
2475,8,2010-07-30 17:44:33,1
2477,8,2012-01-16 22:31:58,1
2478,8,2011-11-29 22:30:31,1
2480,8,2011-02-24 22:58:23,1
2482,8,2012-03-20 23:22:18,1
2483,8,2010-10-25 15:15:12,1
2483,8,2010-11-03 00:45:59,6
2484,8,2012-07-11 23:41:52,1
2485,8,2012-01-13 19:17:00,1
2486,8,2010-08-05 15:02:55,1
2486,8,2010-08-05 18:56:13,6
2486,8,2010-08-10 20:19:32,9
2487,8,2012-06-11 20:07:27,1
2488,8,2011-02-15 19:03:08,1
2488,8,2011-02-15 19:18:49,8
2489,8,2012-07-23 16:57:49,1
2491,8,2012-07-26 18:50:38,1
2493,8,2012-07-24 16:12:31,1
2494,8,2011-11-23 19:14:34,1
2495,8,2011-06-01 17:04:27,1
2496,8,2011-11-11 19:01:47,1
2497,8,2012-07-19 14:56:32,1
2500,8,2010-09-14 21:22:28,1
2500,8,2010-10-14 19:54:47,9
2501,8,2010-07-13 17:03:03,1
2502,8,2010-03-16 23:25:16,1
2503,8,2011-01-04 01:48:11,1
2504,8,2012-09-10 16:07:48,1
2505,8,2011-03-04 00:23:39,1
2505,8,2011-03-04 18:19:52,9
2505,8,2011-03-25 17:32:02,9
2506,8,2011-06-28 15:04:25,1
2507,8,2010-05-18 19:11:06,1
2510,8,2011-08-09 15:13:03,1
2511,8,2012-05-28 15:03:05,1
2513,8,2010-10-14 18:43:30,1
2515,8,2011-12-27 20:02:05,1
2516,8,2012-01-26 00:31:56,1
2517,8,2011-10-19 17:22:30,1
2518,8,2012-02-07 20:54:35,1
2519,8,2011-02-17 17:31:57,1
2519,8,2011-02-22 23:46:54,9
2520,8,2010-10-21 15:53:57,1
2520,8,2010-11-08 23:12:52,9
2521,8,2012-05-29 18:27:48,1
2524,8,2010-11-18 02:00:50,1
2526,8,2011-09-23 21:24:40,1
2527,8,2011-01-29 01:45:04,1
2528,8,2012-01-16 18:02:23,1
2529,8,2010-12-06 16:48:39,1
2531,8,2011-11-04 20:15:31,1
2532,8,2012-07-17 17:05:02,1
2533,8,2012-05-15 15:02:06,1
2534,8,2012-07-31 21:48:29,1
2535,8,2012-02-14 19:25:44,1
2536,8,2012-05-18 15:53:32,1
2537,8,2011-02-10 20:41:55,1
2538,8,2012-01-23 20:43:23,1
2538,8,2012-02-10 00:34:59,8
2539,8,2012-07-20 17:08:19,1
2540,8,2010-11-08 20:08:29,1
2542,8,2012-01-18 19:12:39,1
2543,8,2010-12-17 19:46:01,1
2544,8,2010-06-11 18:55:32,1
2545,8,2011-09-12 20:21:00,1
2546,8,2012-02-28 18:53:25,1
2547,8,2010-11-09 00:40:39,1
2548,8,2010-11-11 20:13:06,1
2549,8,2012-07-26 20:21:15,1
2551,8,2012-03-28 21:51:27,1
2552,8,2012-01-02 17:49:53,1
2553,8,2011-06-27 18:30:51,1
2553,8,2011-06-27 21:24:24,9
2554,8,2012-02-02 23:28:13,1
2556,8,2012-02-01 20:57:31,1
2557,8,2011-05-09 21:00:47,1
2559,8,2010-02-23 22:33:27,1
2560,8,2010-08-09 20:14:04,1
2560,8,2010-09-01 23:25:42,9
2561,8,2010-08-18 17:57:56,1
2562,8,2010-05-29 00:03:05,1
2563,8,2010-11-18 01:15:55,1
2564,8,2010-09-03 16:18:02,1
2565,8,2010-10-21 21:23:26,1
2566,8,2012-03-26 18:38:54,1
2567,8,2011-04-19 17:33:51,1
2567,8,2011-05-06 16:59:27,9
2567,8,2011-05-11 21:56:20,6
2568,8,2012-02-08 17:54:11,1
2570,8,2010-03-25 20:44:16,1
2572,8,2012-05-31 16:34:52,1
2572,8,2012-06-01 20:48:13,2
2573,8,2012-06-07 21:27:14,1
2574,8,2011-07-01 16:35:26,1
2575,8,2012-07-27 18:49:30,1
2576,8,2012-04-16 15:09:01,1
2578,8,2010-08-06 20:18:34,1
2580,8,2012-01-16 23:56:25,1
2582,8,2012-06-20 23:54:15,1
2583,8,2010-11-29 17:26:25,1
2583,8,2010-12-23 18:44:06,9
2584,8,2012-05-15 21:09:11,1
2584,8,2012-05-17 15:21:32,9
2586,8,2012-06-13 21:10:12,1
2587,8,2011-03-31 15:32:49,1
2588,8,2011-05-12 16:42:48,1
2589,8,2011-02-15 22:16:00,1
2589,8,2011-02-21 19:35:14,9
2590,8,2010-06-11 20:16:35,1
2592,8,2012-07-26 23:32:02,1
2594,8,2011-06-29 16:16:26,1
2595,8,2012-03-20 20:45:42,1
2597,8,2011-04-20 16:53:31,9
2600,8,2012-05-07 17:04:02,1
2601,8,2011-09-28 22:40:13,1
2602,8,2012-02-01 00:04:57,1
2603,8,2012-10-02 17:25:49,1
2604,8,2011-12-27 17:16:34,1
2605,8,2010-08-05 15:41:03,9
2606,8,2012-03-20 20:39:31,1
2607,8,2012-08-28 21:09:20,1
2608,8,2011-09-21 00:01:59,1
2609,8,2012-08-16 15:12:00,1
2610,8,2011-04-28 21:08:01,1
2610,8,2011-04-28 21:08:43,8
2610,8,2011-05-04 20:08:20,9
2612,8,2012-04-13 21:22:17,1
2615,8,2012-03-14 18:45:08,1
2617,8,2012-06-08 21:48:21,1
2618,8,2012-05-28 22:52:17,1
2619,8,2010-03-17 22:29:28,1
2619,8,2010-03-24 00:10:04,9
2621,8,2011-10-07 17:19:12,1
2623,8,2012-05-21 16:06:19,1
2623,8,2012-06-05 15:32:04,9
2624,8,2010-04-28 23:24:30,1
2626,8,2012-01-18 23:35:00,1
2627,8,2011-12-21 16:49:32,1
2628,8,2012-07-05 16:53:43,1
2629,8,2010-11-25 18:16:35,1
2630,8,2012-04-10 17:15:47,1
2632,8,2011-04-15 15:31:29,1
2633,8,2010-11-12 23:36:14,1
2633,8,2010-11-25 18:08:56,9
2634,8,2012-08-03 15:17:57,1
2635,8,2010-02-16 19:58:09,1
2636,8,2010-08-30 16:03:41,1
2637,8,2012-03-13 16:59:32,1
2638,8,2010-05-25 15:51:06,1
2639,8,2010-07-28 16:56:12,1
2640,8,2011-08-31 18:42:46,1
2641,8,2012-06-06 15:02:36,1
2644,8,2011-12-29 22:37:05,0
2645,8,2011-07-01 18:36:40,1
2646,8,2011-05-20 17:41:04,1
2647,8,2010-09-23 18:46:11,1
2648,8,2012-04-16 16:47:28,1
2649,8,2010-05-26 17:42:11,1
2650,8,2010-09-17 22:45:04,1
2651,8,2011-06-13 17:35:37,1
2652,8,2011-01-13 19:55:25,1
2653,8,2011-09-21 15:06:43,1
2654,8,2011-12-21 20:06:16,1
2655,8,2011-05-18 18:27:00,1
2655,8,2011-05-31 21:40:21,9
2656,8,2012-06-26 18:59:09,1
2657,8,2011-05-18 22:41:42,1
2658,8,2010-11-18 01:26:46,1
2658,8,2010-11-19 19:15:36,6
2660,8,2011-04-06 21:22:51,1
2662,8,2010-12-14 17:17:49,1
2663,8,2012-01-20 18:25:10,1
2664,8,2010-03-09 20:36:35,1
2669,8,2012-02-10 21:06:35,1
2669,8,2012-02-18 01:44:34,6
2670,8,2011-02-16 23:45:22,1
2671,8,2010-05-25 17:39:58,1
2672,8,2012-01-27 02:13:35,1
2673,8,2010-05-04 23:21:06,1
2675,8,2011-06-06 16:26:03,1
2678,8,2011-12-22 19:17:25,1
2678,8,2011-12-27 17:17:04,9
2679,8,2011-03-30 18:49:01,1
2680,8,2010-03-15 20:10:26,1
2682,8,2011-04-01 21:14:10,1
2683,8,2010-03-23 18:04:08,1
2684,8,2012-07-30 16:09:53,1
2685,8,2011-05-20 18:05:26,1
2687,8,2012-03-20 00:38:16,1
2688,8,2012-06-06 15:02:13,1
2689,8,2012-06-01 00:26:15,1
2690,8,2012-04-11 15:03:55,1
2691,8,2012-05-10 18:34:19,1
2692,8,2011-05-13 20:41:25,1
2693,8,2010-05-04 21:23:15,1
2694,8,2011-06-08 15:24:35,1
2695,8,2011-11-23 20:23:17,0
2696,8,2011-10-20 16:59:58,1
2697,8,2012-03-07 00:41:44,1
2698,8,2011-11-30 18:49:38,1
2699,8,2011-04-19 15:43:08,1
2701,8,2011-03-29 17:26:35,1
2702,8,2010-09-06 23:22:49,1
2703,8,2011-02-16 02:03:08,1
2704,8,2011-02-09 23:14:46,1
2705,8,2012-04-12 16:18:22,1
2706,8,2010-06-11 15:53:45,1
2707,8,2011-03-28 23:54:55,1
2708,8,2011-09-21 15:38:58,1
2709,8,2010-11-17 20:40:23,1
2709,8,2010-11-22 17:59:12,9
2710,8,2011-05-09 23:19:53,1
2710,8,2011-05-17 15:56:14,9
2711,8,2012-04-04 00:05:33,1
2712,8,2010-04-19 16:22:43,1
2713,8,2012-09-24 18:34:33,1
2714,8,2012-09-24 15:01:36,1
2715,8,2011-04-27 17:53:02,1
2717,8,2010-09-17 00:38:01,1
2718,8,2010-10-07 17:12:16,1
2719,8,2012-05-14 20:59:50,1
2722,8,2011-07-28 17:02:16,1
2723,8,2012-06-06 23:57:04,1
2723,8,2012-06-07 23:31:25,6
2724,8,2011-09-27 18:06:08,1
2725,8,2010-12-21 01:38:15,1
2725,8,2010-12-22 19:39:15,9
2726,8,2011-01-12 20:31:25,1
2726,8,2011-01-18 19:55:14,9
2727,8,2012-03-21 17:35:08,1
2727,8,2012-04-20 22:03:31,9
2728,8,2010-10-27 17:29:09,1
2729,8,2012-05-07 17:48:48,1
2730,8,2010-11-09 18:57:45,1
2731,8,2011-05-30 17:32:39,1
2732,8,2010-08-05 17:52:17,1
2733,8,2010-12-22 19:03:37,1
2735,8,2011-07-18 18:05:57,1
2736,8,2011-05-27 22:05:15,1
2736,8,2011-05-31 23:20:37,9
2737,8,2011-11-11 17:09:00,1
2738,8,2011-12-22 00:24:06,1
2739,8,2012-04-23 23:43:03,1
2742,8,2010-01-22 23:49:10,1
2742,8,2010-02-22 22:53:42,8
2743,8,2010-12-22 19:50:25,1
2743,8,2011-01-11 00:06:21,6
2744,8,2011-02-25 00:41:20,1
2744,8,2011-03-18 23:45:38,9
2745,8,2010-04-07 17:15:58,1
2745,8,2010-04-26 21:47:40,6
2746,8,2010-06-14 21:56:25,1
2747,8,2011-12-14 01:11:24,1
2748,8,2010-01-19 18:26:05,1
2749,8,2011-10-26 23:56:03,1
2750,8,2012-03-22 17:55:53,1
2751,8,2011-02-19 00:15:52,1
2751,8,2011-03-04 18:18:27,9
2753,8,2012-01-03 19:28:28,0
2754,8,2011-04-05 16:48:49,1
2755,8,2011-07-14 16:57:33,1
2756,8,2010-09-29 15:10:08,1
2757,8,2012-03-07 01:54:36,1
2758,8,2011-11-07 20:50:20,1
2759,8,2011-11-23 17:30:08,1
2761,8,2012-06-06 23:11:25,1
2762,8,2011-09-28 15:07:04,1
2764,8,2012-06-13 22:26:26,1
2766,8,2011-11-18 20:22:57,1
2767,8,2011-02-24 17:59:24,1
2768,8,2011-10-03 18:08:07,1
2769,8,2011-09-14 20:27:29,1
2771,8,2010-03-20 00:10:09,1
2772,8,2012-07-16 17:52:06,1
2773,8,2011-10-06 21:02:34,1
2778,8,2010-11-11 23:41:36,1
2779,8,2012-06-06 20:39:36,1
2781,8,2011-05-11 15:26:07,1
2782,8,2011-08-12 23:22:22,1
2782,8,2011-09-02 16:04:57,8
2783,8,2011-07-07 22:19:20,1
2784,8,2010-10-26 23:24:45,1
2785,8,2011-10-13 17:08:57,1
2786,8,2010-04-21 21:58:43,1
2787,8,2012-03-13 20:08:47,1
2789,8,2012-07-31 23:11:01,1
2790,8,2010-08-25 18:27:27,1
2791,8,2012-08-23 22:20:33,1
2792,8,2012-05-30 18:48:04,1
2793,8,2011-10-31 19:57:48,1
2794,8,2011-10-28 16:50:08,1
2795,8,2012-03-22 01:42:57,1
2796,8,2012-01-18 23:56:56,1
2798,8,2010-12-22 19:40:48,1
2799,8,2012-02-29 19:00:04,1
2800,8,2012-03-02 22:39:14,1
2801,8,2012-05-15 18:01:29,1
2801,8,2012-05-22 23:24:21,9
2802,8,2011-02-15 18:39:26,1
2803,8,2012-04-23 15:44:58,1
2804,8,2010-05-10 16:56:32,1
2805,8,2010-09-30 23:35:06,1
2805,8,2010-10-01 21:13:35,9
2806,8,2010-10-26 23:45:16,1
2807,8,2010-10-25 23:43:17,1
2808,8,2011-06-16 19:00:02,1
2809,8,2011-08-02 22:00:27,1
2810,8,2010-09-09 15:22:07,1
2811,8,2011-07-18 21:15:15,1
2812,8,2010-06-22 00:36:23,9
2813,8,2011-11-25 18:20:15,1
2815,8,2010-03-23 22:35:08,1
2816,8,2010-06-11 23:42:59,1
2817,8,2010-02-16 01:20:05,1
2818,8,2011-08-30 17:01:37,1
2819,8,2010-08-10 00:05:04,1
2819,8,2010-09-22 21:06:26,9
2820,8,2011-11-23 01:39:13,1
2821,8,2012-01-31 17:32:32,1
2822,8,2011-05-03 15:46:09,1
2823,8,2012-01-17 01:54:04,1
2824,8,2010-11-18 20:36:33,1
2825,8,2011-11-02 17:54:23,1
2827,8,2011-07-25 21:38:21,1
2828,8,2010-05-19 01:22:11,1
2828,8,2010-05-19 16:49:09,9
2828,8,2010-05-19 17:23:55,8
2829,8,2010-06-04 21:08:07,1
2830,8,2012-03-12 20:23:53,1
2831,8,2012-02-29 02:16:36,1
2832,8,2011-11-10 00:55:38,1
2833,8,2012-04-02 22:32:57,1
2835,8,2010-06-24 00:46:09,1
2835,8,2010-06-30 23:52:15,9
2836,8,2012-02-09 22:16:53,1
2837,8,2011-11-21 20:04:41,1
2838,8,2010-10-07 14:58:31,1
2838,8,2010-10-25 15:28:52,9
2840,8,2012-05-14 18:02:23,1
2841,8,2012-03-05 17:32:34,1
2842,8,2011-11-15 23:05:28,1
2843,8,2011-02-05 00:14:13,1
2844,8,2012-04-16 23:33:30,1
2845,8,2010-05-24 18:58:03,1
2845,8,2010-05-26 21:43:36,9
2846,8,2012-07-26 20:10:16,1
2847,8,2012-08-02 17:14:53,1
2850,8,2011-02-05 01:24:24,1
2853,8,2011-06-30 22:18:24,1
2854,8,2012-08-10 16:20:30,1
2855,8,2011-01-06 00:00:59,1
2856,8,2011-01-27 00:00:51,1
2857,8,2010-03-16 17:04:15,1
2858,8,2010-09-08 23:14:48,1
2858,8,2010-09-10 19:08:01,9
2859,8,2011-11-01 00:22:16,1
2861,8,2011-06-29 16:18:29,1
2861,8,2011-07-05 23:26:19,9
2862,8,2010-04-15 22:16:15,1
2863,8,2010-05-20 15:28:40,9
2864,8,2011-01-18 01:19:26,1
2865,8,2010-02-19 19:16:18,1
2867,8,2011-06-07 20:51:31,1
2867,8,2011-06-28 21:19:42,9
2869,8,2011-07-07 18:46:13,1
2869,8,2011-07-11 22:01:17,9
2870,8,2012-01-20 23:07:49,1
2871,8,2010-08-25 17:20:45,1
2872,8,2010-09-28 23:46:02,1
2874,8,2010-03-18 20:53:56,1
2875,8,2012-09-04 15:09:20,1
2876,8,2012-05-23 20:18:26,1
2877,8,2010-12-16 20:38:47,1
2877,8,2010-12-30 17:56:35,9
2878,8,2011-01-13 22:03:52,1
2879,8,2011-11-21 20:15:42,1
2880,8,2012-06-21 21:18:15,1
2882,8,2011-07-04 19:06:39,1
2883,8,2012-04-26 20:49:25,1
2884,8,2011-06-08 21:39:11,1
2885,8,2012-04-02 21:26:49,1
2886,8,2012-05-16 21:56:29,1
2887,8,2011-03-11 18:56:04,1
2888,8,2010-07-30 16:02:56,1
2889,8,2010-08-25 00:22:30,1
2890,8,2011-04-07 16:10:18,1
2892,8,2010-08-06 21:26:34,1
2893,8,2011-11-16 18:22:29,1
2894,8,2011-04-01 22:38:13,1
2894,8,2011-04-20 23:59:00,9
2895,8,2011-05-02 15:51:13,1
2896,8,2011-05-05 17:20:13,1
2898,8,2012-05-24 23:17:27,1
2898,8,2012-05-28 16:26:53,6
2899,8,2012-06-15 15:33:09,1
2900,8,2011-05-02 22:52:07,1
2901,8,2010-12-03 17:41:20,1
2902,8,2011-05-17 23:26:18,1
2903,8,2012-04-19 21:39:31,1
2904,8,2012-03-30 14:43:26,1
2906,8,2012-04-13 16:23:47,1
2907,8,2012-06-26 16:10:42,1
2908,8,2012-08-06 16:32:14,1
2909,8,2010-05-28 00:10:43,9
2909,8,2010-05-31 17:45:02,6
2911,8,2012-01-17 23:12:18,1
2913,8,2012-03-21 01:23:03,1
2915,8,2010-02-16 01:17:46,1
2916,8,2011-09-14 16:26:49,1
2917,8,2012-02-08 01:27:39,1
2920,8,2010-09-24 21:31:12,1
2920,8,2010-09-24 21:31:58,8
2921,8,2011-12-22 23:32:46,1
2921,8,2011-12-29 23:18:29,9
2922,8,2010-09-02 22:27:27,1
2923,8,2011-06-13 22:07:17,1
2924,8,2011-05-18 22:55:07,1
2925,8,2010-11-02 19:53:17,1
2925,8,2010-11-26 01:41:50,9
2926,8,2011-04-01 21:45:36,1
2927,8,2011-03-02 17:32:53,1
2927,8,2011-03-05 01:59:30,6
2927,8,2011-03-11 20:44:20,9
2928,8,2010-12-02 23:08:51,1
2929,8,2012-01-19 01:03:42,1
2930,8,2012-05-29 18:31:45,1
2933,8,2010-02-18 22:52:20,1
2935,8,2011-05-17 20:48:18,1
2936,8,2011-02-16 23:51:42,1
2936,8,2011-03-02 18:21:59,9
2936,8,2011-03-02 18:25:13,6
2937,8,2011-01-24 19:13:51,1
2938,8,2010-10-27 18:25:10,1
2939,8,2012-06-15 21:11:19,1
2940,8,2010-07-27 22:07:05,1
2941,8,2011-04-20 17:10:50,1
2942,8,2011-05-27 15:17:24,1
2943,8,2011-01-18 00:21:04,1
2944,8,2011-05-26 20:17:21,1
2944,8,2011-06-21 15:27:00,9
2946,8,2012-04-19 21:36:49,1
2948,8,2011-12-03 01:18:20,1
2950,8,2011-04-28 21:10:09,1
2951,8,2011-03-09 19:35:25,1
2951,8,2011-03-10 22:46:03,9
2952,8,2011-11-22 20:25:52,1
2953,8,2010-09-21 22:30:18,1
2954,8,2010-05-27 20:36:21,1
2955,8,2011-08-30 21:21:42,1
2957,8,2010-08-05 21:26:14,1
2958,8,2012-04-11 20:23:16,1
2959,8,2010-05-24 17:17:47,1
2960,8,2012-03-29 17:29:47,1
2961,8,2012-06-06 15:03:09,1
2963,8,2011-09-13 18:35:02,1
2965,8,2010-12-02 00:28:59,1
2967,8,2011-11-03 02:06:35,1
2969,8,2012-03-05 23:07:25,1
2972,8,2011-10-19 17:46:08,1
2973,8,2012-05-30 22:23:30,1
2974,8,2012-02-08 20:25:59,1
2976,8,2010-04-08 21:04:15,1
2977,8,2012-05-10 16:27:36,1
2978,8,2012-04-11 20:21:13,1
2979,8,2010-02-24 00:53:52,1
2980,8,2010-11-23 19:49:15,1
2983,8,2010-06-16 17:20:13,1
2985,8,2012-06-28 18:55:15,1
2985,8,2012-07-16 14:58:53,8
2986,8,2012-05-10 16:22:50,1
2987,8,2012-03-27 00:00:03,1
2989,8,2012-07-10 21:13:50,1
2990,8,2011-10-07 22:38:02,1
2991,8,2011-02-24 23:04:29,1
2993,8,2010-04-09 15:43:14,1
2993,8,2010-04-13 00:01:24,9
2995,8,2010-09-23 16:19:02,1
2996,8,2012-07-25 16:45:39,1
2997,8,2011-10-18 16:45:50,1
2998,8,2011-12-21 00:17:30,1
2999,8,2010-09-20 16:59:23,1
3000,8,2011-05-10 18:45:18,1
3001,8,2010-06-01 17:16:04,1
3002,8,2012-08-02 20:43:37,1
3003,8,2011-06-10 18:24:53,1
3004,8,2010-04-16 23:56:18,1
3005,8,2011-02-25 22:23:49,1
3006,8,2011-02-15 19:54:16,1
3011,8,2011-12-16 18:12:13,0
3012,8,2010-09-20 22:03:04,1
3012,8,2010-10-01 18:21:04,9
3017,8,2012-06-05 18:31:47,1
3018,8,2011-10-27 20:51:30,1
3019,8,2012-02-06 17:45:50,1
3020,8,2012-04-06 15:25:54,1
3022,8,2011-11-08 19:42:25,0
3023,8,2012-03-05 20:28:44,1
3025,8,2012-07-27 18:54:46,1
3027,8,2012-09-04 15:16:55,1
3028,8,2012-03-22 22:12:04,1
3028,8,2012-03-22 22:32:43,8
3028,8,2012-04-06 18:38:16,9
3029,8,2011-10-14 22:44:15,1
3030,8,2010-11-11 22:46:36,1
3030,8,2010-11-11 23:34:48,9
3031,8,2010-09-21 16:10:37,1
3032,8,2011-10-12 21:28:07,1
3033,8,2011-07-07 15:57:39,1
3036,8,2011-05-20 15:55:55,1
3036,8,2011-05-23 23:02:42,6
3039,8,2011-06-22 21:35:23,1
3040,8,2011-12-09 22:53:14,1
3041,8,2010-04-15 18:03:09,1
3042,8,2011-09-26 15:27:43,1
3045,8,2011-11-10 01:31:15,1
3047,8,2011-09-21 16:20:25,1
3048,8,2011-09-01 17:30:49,1
3049,8,2011-05-23 22:07:12,1
3049,8,2011-05-23 23:39:55,9
3049,8,2011-06-07 20:43:38,6
3050,8,2010-09-21 21:47:44,1
3050,8,2010-09-22 17:21:21,9
3051,8,2011-04-06 18:59:31,1
3051,8,2011-04-13 16:22:19,9
3052,8,2011-01-27 18:12:41,1
3053,8,2011-09-13 23:26:30,6
3054,8,2011-05-10 22:53:20,1
3054,8,2011-05-11 18:43:50,8
3054,8,2011-05-12 22:02:34,8
3055,8,2011-03-24 23:54:00,1
3055,8,2011-04-01 21:01:11,9
3057,8,2011-09-30 15:43:01,1
3060,8,2012-06-08 20:43:04,1
3062,8,2011-12-30 19:23:02,1
3063,8,2011-03-03 18:01:39,1
3064,8,2012-01-20 23:06:37,1
3065,8,2011-04-20 16:44:37,1
3066,8,2010-12-17 17:25:28,1
3067,8,2012-03-08 01:47:21,1
3068,8,2010-02-22 22:54:11,1
3069,8,2012-06-19 18:59:00,1
3070,8,2011-11-03 01:31:53,1
3071,8,2012-09-21 20:21:24,1
3072,8,2011-10-19 16:40:45,1
3074,8,2012-03-06 17:45:12,1
3075,8,2012-07-26 22:18:01,1
3076,8,2011-07-22 16:19:22,1
3079,8,2010-08-30 16:43:04,1
3080,8,2010-09-03 23:39:47,1
3081,8,2012-03-02 01:45:03,6
3083,8,2012-08-09 23:21:57,1
3084,8,2010-03-09 20:07:27,1
3085,8,2010-11-29 18:38:17,1
3086,8,2012-08-06 22:23:20,1
3087,8,2010-12-11 00:35:42,1
3088,8,2011-02-24 23:34:56,1
3088,8,2011-03-18 20:07:08,9
3089,8,2011-11-18 23:02:58,1
3090,8,2011-08-04 16:46:53,1
3091,8,2011-11-22 19:52:13,1
3092,8,2012-05-29 20:46:13,1
3093,8,2012-07-10 21:49:17,1
3094,8,2012-03-02 22:49:02,1
3095,8,2012-08-02 23:05:18,1
3096,8,2012-05-07 16:24:37,1
3098,8,2010-09-23 17:27:50,1
3099,8,2011-07-25 18:27:32,1
3100,8,2011-03-16 23:23:46,1
3100,8,2011-04-20 23:34:39,9
3101,8,2010-10-22 22:45:17,1
3102,8,2011-11-11 19:30:55,1
3104,8,2011-04-19 16:40:54,1
3105,8,2011-12-05 20:13:40,1
3106,8,2012-06-22 18:08:35,1
3107,8,2012-05-15 17:08:26,1
3109,8,2012-06-19 16:16:38,1
3110,8,2011-08-10 21:23:56,1
3111,8,2012-06-20 20:35:21,1
3114,8,2010-11-12 23:43:23,1
3114,8,2010-11-17 23:44:58,8
3114,8,2010-11-23 19:00:49,9
3115,8,2012-06-01 15:10:02,1
3116,8,2010-04-15 15:51:40,1
3117,8,2010-09-08 22:54:03,1
3119,8,2011-11-02 18:39:15,1
3120,8,2011-10-13 00:39:03,1
3122,8,2012-06-15 23:31:09,1
3123,8,2011-12-19 17:36:00,1
3124,8,2011-05-24 20:18:02,1
3125,8,2011-05-25 15:24:39,1
3127,8,2012-02-22 00:27:19,1
3129,8,2012-02-22 17:38:57,1
3130,8,2010-03-13 00:03:44,1
3131,8,2011-03-07 23:31:09,1
3131,8,2011-03-09 19:06:31,9
3132,8,2010-06-15 17:02:30,1
3133,8,2012-06-15 17:49:27,1
3134,8,2012-04-17 18:52:31,1
3135,8,2012-01-23 18:23:37,1
3136,8,2011-02-25 01:49:07,1
3138,8,2011-05-17 23:35:03,1
3138,8,2011-06-03 21:26:09,9
3140,8,2012-06-12 23:09:26,1
3141,8,2012-04-26 21:06:29,1
3143,8,2012-07-03 15:43:06,1
3144,8,2011-12-29 00:37:34,1
3146,8,2012-01-16 17:39:50,1
3147,8,2011-01-27 17:24:28,1
3149,8,2010-03-23 23:04:06,1
3150,8,2010-04-09 23:35:32,1
3150,8,2010-05-13 21:13:51,9
3151,8,2010-06-03 16:00:57,1
3152,8,2011-04-08 17:16:34,1
3152,8,2011-04-21 20:57:39,9
3153,8,2010-12-23 18:22:38,1
3153,8,2010-12-27 17:25:36,9
3154,8,2011-11-14 19:38:25,1
3155,8,2011-04-20 16:26:25,1
3156,8,2011-11-23 01:45:26,0
3156,8,2011-11-26 01:37:18,9
3157,8,2012-01-09 22:24:20,1
3158,8,2012-06-28 18:53:09,1
3159,8,2012-05-17 17:20:03,0
3159,8,2012-05-22 15:50:48,8
3159,8,2012-05-22 15:50:48,8
3160,8,2012-04-18 17:00:44,1
3161,8,2012-05-18 20:02:51,1
3163,8,2010-07-27 21:01:41,1
3163,8,2010-07-28 23:26:39,6
3163,8,2010-07-29 18:52:10,9
3164,8,2011-05-20 15:10:32,1
3166,8,2012-02-01 00:58:01,1
3167,8,2010-07-01 16:46:30,1
3168,8,2010-02-16 01:19:28,1
3169,8,2011-10-04 21:09:08,1
3170,8,2010-12-27 23:07:44,1
3170,8,2011-01-13 22:29:20,9
3171,8,2012-04-23 17:09:21,1
3173,8,2011-01-25 22:32:54,1
3174,8,2011-06-14 18:00:46,1
3175,8,2011-11-03 20:48:59,1
3177,8,2010-07-28 20:53:24,1
3179,8,2010-05-03 20:47:13,1
3180,8,2012-08-09 21:16:10,1
3181,8,2011-10-27 18:30:11,1
3182,8,2012-08-20 20:48:18,1
3183,8,2011-01-20 20:37:23,1
3185,8,2010-02-23 19:24:02,1
3187,8,2010-03-19 20:09:53,1
3188,8,2012-08-29 15:29:41,1
3189,8,2012-07-20 18:17:23,1
3190,8,2012-06-04 16:58:47,1
3191,8,2011-07-28 21:20:02,1
3193,8,2010-10-19 17:23:21,1
3194,8,2011-03-11 22:58:00,1
3194,8,2011-03-12 01:10:33,8
3195,8,2011-04-20 17:58:25,1
3196,8,2010-05-13 22:23:05,1
3196,8,2010-06-16 16:48:55,9
3197,8,2011-01-27 16:59:59,1
3198,8,2011-12-13 18:12:00,1
3199,8,2012-05-18 23:26:24,1
3200,8,2010-12-29 01:02:21,1
3201,8,2011-11-22 20:29:33,1
3202,8,2011-09-15 18:46:41,1
3203,8,2010-03-24 20:08:19,1
3204,8,2012-02-04 01:58:01,1
3205,8,2012-02-08 17:58:10,1
3206,8,2012-01-09 18:59:52,1
3208,8,2011-11-09 17:29:54,1
3209,8,2010-10-26 23:19:28,1
3210,8,2011-07-05 15:39:27,1
3211,8,2011-12-12 18:40:47,1
3213,8,2010-12-09 18:46:33,1
3214,8,2012-09-12 17:42:16,1
3215,8,2012-07-27 16:39:28,1
3216,8,2011-05-03 23:04:48,1
3217,8,2011-01-21 23:31:33,1
3218,8,2011-11-17 17:17:52,1
3219,8,2011-03-03 20:23:08,1
3220,8,2011-08-03 15:13:42,1
3221,8,2012-06-14 17:45:16,1
3223,8,2011-11-10 20:13:25,1
3224,8,2011-08-06 00:02:03,1
3225,8,2012-02-10 01:30:50,1
3227,8,2011-04-20 23:54:40,1
3228,8,2010-09-08 23:46:40,1
3230,8,2010-05-26 17:41:30,1
3232,8,2010-11-24 19:39:54,1
3234,8,2010-11-15 22:58:17,1
3234,8,2010-12-23 20:42:29,9
3235,8,2011-06-22 22:34:58,1
3236,8,2012-07-16 18:15:52,1
3237,8,2012-05-25 18:42:21,1
3238,8,2010-02-16 20:50:53,1
3238,8,2010-03-16 17:51:00,9
3240,8,2012-08-14 21:17:21,1
3241,8,2011-12-27 20:51:10,1
3243,8,2012-07-04 16:14:42,1
3244,8,2010-05-04 21:50:07,1
3245,8,2012-06-18 17:04:21,1
3246,8,2011-08-18 15:29:02,1
3247,8,2010-12-15 18:56:20,1
3248,8,2010-08-23 15:37:47,1
3249,8,2012-08-13 16:28:26,1
3249,8,2012-09-06 15:14:39,4
3250,8,2011-02-18 01:48:50,1
3250,8,2011-03-18 23:47:58,9
3252,8,2011-02-09 20:28:50,1
3252,8,2011-02-10 23:56:54,9
3255,8,2012-02-03 20:50:17,1
3256,8,2010-06-07 17:16:40,1
3256,8,2010-06-21 16:48:12,9
3257,8,2011-09-16 18:55:11,1
3259,8,2012-02-29 19:44:47,1
3260,8,2012-08-09 16:57:31,1
3261,8,2010-03-30 16:53:46,1
3263,8,2012-05-23 15:21:09,1
3264,8,2012-04-12 16:29:31,1
3265,8,2011-11-24 22:57:48,1
3266,8,2010-08-10 22:21:31,1
3267,8,2011-10-13 18:47:30,1
3268,8,2012-07-09 23:53:00,1
3269,8,2012-03-08 22:40:40,1
3270,8,2011-03-18 18:28:20,1
3270,8,2011-03-21 20:23:53,9
3271,8,2011-10-27 21:22:19,1
3272,8,2012-05-09 00:12:39,1
3274,8,2011-04-26 15:32:17,1
3274,8,2011-04-26 16:29:00,9
3275,8,2012-01-11 17:52:55,1
3277,8,2011-03-24 00:35:39,1
3278,8,2011-04-13 15:34:13,1
3278,8,2011-04-15 23:44:09,9
3279,8,2011-12-02 20:48:37,1
3279,8,2011-12-15 02:41:08,9
3280,8,2011-05-23 20:25:04,1
3281,8,2012-07-25 15:22:47,1
3282,8,2012-01-09 19:07:36,1
3283,8,2012-02-22 22:52:22,1
3284,8,2011-11-11 17:42:22,1
3285,8,2012-04-26 18:56:11,1
3286,8,2011-05-30 17:57:12,1
3287,8,2010-08-23 20:22:02,1
3287,8,2010-09-13 18:23:43,9
3287,8,2010-09-20 16:51:58,9
3288,8,2012-09-03 17:56:44,1
3290,8,2012-06-29 20:57:21,1
3291,8,2011-12-15 23:34:12,0
3292,8,2010-08-02 23:12:28,1
3292,8,2010-08-03 15:58:31,9
3295,8,2011-02-26 00:21:42,1
3295,8,2011-03-08 01:25:54,9
3296,8,2011-01-18 00:58:04,1
3298,8,2010-11-18 23:17:17,1
3299,8,2012-06-04 18:49:25,1
3300,8,2012-06-06 15:16:58,1
3301,8,2011-10-04 15:46:23,1
3302,8,2010-12-17 19:28:10,1
3303,8,2012-01-05 18:44:49,1
3304,8,2011-03-31 20:24:18,1
3304,8,2011-04-27 18:03:19,9
3305,8,2010-12-14 17:18:01,1
3306,8,2010-10-27 21:14:03,1
3307,8,2011-12-06 01:10:21,1
3308,8,2011-02-04 01:36:35,1
3309,8,2012-05-03 16:00:36,1
3310,8,2010-10-29 18:09:56,1
3311,8,2010-11-09 19:29:53,1
3312,8,2010-11-22 20:36:28,1
3313,8,2012-05-16 23:13:32,1
3316,8,2010-04-01 18:01:46,1
3316,8,2010-04-01 20:50:59,6
3317,8,2012-02-17 18:07:02,1
3318,8,2012-06-01 21:07:00,1
3319,8,2011-01-27 17:40:44,1
3320,8,2012-07-26 18:42:23,1
3321,8,2011-11-29 01:11:59,1
3322,8,2011-12-15 19:43:22,1
3322,8,2011-12-15 20:54:39,9
3325,8,2012-02-29 17:48:37,1
3325,8,2012-03-01 17:12:13,2
3326,8,2010-12-03 20:46:29,1
3326,8,2010-12-04 00:57:03,6
3327,8,2012-05-25 20:29:02,1
3328,8,2012-07-11 00:00:22,1
3329,8,2011-10-18 15:51:01,1
3330,8,2010-12-16 18:39:56,1
3332,8,2010-02-24 01:20:47,1
3333,8,2011-06-01 23:30:12,1
3333,8,2011-06-06 16:03:42,8
3335,8,2012-05-03 15:59:36,1
3337,8,2011-02-18 19:57:42,1
3339,8,2012-06-27 23:03:53,1
3340,8,2010-10-27 20:42:02,1
3341,8,2012-08-13 16:22:02,1
3342,8,2012-01-11 22:16:26,1
3343,8,2012-01-27 23:20:58,0
3345,8,2011-01-12 01:23:30,1
3346,8,2011-06-23 16:10:26,1
3346,8,2011-07-01 23:04:33,9
3348,8,2012-03-06 20:51:42,1
3348,8,2012-03-28 16:58:02,9
3350,8,2010-05-17 17:20:20,1
3352,8,2012-05-02 22:15:50,1
3353,8,2012-07-27 23:47:56,1
3354,8,2010-08-06 22:05:55,9
3355,8,2011-04-26 21:12:18,1
3356,8,2010-12-07 00:51:04,1
3359,8,2010-11-24 19:35:04,1
3361,8,2011-11-02 19:35:52,1
3363,8,2010-10-25 21:44:15,1
3365,8,2010-10-20 22:15:34,1
3366,8,2011-01-11 00:25:25,1
3366,8,2011-01-21 17:27:04,9
3367,8,2012-01-02 17:09:51,1
3368,8,2010-05-27 23:48:52,1
3369,8,2010-09-23 14:55:22,1
3370,8,2011-04-28 15:49:14,1
3370,8,2011-04-28 21:08:04,6
3371,8,2012-07-25 21:38:16,1
3374,8,2012-03-30 22:38:53,1
3375,8,2012-05-09 16:41:13,1
3377,8,2012-01-11 17:04:06,1
3378,8,2011-12-22 01:04:20,1
3379,8,2011-04-08 23:41:29,1
3380,8,2011-10-07 15:11:59,1
3381,8,2012-05-10 17:02:37,1
3383,8,2012-04-20 17:36:37,1
3384,8,2011-01-27 17:05:12,1
3385,8,2011-02-18 20:47:33,1
3385,8,2011-02-21 19:36:24,9
3386,8,2010-05-24 21:17:32,1
3387,8,2012-07-10 18:36:39,1
3388,8,2011-05-19 20:46:21,1
3388,8,2011-05-27 20:35:54,8
3388,8,2011-06-15 20:43:39,9
3389,8,2010-03-09 18:09:07,1
3390,8,2011-02-18 20:42:38,1
3391,8,2012-02-22 18:29:13,1
3391,8,2012-03-06 17:17:48,8
3392,8,2011-05-25 17:16:44,1
3393,8,2012-07-19 17:05:23,1
3394,8,2012-05-04 16:31:43,1
3395,8,2012-07-19 15:20:40,1
3396,8,2011-03-24 19:41:58,1
3397,8,2011-10-28 15:33:38,1
3399,8,2012-05-15 23:34:23,1
3400,8,2011-06-27 17:29:08,1
3401,8,2012-06-07 15:42:04,1
3402,8,2011-04-13 16:14:00,1
3404,8,2012-01-02 19:28:56,1
3405,8,2011-12-27 18:02:12,9
3406,8,2012-06-14 17:58:14,1
3407,8,2012-07-03 15:25:27,1
3408,8,2012-04-23 16:11:07,1
3410,8,2012-02-10 01:55:04,1
3411,8,2010-09-27 15:27:51,1
3412,8,2011-09-13 15:47:47,1
3413,8,2012-07-31 23:53:18,1
3414,8,2011-03-31 21:42:42,1
3415,8,2010-06-21 19:04:02,1
3415,8,2010-06-21 21:13:17,9
3417,8,2012-03-19 19:13:48,1
3420,8,2011-09-26 23:58:21,1
3421,8,2010-07-30 21:57:55,1
3422,8,2012-07-04 20:47:31,1
3423,8,2011-07-05 22:52:10,1
3423,8,2011-07-21 21:26:15,9
3424,8,2011-11-14 22:40:06,1
3425,8,2012-01-09 20:22:28,1
3426,8,2012-10-01 18:54:09,1
3427,8,2012-07-17 21:22:35,1
3428,8,2012-08-06 16:44:28,1
3429,8,2011-04-04 18:00:45,1
3430,8,2012-05-09 15:15:34,1
3431,8,2011-09-19 15:27:42,1
3432,8,2012-04-30 21:33:09,1
3433,8,2011-01-27 17:10:24,1
3433,8,2011-02-01 00:13:36,9
3434,8,2012-05-16 20:44:48,1
3434,8,2012-05-18 15:06:16,9
3435,8,2011-09-30 16:06:18,1
3437,8,2011-11-26 00:46:26,1
3438,8,2012-02-29 00:38:48,1
3441,8,2010-09-03 21:18:12,1
3445,8,2011-05-24 22:59:05,1
3446,8,2012-02-14 00:30:02,1
3447,8,2011-11-22 18:23:42,1
3450,8,2011-06-15 18:06:37,1
3450,8,2011-06-16 21:07:06,9
3450,8,2011-07-19 15:54:21,6
3451,8,2011-03-30 23:31:14,1
3452,8,2010-07-22 22:24:16,1
3453,8,2011-02-16 20:45:49,1
3455,8,2011-03-31 15:57:04,1
3456,8,2012-01-16 17:40:11,1
3457,8,2010-03-25 00:35:09,1
3457,8,2010-04-20 15:23:17,9
3459,8,2010-04-12 15:36:49,1
3460,8,2010-05-20 16:42:16,1
3461,8,2012-01-27 19:22:25,1
3463,8,2010-10-15 23:16:21,1
3464,8,2011-12-06 20:22:30,1
3464,8,2011-12-13 23:20:21,9
3466,8,2012-06-19 16:16:23,1
3467,8,2012-04-02 15:56:28,1
3467,8,2012-04-16 22:15:31,6
3468,8,2012-04-04 20:38:22,1
3469,8,2012-03-06 18:42:37,1
3470,8,2011-11-17 21:00:08,1
3471,8,2011-10-24 23:32:26,1
3472,8,2011-12-05 17:08:23,1
3473,8,2012-07-13 21:17:57,1
3474,8,2012-03-02 19:21:43,1
3476,8,2011-08-04 18:57:13,1
3477,8,2012-07-11 22:51:15,1
3479,8,2010-12-10 01:32:36,1
3479,8,2010-12-16 18:53:51,9
3481,8,2011-01-25 22:33:28,1
3482,8,2010-03-11 23:29:07,1
3482,8,2010-04-09 21:46:37,9
3483,8,2012-01-09 20:05:05,1
3485,8,2012-02-09 17:14:00,1
3486,8,2012-06-04 15:57:51,1
3488,8,2011-06-17 20:26:52,1
3489,8,2011-05-30 17:41:27,1
3489,8,2011-05-31 16:34:12,9
3490,8,2010-09-10 15:40:21,1
3490,8,2010-09-13 18:51:06,9
3490,8,2010-09-16 18:21:28,9
3492,8,2011-02-19 00:03:10,1
3493,8,2011-01-12 18:26:07,1
3494,8,2011-07-11 15:13:05,1
3495,8,2012-06-27 15:56:01,1
3496,8,2011-11-18 18:29:24,1
3497,8,2012-07-23 15:14:09,1
3499,8,2011-02-17 00:28:45,1
3500,8,2011-03-15 22:27:11,1
3500,8,2011-03-23 17:42:23,6
3500,8,2011-04-09 00:09:08,9
3501,8,2012-01-18 19:29:00,1
3503,8,2012-03-23 02:00:39,1
3504,8,2011-01-12 00:16:52,1
3504,8,2011-01-24 18:49:04,9
3505,8,2011-01-18 00:44:13,1
3506,8,2011-01-25 19:27:28,1
3506,8,2011-02-23 23:17:33,9
3507,8,2011-11-14 18:11:29,1
3508,8,2010-10-06 17:24:35,1
3509,8,2011-05-13 18:55:03,1
3509,8,2011-05-18 17:26:56,8
3509,8,2011-05-23 17:51:06,9
3510,8,2010-10-11 23:08:56,1
3510,8,2010-10-28 21:03:22,9
3511,8,2012-08-06 20:22:42,1
3512,8,2011-10-04 21:13:35,1
3513,8,2011-11-22 20:48:39,1
3514,8,2010-12-21 20:37:56,1
3515,8,2011-10-21 16:35:28,1
3518,8,2011-11-26 00:11:55,1
3520,8,2012-01-25 23:18:29,1
3521,8,2012-06-07 21:41:26,1
3522,8,2010-05-26 16:39:37,1
3523,8,2010-08-27 22:58:50,1
3524,8,2011-03-03 19:20:59,1
3525,8,2012-05-28 15:04:06,1
3526,8,2011-05-03 18:18:59,1
3526,8,2011-05-25 15:20:28,9
3527,8,2010-07-27 17:14:20,1
3527,8,2010-07-28 15:30:19,6
3528,8,2010-10-26 21:04:12,1
3531,8,2012-03-06 17:43:50,1
3533,8,2011-06-28 20:50:10,1
3534,8,2011-04-21 18:04:27,1
3536,8,2012-04-02 16:47:34,1
3538,8,2011-05-20 16:39:55,1
3541,8,2010-05-31 23:58:03,1
3544,8,2011-10-21 22:43:42,1
3545,8,2010-03-16 17:53:29,1
3545,8,2010-04-20 16:27:41,9
3547,8,2012-06-19 18:53:21,1
3548,8,2010-09-21 17:20:04,1
3549,8,2011-08-11 20:15:38,1
3549,8,2011-08-12 16:25:18,9
3550,8,2010-04-07 15:42:08,1
3553,8,2010-07-02 20:18:29,1
3553,8,2010-07-27 18:29:08,9
3554,8,2010-07-01 16:11:38,1
3555,8,2011-11-04 19:29:22,1
3556,8,2012-02-08 22:34:11,1
3557,8,2011-09-16 23:19:23,3
3558,8,2012-04-19 22:50:37,1
3559,8,2011-10-04 21:00:18,1
3560,8,2012-03-07 01:31:34,1
3561,8,2012-03-29 23:37:35,1
3564,8,2012-01-13 17:32:31,1
3566,8,2010-05-27 23:59:18,1
3568,8,2011-09-21 15:08:40,1
3570,8,2011-03-22 02:10:45,1
3571,8,2010-02-24 23:44:53,9
3572,8,2012-01-13 20:39:49,0
3574,8,2011-08-04 16:24:12,1
3575,8,2011-03-22 18:41:13,1
3576,8,2011-09-21 15:14:19,1
3577,8,2011-04-21 16:25:44,1
3578,8,2011-04-08 18:38:01,1
3578,8,2011-04-22 21:54:48,8
3578,8,2011-04-28 22:18:57,9
3579,8,2011-04-22 15:20:34,1
3579,8,2011-04-22 17:13:26,6
3580,8,2010-05-27 16:20:20,1
3580,8,2010-06-07 17:51:06,6
3581,8,2012-03-12 19:09:54,1
3584,8,2011-11-04 01:04:03,1
3585,8,2012-03-15 17:12:19,1
3586,8,2010-08-25 16:02:35,1
3586,8,2010-09-06 23:11:58,9
3587,8,2011-08-30 22:36:17,1
3588,8,2012-03-02 17:51:19,1
3589,8,2010-09-17 15:32:12,1
3590,8,2010-05-21 17:29:03,1
3591,8,2012-04-12 15:49:11,1
3593,8,2011-12-06 01:59:36,0
3594,8,2012-01-16 17:28:37,1
3595,8,2010-10-21 00:09:23,9
3595,8,2010-10-25 18:40:51,9
3596,8,2010-07-13 20:56:10,1
3597,8,2010-03-23 01:14:53,1
3598,8,2011-05-25 20:57:36,1
3602,8,2011-07-19 17:13:58,1
3603,8,2010-05-24 22:52:13,1
3604,8,2012-04-23 18:38:30,1
3605,8,2011-07-18 15:22:16,6
3606,8,2011-08-29 22:20:26,1
3607,8,2010-07-08 23:33:02,1
3608,8,2010-01-29 17:52:27,1
3609,8,2011-07-07 20:50:49,1
3610,8,2011-06-22 16:23:19,1
3611,8,2011-01-31 18:01:24,1
3612,8,2011-09-15 15:42:07,1
3615,8,2010-05-17 22:12:58,1
3616,8,2010-11-30 01:47:11,1
3618,8,2012-01-10 18:11:22,1
3619,8,2010-11-12 23:03:48,1
3621,8,2010-11-10 22:11:56,1
3624,8,2010-12-03 17:01:18,1
3625,8,2010-02-01 20:43:31,1
3626,8,2011-12-07 20:14:12,1
3627,8,2011-07-15 15:07:38,1
3628,8,2011-11-22 20:03:36,1
3629,8,2012-03-20 20:48:10,1
3630,8,2011-11-18 22:30:23,1
3631,8,2011-01-12 00:48:08,1
3632,8,2012-07-27 22:02:58,1
3633,8,2012-06-29 22:28:20,1
3635,8,2012-05-22 15:14:05,1
3636,8,2010-07-13 20:32:04,1
3637,8,2012-06-12 15:58:27,1
3638,8,2012-08-09 21:11:18,1
3639,8,2010-12-31 18:36:42,1
3640,8,2012-05-08 22:08:17,1
3642,8,2011-12-16 20:34:36,1
3642,8,2012-01-11 20:03:54,9
3644,8,2010-07-29 18:19:53,1
3646,8,2012-04-16 20:40:17,1
3646,8,2012-04-16 23:33:53,8
3647,8,2012-07-19 19:01:33,1
3648,8,2011-03-08 19:28:08,1
3649,8,2011-05-26 22:11:37,1
3650,8,2011-07-06 21:35:44,1
3651,8,2011-09-28 18:26:08,1
3652,8,2011-12-15 17:59:27,1
3654,8,2012-08-10 23:21:33,1
3655,8,2011-04-05 23:52:22,1
3657,8,2012-09-05 18:07:53,1
3658,8,2012-03-19 17:34:07,1
3659,8,2012-07-18 16:06:40,1
3660,8,2012-01-20 20:34:27,1
3661,8,2012-03-13 18:50:56,1
3664,8,2012-06-19 18:58:35,1
3665,8,2012-04-20 19:55:58,1
3667,8,2012-04-12 20:09:34,1
3668,8,2011-09-20 23:02:48,1
3671,8,2011-10-13 15:01:13,1
3672,8,2011-10-20 21:22:53,1
3675,8,2012-05-25 21:19:08,1
3679,8,2012-06-12 17:25:42,1
3680,8,2010-06-30 21:20:08,1
3681,8,2011-04-26 23:58:09,1
3682,8,2011-03-02 01:55:09,1
3683,8,2012-06-13 16:33:24,1
3684,8,2010-12-09 23:52:13,1
3685,8,2011-03-14 18:14:44,9
3685,8,2011-03-14 19:27:05,9
3685,8,2011-03-24 00:01:12,6
3685,8,2011-04-01 23:25:46,9
3686,8,2010-10-26 15:22:26,1
3687,8,2011-06-22 21:49:09,1
3687,8,2011-07-15 23:36:32,9
3689,8,2011-11-24 23:21:28,1
3690,8,2010-09-20 21:10:43,1
3690,8,2010-09-21 15:47:43,6
3691,8,2011-10-28 15:44:39,1
3693,8,2010-07-01 18:07:28,1
3695,8,2011-02-08 23:49:41,1
3697,8,2011-02-18 20:44:51,1
3697,8,2011-02-26 01:38:20,9
3698,8,2012-01-11 01:37:22,0
3699,8,2012-02-07 20:13:39,1
3700,8,2012-06-21 21:31:55,1
3701,8,2010-11-23 19:14:44,1
3703,8,2010-05-04 21:24:10,1
3706,8,2010-12-27 23:59:31,1
3707,8,2012-07-11 22:46:13,1
3709,8,2011-11-23 18:47:16,1
3710,8,2011-07-27 16:23:52,1
3711,8,2011-07-11 15:22:33,1
3712,8,2012-04-03 15:52:30,1
3713,8,2012-05-25 16:51:17,1
3714,8,2011-12-15 01:21:08,1
3715,8,2012-06-29 00:30:51,1
3716,8,2010-09-20 23:42:53,1
3717,8,2011-03-03 00:04:57,1
3717,8,2011-04-13 17:19:02,9
3718,8,2012-01-18 23:35:19,1
3718,8,2012-01-25 00:59:13,6
3719,8,2011-10-10 17:13:39,1
3720,8,2011-04-06 21:14:56,1
3721,8,2011-10-11 18:30:33,1
3722,8,2010-10-07 18:49:47,1
3723,8,2011-11-14 22:54:35,1
3724,8,2010-03-12 20:18:44,1
3726,8,2012-01-30 18:28:47,1
3727,8,2012-01-03 23:43:13,1
3730,8,2011-12-07 20:05:17,1
3731,8,2012-05-08 15:08:23,1
3732,8,2011-12-14 01:10:33,1
3734,8,2010-09-20 14:57:27,1
3735,8,2010-03-12 17:26:07,1
3736,8,2012-03-29 18:18:54,0
3737,8,2012-04-13 21:36:16,1
3738,8,2012-08-03 15:28:42,1
3740,8,2010-10-05 16:15:20,1
3740,8,2010-10-06 17:41:54,8
3740,8,2010-10-21 17:00:38,9
3741,8,2012-05-03 16:50:26,1
3743,8,2011-10-18 19:06:34,1
3744,8,2011-04-27 18:27:13,1
3744,8,2011-04-29 00:01:53,9
3746,8,2010-03-29 16:42:13,1
3747,8,2012-01-19 01:04:11,1
3748,8,2011-04-05 23:23:08,1
3749,8,2011-05-31 23:40:42,1
3750,8,2010-06-30 16:50:00,1
3751,8,2012-03-20 23:01:32,1
3752,8,2010-09-08 00:01:38,1
3753,8,2012-03-20 23:04:30,1
3755,8,2011-11-02 20:16:01,1
3756,8,2010-04-08 18:16:07,1
3757,8,2010-11-11 17:33:30,1
3758,8,2011-02-10 18:01:34,1
3759,8,2010-11-16 19:48:35,1
3761,8,2011-12-16 17:08:11,0
3762,8,2012-04-24 18:52:22,1
3763,8,2012-03-10 01:56:02,1
3764,8,2012-07-24 20:15:16,1
3765,8,2012-02-21 01:53:31,1
3767,8,2011-10-04 21:03:51,1
3768,8,2011-02-14 20:08:23,1
3768,8,2011-02-23 19:34:03,9
3768,8,2011-03-11 20:47:04,9
3769,8,2012-07-26 23:23:51,1
3771,8,2010-09-28 18:11:43,1
3771,8,2010-09-30 18:42:03,9
3772,8,2012-01-23 20:46:02,1
3772,8,2012-02-09 17:21:39,6
3773,8,2012-02-29 19:00:09,1
3774,8,2012-01-13 20:14:30,1
3777,8,2012-01-17 00:54:02,1
3778,8,2011-03-01 21:04:17,1
3778,8,2011-03-18 19:10:50,8
3778,8,2011-04-01 21:00:41,9
3779,8,2012-06-08 15:13:54,1
3780,8,2010-06-02 00:38:35,1
3781,8,2012-05-21 19:01:36,0
3782,8,2011-12-12 17:42:25,1
3783,8,2012-05-04 16:14:30,1
3784,8,2010-09-06 23:07:00,1
3785,8,2012-06-05 15:51:27,1
3786,8,2012-06-12 23:14:54,1
3788,8,2010-10-07 16:45:20,1
3789,8,2012-03-26 15:01:08,1
3789,8,2012-04-10 21:30:35,9
3790,8,2011-08-03 23:54:03,1
3791,8,2011-09-21 15:35:49,1
3792,8,2011-11-22 20:41:00,1
3793,8,2012-02-16 01:40:55,1
3794,8,2012-07-16 16:17:06,1
3795,8,2011-08-31 00:05:55,1
3796,8,2011-08-11 15:06:13,1
3797,8,2012-01-17 01:17:12,1
3797,8,2012-02-17 18:40:26,9
3799,8,2012-07-12 16:03:26,1
3800,8,2012-01-16 17:35:07,1
3801,8,2012-03-08 01:56:41,1
3804,8,2012-05-03 16:00:59,1
3804,8,2012-05-15 15:52:59,9
3805,8,2011-12-24 00:37:45,1
3806,8,2010-02-04 17:22:54,1
3806,8,2010-02-26 17:53:59,9
3807,8,2012-04-19 15:25:52,1
3808,8,2012-04-03 16:24:55,0
3809,8,2010-07-14 22:01:23,1
3810,8,2011-02-18 23:12:47,1
3811,8,2012-01-19 17:11:06,1
3812,8,2011-04-26 15:22:40,1
3812,8,2011-04-28 21:59:47,9
3813,8,2010-10-01 23:23:28,1
3813,8,2010-10-01 23:27:53,9
3814,8,2012-05-07 15:01:12,1
3815,8,2010-09-13 17:01:56,9
3816,8,2011-07-13 18:23:18,1
3817,8,2011-01-13 22:41:37,1
3820,8,2012-03-15 22:23:01,1
3821,8,2012-02-27 18:09:08,1
3823,8,2011-04-15 23:50:18,1
3824,8,2011-03-10 00:46:05,1
3824,8,2011-04-20 17:37:21,9
3825,8,2012-06-14 21:51:11,1
3826,8,2011-06-17 21:36:06,1
3827,8,2010-11-18 20:15:28,1
3828,8,2012-02-24 21:05:56,1
3828,8,2012-03-05 17:16:38,9
3829,8,2012-01-23 20:43:06,1
3830,8,2011-10-25 15:09:32,1
3831,8,2011-08-09 19:06:35,1
3833,8,2011-03-14 19:34:20,1
3834,8,2012-01-05 19:07:38,1
3835,8,2010-10-29 21:43:44,1
3835,8,2010-11-04 18:27:27,6
3835,8,2010-11-15 22:59:53,9
3835,8,2010-11-16 20:05:52,6
3835,8,2010-11-18 18:51:21,9
3836,8,2011-03-10 20:44:08,1
3837,8,2010-05-20 00:51:06,9
3838,8,2011-04-05 20:46:34,1
3840,8,2010-07-26 21:04:04,1
3841,8,2011-01-10 19:35:33,1
3841,8,2011-01-25 22:31:30,9
3842,8,2012-03-17 01:28:48,1
3843,8,2011-06-16 17:54:32,1
3844,8,2012-08-02 20:49:07,1
3845,8,2012-02-25 00:38:23,1
3846,8,2011-12-20 23:48:13,1
3847,8,2012-05-22 17:49:04,1
3848,8,2011-06-01 22:09:03,1
3848,8,2011-06-15 16:36:55,9
3849,8,2010-03-19 17:41:33,1
3850,8,2010-05-27 20:39:45,1
3851,8,2011-08-24 21:58:37,1
3852,8,2010-05-17 22:39:38,1
3853,8,2012-01-19 17:02:17,1
3855,8,2011-03-23 00:40:35,1
3856,8,2010-09-13 21:14:24,1
3858,8,2010-09-17 00:35:12,1
3859,8,2012-05-22 22:20:17,1
3860,8,2011-12-19 17:27:50,0
3861,8,2012-01-19 19:39:09,1
3862,8,2012-07-09 17:04:40,1
3863,8,2010-04-26 18:45:07,1
3864,8,2012-10-01 18:53:35,1
3866,8,2010-04-02 16:04:00,1
3867,8,2011-11-07 18:25:36,1
3868,8,2011-02-04 18:01:42,1
3869,8,2012-05-24 17:58:24,1
3871,8,2012-01-16 17:07:30,1
3872,8,2011-04-21 18:17:01,1
3873,8,2011-03-01 17:58:07,1
3873,8,2011-03-02 17:50:03,9
3874,8,2010-12-28 17:53:07,1
3875,8,2011-10-18 20:55:41,1
3876,8,2010-03-08 20:31:55,1
3878,8,2012-04-03 18:13:23,1
3879,8,2012-01-19 01:21:46,1
3881,8,2011-05-26 16:43:34,1
3881,8,2011-06-10 17:50:35,9
3882,8,2011-11-09 22:10:43,1
3883,8,2010-03-17 18:04:20,1
3885,8,2012-07-31 17:17:56,1
3886,8,2010-06-09 23:53:04,1
3887,8,2010-10-04 21:12:53,1
3889,8,2012-04-17 20:54:35,1
3891,8,2012-07-26 19:28:24,1
3892,8,2011-01-19 01:49:03,1
3893,8,2010-05-21 15:02:59,1
3893,8,2010-05-21 22:04:34,9
3894,8,2012-01-10 01:41:04,1
3895,8,2011-09-23 21:27:02,1
3897,8,2012-06-20 20:38:31,1
3898,8,2012-08-03 20:39:52,1
3900,8,2012-06-07 15:33:24,1
3901,8,2011-02-14 23:20:24,1
3902,8,2012-06-25 17:19:29,1
3903,8,2011-09-19 23:00:22,1
3903,8,2011-09-21 16:18:51,9
3904,8,2012-05-05 00:01:11,1
3906,8,2011-05-02 15:29:11,1
3907,8,2012-02-21 17:33:11,1
3908,8,2011-05-02 22:32:14,1
3909,8,2012-04-10 23:18:39,1
3910,8,2010-07-06 22:55:06,1
3911,8,2010-06-15 01:00:45,1
3914,8,2011-02-25 22:18:27,1
3915,8,2011-03-25 17:55:10,1
3916,8,2011-12-14 17:03:20,0
3917,8,2010-09-01 23:03:24,1
3918,8,2010-03-10 00:17:24,1
3919,8,2011-03-31 21:45:01,1
3920,8,2011-05-13 21:45:22,1
3921,8,2011-07-29 15:38:20,1
3922,8,2012-04-23 23:27:36,1
3923,8,2011-02-17 20:22:06,1
3924,8,2011-04-28 18:55:53,1
3924,8,2011-05-03 20:10:44,9
3925,8,2011-11-09 22:39:49,1
3926,8,2011-07-19 15:58:36,1
3927,8,2012-05-24 23:42:36,1
3929,8,2011-09-19 15:43:15,1
3931,8,2011-08-22 15:26:41,1
3932,8,2011-10-18 17:00:53,1
3933,8,2012-10-17 16:17:40,1
3935,8,2011-12-05 23:22:53,1
3936,8,2011-08-04 23:24:44,1
3937,8,2010-07-29 15:42:13,1
3938,8,2012-02-08 22:52:06,1
3939,8,2012-05-15 23:24:39,1
3940,8,2010-10-06 22:43:48,1
3941,8,2011-06-22 21:07:02,1
3943,8,2012-08-07 23:01:02,1
3944,8,2012-05-18 22:24:04,1
3945,8,2012-03-30 22:58:35,1
3947,8,2011-01-31 19:44:06,1
3948,8,2012-05-29 18:44:10,1
3949,8,2010-09-21 00:21:38,1
3950,8,2011-12-03 01:18:36,1
3951,8,2012-05-21 15:16:36,1
3952,8,2011-09-02 16:41:40,1
3953,8,2012-01-09 17:17:49,1
3954,8,2011-01-19 01:43:29,1
3954,8,2011-01-22 01:26:59,6
3955,8,2012-06-15 15:28:46,1
3956,8,2010-10-29 14:45:20,1
3958,8,2011-06-27 15:14:43,1
3958,8,2011-06-27 15:28:56,6
3959,8,2011-04-21 22:50:00,1
3959,8,2011-05-03 18:38:24,9
3960,8,2011-03-09 17:54:20,1
3960,8,2011-03-09 18:10:53,8
3960,8,2011-03-10 01:43:26,8
3960,8,2011-04-01 17:28:05,9
3961,8,2012-07-18 16:05:33,1
3962,8,2011-10-17 20:14:36,1
3964,8,2012-02-03 22:29:53,1
3965,8,2010-12-11 00:53:45,1
3966,8,2011-03-09 00:24:56,1
3966,8,2011-03-09 21:07:54,9
3967,8,2010-04-21 21:06:28,1
3968,8,2011-11-21 20:20:43,1
3969,8,2011-10-21 22:00:18,1
3970,8,2012-05-23 18:06:20,1
3971,8,2012-05-18 22:24:23,1
3972,8,2011-02-18 01:17:51,1
3973,8,2011-01-11 23:44:23,1
3975,8,2010-11-11 01:38:54,1
3975,8,2010-11-15 19:28:21,9
3975,8,2010-11-15 23:09:03,9
3977,8,2010-07-14 22:34:30,1
3978,8,2010-04-30 23:02:27,1
3979,8,2012-05-25 21:20:15,1
3980,8,2011-11-17 19:24:48,1
3981,8,2010-09-09 16:51:40,1
3981,8,2010-09-09 16:53:08,6
3981,8,2010-09-14 18:13:11,6
3982,8,2011-06-01 22:47:35,1
3984,8,2011-09-21 16:31:23,1
3985,8,2011-02-24 00:32:16,1
3986,8,2012-06-05 17:50:45,1
3987,8,2011-09-22 17:30:10,1
3988,8,2011-06-22 18:06:02,1
3989,8,2012-01-13 01:59:28,1
3990,8,2010-09-16 23:55:33,1
3991,8,2010-12-17 20:10:03,1
3993,8,2010-09-10 23:04:17,1
3993,8,2010-09-10 23:04:58,8
3993,8,2010-09-10 23:52:35,8
3993,8,2010-10-11 17:08:03,9
3994,8,2011-03-08 23:25:36,1
3994,8,2011-03-11 01:51:42,9
3995,8,2012-02-16 19:45:41,1
3996,8,2011-05-06 15:56:02,1
3997,8,2010-11-17 20:37:59,1
3998,8,2011-12-24 00:42:01,1
3999,8,2012-01-20 20:18:21,1
4000,8,2011-12-01 17:24:02,1
4001,8,2012-04-26 21:05:24,1
4002,8,2011-08-03 15:18:24,1
4003,8,2011-02-01 20:26:01,1
4005,8,2011-09-26 21:33:27,1
4007,8,2012-05-25 21:19:52,1
4008,8,2010-04-27 16:07:43,1
4008,8,2010-04-28 22:45:48,9
4010,8,2012-04-02 15:29:58,1
4011,8,2011-08-03 18:25:36,1
4012,8,2012-03-06 18:53:13,1
4012,8,2012-03-16 00:38:11,9
4013,8,2012-05-22 21:37:35,1
4014,8,2011-01-29 01:43:57,1
4015,8,2012-07-02 18:41:41,1
4016,8,2011-01-18 01:53:50,1
4018,8,2011-11-02 18:03:09,1
4019,8,2010-10-11 23:27:11,1
4019,8,2010-10-21 23:14:12,9
4019,8,2010-11-05 01:34:07,9
4019,8,2010-11-05 18:32:54,8
4019,8,2010-11-05 18:39:45,8
4020,8,2011-05-23 21:12:53,1
4021,8,2011-04-14 16:31:09,1
4022,8,2010-12-22 20:21:33,9
4023,8,2011-11-15 01:39:56,1
4024,8,2010-09-16 17:31:00,1
4025,8,2011-03-01 20:51:49,1
4025,8,2011-03-02 23:32:35,6
4027,8,2012-07-17 23:31:50,1
4028,8,2011-11-07 20:47:37,1
4029,8,2012-06-20 15:32:40,1
4030,8,2012-08-03 20:23:20,1
4033,8,2010-09-22 23:43:05,1
4034,8,2012-07-11 20:54:26,1
4035,8,2011-05-24 22:39:29,1
4036,8,2010-10-12 21:02:57,1
4037,8,2012-07-31 17:16:36,1
4038,8,2011-02-04 17:49:42,1
4038,8,2011-02-23 19:33:20,9
4039,8,2011-12-09 17:08:55,1
4040,8,2011-05-27 17:49:56,1
4040,8,2011-05-31 15:13:23,9
4041,8,2012-04-11 16:06:45,1
4043,8,2010-11-12 17:48:13,1
4044,8,2011-04-07 17:14:10,1
4044,8,2011-04-07 17:14:47,8
4045,8,2010-09-10 23:17:16,1
4046,8,2012-03-12 20:02:03,1
4047,8,2010-11-09 01:01:55,1
4048,8,2012-10-01 18:54:36,1
4049,8,2011-07-08 15:28:19,1
4049,8,2011-07-08 22:48:50,9
4050,8,2010-11-11 23:43:53,1
4051,8,2012-07-19 23:09:40,1
4052,8,2012-01-02 18:04:23,1
4053,8,2012-07-26 15:00:25,1
4054,8,2012-08-10 18:35:24,1
4055,8,2012-05-17 20:38:00,1
4057,8,2011-05-17 22:33:01,1
4058,8,2011-09-28 18:25:54,1
4059,8,2010-10-08 17:24:28,1
4059,8,2010-10-12 00:08:18,9
4060,8,2012-07-16 18:12:30,1
4061,8,2012-07-18 20:02:34,1
4062,8,2010-07-29 21:47:13,1
4063,8,2011-05-02 15:39:18,1
4064,8,2012-06-01 15:11:30,1
4065,8,2010-07-19 23:28:26,1
4066,8,2010-06-21 18:35:45,1
4068,8,2012-09-12 22:44:26,1
4070,8,2011-02-14 19:57:01,1
4071,8,2012-01-17 00:54:12,1
4072,8,2010-09-28 17:24:55,1
4075,8,2010-08-02 17:17:37,1
4076,8,2012-06-28 18:56:53,1
4077,8,2010-03-15 19:36:06,1
4078,8,2010-03-16 23:26:25,1
4079,8,2010-07-12 20:43:53,1
4081,8,2011-06-29 15:32:20,1
4082,8,2012-09-12 21:48:45,1
4083,8,2011-11-18 23:53:18,1
4086,8,2012-05-07 21:53:02,1
4087,8,2012-01-13 17:34:29,1
4088,8,2010-09-20 23:28:15,1
4089,8,2011-08-05 20:44:00,1
4090,8,2012-07-23 20:09:09,1
4091,8,2011-07-05 15:25:50,1
4092,8,2010-10-08 17:22:45,1
4093,8,2012-02-10 18:51:02,1
4094,8,2011-02-14 20:03:41,1
4095,8,2010-12-20 21:01:25,1
4096,8,2012-07-25 20:44:54,1
4098,8,2010-05-12 20:16:49,1
4099,8,2010-12-08 00:02:54,1
4100,8,2011-02-28 19:26:41,1
4100,8,2011-03-03 02:25:05,9
4101,8,2010-06-24 21:21:25,1
4101,8,2010-06-25 22:13:49,6
4101,8,2010-06-30 21:53:55,9
4102,8,2011-11-10 20:59:37,0
4104,8,2011-11-18 18:16:37,1
4105,8,2010-05-12 21:26:15,1
4106,8,2012-07-30 22:09:09,1
4108,8,2010-03-09 17:06:12,1
4109,8,2011-04-14 00:00:51,1
4112,8,2011-12-01 01:34:31,0
4113,8,2011-02-18 20:48:37,1
4114,8,2011-10-26 20:54:39,1
4115,8,2012-06-21 21:30:05,1
4116,8,2012-01-05 19:34:21,1
4118,8,2012-01-11 19:38:55,1
4119,8,2012-07-20 00:00:21,1
4120,8,2012-06-06 22:57:12,1
4121,8,2012-03-21 01:05:48,1
4122,8,2011-11-16 23:08:32,1
4123,8,2011-08-30 15:29:32,1
4124,8,2011-11-18 19:41:23,1
4125,8,2011-11-25 19:51:06,1
4126,8,2011-10-21 17:00:59,1
4128,8,2010-10-18 15:56:01,1
4128,8,2010-10-18 21:54:23,9
4128,8,2010-10-19 15:15:36,9
4129,8,2012-04-03 22:18:23,1
4130,8,2010-09-24 16:41:33,1
4131,8,2012-05-03 22:59:34,1
4132,8,2011-12-21 20:22:09,1
4133,8,2011-12-22 23:37:20,1
4134,8,2011-06-30 18:14:26,1
4135,8,2012-01-18 20:43:25,1
4136,8,2012-01-25 01:45:04,1
4137,8,2011-08-23 20:19:54,1
4138,8,2010-09-23 22:09:26,1
4140,8,2011-01-28 00:12:40,1
4141,8,2010-12-27 23:45:16,1
4142,8,2012-06-28 15:31:56,1
4143,8,2010-04-12 20:56:56,1
4144,8,2011-10-17 21:33:58,1
4146,8,2011-01-04 00:52:22,1
4148,8,2011-07-29 15:43:10,1
4148,8,2011-08-09 15:30:19,6
4150,8,2010-06-23 23:00:18,9
4151,8,2012-06-27 15:44:03,1
4152,8,2011-06-23 18:48:23,1
4153,8,2011-11-04 22:29:36,1
4153,8,2011-11-09 18:49:30,9
4155,8,2012-05-09 16:24:58,1
4157,8,2010-11-17 18:33:43,1
4157,8,2010-11-23 18:12:52,9
4158,8,2012-01-17 00:04:30,1
4159,8,2012-04-03 15:32:43,1
4162,8,2012-08-13 15:11:27,1
4163,8,2011-03-04 22:45:31,1
4164,8,2011-05-10 21:52:48,1
4164,8,2011-05-11 18:53:42,9
4166,8,2012-04-03 23:29:17,1
4167,8,2010-09-30 23:50:51,1
4168,8,2010-03-19 20:43:18,1
4169,8,2010-06-30 17:23:28,1
4170,8,2012-02-27 22:35:15,1
4171,8,2011-03-09 17:11:55,1
4171,8,2011-03-14 19:34:45,6
4171,8,2011-03-14 19:35:26,9
4173,8,2012-01-10 19:02:08,1
4174,8,2011-05-02 21:18:26,1
4175,8,2011-02-10 18:24:24,1
4176,8,2011-03-04 01:00:51,1
4177,8,2010-04-26 21:27:04,1
4177,8,2010-05-27 15:14:22,9
4178,8,2011-08-31 18:51:15,1
4179,8,2011-03-01 16:59:58,1
4180,8,2012-07-19 20:10:47,1
4181,8,2012-02-09 19:12:32,1
4181,8,2012-02-22 01:04:37,9
4182,8,2011-01-14 00:12:33,1
4184,8,2011-04-27 17:41:09,1
4184,8,2011-04-27 22:24:50,9
4186,8,2011-05-27 22:37:14,1
4188,8,2011-12-24 00:35:25,1
4189,8,2012-05-11 23:49:27,1
4190,8,2011-03-01 00:18:36,1
4192,8,2011-03-03 00:32:04,1
4193,8,2012-07-23 22:27:49,1
4195,8,2010-09-29 21:09:53,1
4195,8,2010-10-04 20:53:54,9
4196,8,2011-11-23 20:00:48,1
4198,8,2012-06-26 19:58:49,1
4199,8,2011-02-15 19:50:58,1
4200,8,2011-02-23 22:31:04,1
4201,8,2012-02-27 22:38:22,1
4202,8,2012-03-27 15:52:25,1
4203,8,2010-10-26 17:50:38,1
4205,8,2012-04-06 18:43:15,1
4207,8,2010-03-05 21:29:30,1
4207,8,2010-03-08 22:28:09,9
4208,8,2012-05-09 15:05:55,1
4209,8,2011-05-27 15:26:44,1
4210,8,2011-10-19 23:23:37,1
4211,8,2012-02-17 17:50:03,1
4213,8,2011-07-14 00:20:23,1
4214,8,2012-03-20 22:54:34,1
4216,8,2012-05-04 23:49:32,1
4217,8,2010-11-05 18:17:37,1
4218,8,2011-07-04 21:58:26,1
4219,8,2011-06-29 15:51:17,1
4220,8,2012-07-16 23:48:26,1
4221,8,2012-02-14 00:04:39,1
4222,8,2012-04-23 16:24:36,1
4223,8,2010-03-11 17:06:33,1
4224,8,2011-02-14 18:47:57,1
4225,8,2010-09-24 20:54:42,1
4225,8,2010-09-24 21:49:46,6
4226,8,2011-02-28 20:56:31,1
4227,8,2010-12-02 20:20:09,1
4228,8,2011-09-21 23:59:13,1
4228,8,2011-10-06 21:53:50,8
4229,8,2010-12-16 20:21:39,1
4230,8,2012-06-06 15:01:59,1
4232,8,2011-12-15 01:14:41,1
4233,8,2012-04-03 15:17:30,1
4234,8,2011-11-18 23:13:26,1
4236,8,2011-02-15 19:23:25,1
4237,8,2010-09-21 15:31:56,1
4237,8,2010-09-30 16:00:38,9
4238,8,2012-07-26 18:45:35,1
4239,8,2011-10-07 18:22:41,1
4240,8,2012-06-05 20:53:05,1
4243,8,2010-05-04 23:12:36,1
4244,8,2011-12-05 17:53:10,1
4245,8,2011-11-10 20:31:28,1
4246,8,2011-05-09 17:34:57,1
4247,8,2010-04-07 22:23:44,1
4249,8,2012-03-20 20:45:59,1
4250,8,2010-09-13 18:11:20,1
4250,8,2010-09-16 18:03:27,9
4250,8,2010-09-30 23:54:00,9
4251,8,2012-01-09 20:56:18,1
4252,8,2011-04-28 21:15:15,1
4253,8,2011-05-26 23:42:28,1
4253,8,2011-06-10 18:38:07,9
4254,8,2012-01-02 18:43:06,1
4256,8,2011-05-10 15:34:27,1
4258,8,2010-08-24 16:54:53,1
4260,8,2012-04-20 19:55:36,1
4261,8,2011-05-20 21:34:46,1
4262,8,2012-02-16 01:40:43,1
4263,8,2010-05-27 16:11:19,1
4263,8,2010-05-27 19:44:14,9
4264,8,2010-05-05 18:12:41,1
4266,8,2012-06-15 15:28:27,1
4267,8,2012-01-16 18:42:17,1
4269,8,2012-08-03 21:20:02,1
4270,8,2011-02-22 01:55:03,1
4271,8,2011-12-22 00:25:19,1
4272,8,2012-04-26 18:55:30,1
4273,8,2011-04-18 18:01:11,1
4273,8,2011-05-17 20:39:50,9
4274,8,2011-04-04 15:26:06,1
4275,8,2010-06-10 21:52:20,1
4275,8,2010-06-28 17:51:48,9
4276,8,2011-12-07 00:19:23,1
4277,8,2010-10-28 21:45:09,1
4278,8,2012-01-06 00:50:26,1
4279,8,2012-01-16 17:34:48,1
4280,8,2011-03-11 18:13:14,1
4280,8,2011-03-15 20:17:38,9
4280,8,2011-03-18 18:09:40,9
4280,8,2011-03-21 19:16:20,9
4281,8,2011-05-12 00:06:58,1
4282,8,2012-08-09 15:40:03,1
4283,8,2011-01-03 20:09:22,1
4284,8,2010-01-27 22:31:18,1
4284,8,2010-01-28 00:59:14,6
4285,8,2010-06-01 18:48:56,1
4285,8,2010-06-03 21:38:40,9
4286,8,2012-06-28 23:43:55,1
4287,8,2011-09-15 18:37:56,1
4288,8,2010-04-23 22:39:40,1
4290,8,2010-02-23 23:58:59,1
4292,8,2012-05-14 20:51:11,1
4293,8,2012-03-07 20:28:56,1
4294,8,2011-09-28 22:34:59,1
4295,8,2011-02-15 19:42:01,1
4296,8,2010-05-11 22:06:08,1
4297,8,2012-06-06 15:17:21,1
4299,8,2011-12-28 01:53:23,1
4302,8,2011-02-15 17:03:48,1
4303,8,2010-11-23 20:14:41,1
4303,8,2010-11-25 18:13:24,6
4304,8,2012-04-03 18:51:10,1
4304,8,2012-04-06 16:45:53,8
4305,8,2012-06-21 21:37:00,1
4306,8,2010-12-02 19:10:31,1
4307,8,2010-09-10 23:23:23,1
4308,8,2011-09-15 17:32:46,1
4309,8,2012-06-20 21:45:36,1
4310,8,2010-04-12 15:41:21,1
4311,8,2012-05-26 00:37:19,1
4312,8,2010-12-16 20:07:00,1
4313,8,2012-07-19 15:32:34,1
4314,8,2012-01-16 18:45:21,1
4315,8,2012-02-13 17:07:40,1
4316,8,2010-11-22 23:54:42,1
4318,8,2011-03-28 19:01:50,1
4319,8,2012-05-10 15:15:17,1
4320,8,2011-10-28 20:46:18,1
4321,8,2010-10-08 21:59:09,1
4322,8,2011-08-03 17:41:16,1
4323,8,2011-09-30 15:42:17,1
4326,8,2012-09-06 15:19:03,1
4327,8,2010-04-22 17:24:30,1
4327,8,2010-04-28 18:17:11,9
4327,8,2010-05-11 18:01:21,9
4328,8,2012-07-24 15:13:51,1
4329,8,2010-05-04 16:33:59,1
4330,8,2011-04-26 16:16:40,1
4331,8,2010-09-30 21:37:01,1
4333,8,2011-02-01 17:38:23,1
4334,8,2012-03-16 17:13:04,1
4335,8,2012-01-25 17:23:06,1
4336,8,2010-03-25 20:05:13,1
4336,8,2010-04-29 16:37:40,9
4339,8,2010-07-28 18:48:47,1
4340,8,2012-01-13 22:21:36,1
4341,8,2011-09-05 17:52:38,1
4342,8,2010-07-29 20:35:09,1
4343,8,2012-01-10 20:06:39,1
4344,8,2012-02-10 23:47:30,1
4345,8,2010-05-17 21:07:05,1
4346,8,2011-02-18 19:25:52,1
4347,8,2011-10-13 15:15:48,1
4349,8,2011-04-13 17:05:12,1
4350,8,2011-07-05 17:27:24,1
4355,8,2012-08-02 18:54:41,1
4356,8,2010-11-03 23:03:12,1
4356,8,2010-11-10 17:42:38,9
4358,8,2010-04-12 23:55:44,1
4359,8,2012-09-07 18:10:52,1
4360,8,2011-02-24 17:35:18,1
4362,8,2011-10-10 15:27:02,1
4363,8,2011-07-04 19:00:28,1
4364,8,2012-03-21 17:34:36,1
4365,8,2012-09-10 18:36:32,1
4366,8,2010-11-11 18:09:06,1
4367,8,2011-12-05 20:18:17,0
4368,8,2011-09-27 16:46:32,1
4373,8,2012-05-18 22:28:25,1
4374,8,2010-07-22 15:59:01,1
4375,8,2010-05-11 00:10:24,1
4375,8,2010-05-11 20:21:26,6
4375,8,2010-06-16 16:44:01,9
4376,8,2010-05-17 22:25:22,1
4377,8,2011-10-11 23:58:24,1
4378,8,2010-02-16 19:20:28,1
4378,8,2010-02-17 17:45:28,9
4379,8,2012-05-10 21:16:47,1
4380,8,2011-04-11 18:12:44,1
4381,8,2011-05-04 20:28:11,1
4381,8,2011-05-04 20:54:54,9
4381,8,2011-05-05 17:28:54,9
4381,8,2011-05-20 16:17:37,6
4381,8,2011-06-07 23:47:10,9
4382,8,2011-02-21 16:59:20,1
4384,8,2010-08-06 17:53:24,1
4384,8,2010-08-06 17:53:56,6
4384,8,2010-08-10 16:52:58,9
4386,8,2012-04-19 17:16:39,1
4387,8,2010-06-17 22:00:22,1
4387,8,2010-06-22 21:32:55,9
4390,8,2012-03-06 20:46:41,1
4391,8,2011-03-09 17:24:17,1
4392,8,2010-02-20 01:11:11,1
4393,8,2010-12-10 01:45:48,1
4394,8,2012-08-07 20:54:21,1
4395,8,2012-05-24 16:29:52,1
4395,8,2012-05-24 18:19:09,9
4396,8,2012-08-14 16:51:59,1
4397,8,2012-02-03 17:38:15,1
4399,8,2011-03-28 16:35:13,1
4399,8,2011-03-28 16:35:50,8
4400,8,2010-12-15 23:26:02,1
4400,8,2010-12-20 17:17:54,9
4401,8,2011-05-17 21:38:11,1
4402,8,2010-09-24 18:31:55,1
4402,8,2010-09-27 18:50:53,9
4403,8,2012-05-21 15:29:19,1
4404,8,2011-03-07 18:47:27,1
4405,8,2011-02-23 01:11:01,1
4406,8,2011-02-24 19:15:11,1
4406,8,2011-02-24 21:44:44,8
4408,8,2012-01-27 23:06:47,1
4409,8,2011-11-18 17:17:32,1
4411,8,2012-06-15 23:31:15,1
4411,8,2012-06-21 15:50:56,9
4412,8,2010-04-07 23:39:32,1
4413,8,2012-04-06 22:25:08,1
4414,8,2011-04-27 18:36:00,1
4414,8,2011-04-27 18:36:51,8
4414,8,2011-05-04 19:15:54,8
4416,8,2012-04-19 21:36:15,1
4416,8,2012-04-19 23:36:46,8
4418,8,2012-07-09 18:03:03,1
4420,8,2012-06-14 19:06:09,1
4422,8,2012-08-03 16:51:56,1
4425,8,2010-12-08 00:40:16,1
4427,8,2011-11-25 01:57:16,1
4428,8,2010-08-13 17:24:35,1
4429,8,2012-03-08 22:54:04,1
4430,8,2012-07-24 20:13:56,1
4432,8,2011-03-29 17:10:05,1
4433,8,2011-12-22 01:51:28,0
4434,8,2011-03-04 00:45:10,1
4434,8,2011-03-15 22:25:35,9
4434,8,2011-03-21 19:01:10,6
4435,8,2011-05-18 16:45:53,1
4436,8,2011-09-26 21:38:29,1
4436,8,2011-09-29 17:23:39,6
4437,8,2011-10-17 16:53:26,1
4438,8,2011-07-14 22:06:11,1
4438,8,2011-07-14 23:45:47,6
4439,8,2011-01-18 23:36:54,1
4440,8,2010-07-29 17:44:27,1
4441,8,2011-02-18 23:38:36,1
4442,8,2010-10-15 15:41:58,1
4442,8,2010-10-19 18:01:19,9
4442,8,2010-10-20 23:04:42,9
4443,8,2011-07-14 17:03:02,1
4444,8,2012-07-31 23:22:15,1
4445,8,2011-10-04 20:41:01,1
4446,8,2012-05-17 15:36:25,1
4447,8,2011-09-09 20:28:49,1
4448,8,2012-01-16 17:38:28,1
4449,8,2011-12-19 19:01:06,1
4450,8,2011-06-29 23:26:53,1
4451,8,2010-10-05 23:08:21,1
4452,8,2012-03-14 20:32:51,1
4453,8,2011-04-26 17:13:06,1
4453,8,2011-04-26 21:39:17,9
4454,8,2011-02-14 20:20:58,1
4455,8,2012-05-09 22:13:49,1
4457,8,2012-03-20 20:44:09,1
4458,8,2011-06-07 22:26:14,1
4458,8,2011-06-07 22:41:58,8
4459,8,2012-02-10 23:19:12,1
4460,8,2012-05-18 15:32:34,1
4461,8,2012-07-31 22:36:19,1
4462,8,2010-10-19 21:10:38,1
4464,8,2011-07-15 18:56:30,1
4467,8,2011-07-13 17:41:54,1
4467,8,2011-07-20 00:11:18,9
4469,8,2012-08-01 15:06:14,1
4470,8,2010-11-29 18:58:26,1
4471,8,2011-09-29 22:44:34,1
4472,8,2011-11-10 22:39:53,1
4472,8,2011-11-18 18:38:45,6
4473,8,2010-12-20 21:02:22,1
4474,8,2011-07-19 17:13:14,1
4475,8,2012-07-16 21:45:50,1
4476,8,2011-09-29 18:00:34,1
4477,8,2010-06-23 23:07:38,1
4480,8,2010-12-17 19:46:27,1
4481,8,2011-09-08 00:39:55,1
4482,8,2010-08-02 16:26:17,1
4482,8,2010-08-02 16:49:52,9
4483,8,2011-06-09 22:53:18,1
4484,8,2011-11-29 16:58:51,1
4486,8,2010-11-15 18:21:25,1
4488,8,2010-12-21 01:16:32,1
4489,8,2011-01-06 01:53:04,1
4490,8,2011-04-28 23:52:37,1
4490,8,2011-05-09 21:21:55,9
4491,8,2012-03-28 17:55:47,1
4492,8,2011-12-03 01:29:46,1
4494,8,2011-09-26 15:29:21,1
4496,8,2010-03-31 18:51:30,1
4497,8,2010-05-25 18:28:52,1
4498,8,2012-02-02 18:45:25,1
4499,8,2011-01-21 23:32:04,1
4500,8,2010-09-22 15:43:46,1
4502,8,2011-04-19 17:07:42,1
4503,8,2011-05-20 16:53:45,1
4503,8,2011-05-30 21:20:30,9
4504,8,2011-05-27 21:05:49,1
4505,8,2010-01-29 19:14:56,1
4507,8,2010-03-29 23:42:27,1
4508,8,2012-04-04 20:39:31,1
4509,8,2011-09-16 17:03:22,1
4510,8,2010-09-20 22:03:37,1
4513,8,2011-12-15 23:19:44,0
4514,8,2010-09-16 17:04:46,1
4514,8,2010-09-16 18:57:45,9
4515,8,2012-05-10 18:03:06,1
4516,8,2011-06-16 21:11:33,1
4517,8,2011-08-22 15:52:12,1
4518,8,2011-10-14 20:44:09,1
4519,8,2011-05-25 23:56:45,1
4519,8,2011-06-10 22:04:09,9
4519,8,2011-06-14 20:36:18,9
4520,8,2010-11-30 01:55:13,1
4521,8,2011-04-19 23:00:39,1
4522,8,2012-07-31 20:09:22,1
4523,8,2010-12-29 18:19:43,1
4524,8,2010-06-22 17:15:30,1
4525,8,2011-01-14 01:39:32,1
4526,8,2012-07-23 18:21:13,1
4529,8,2011-04-21 21:33:02,1
4531,8,2012-01-25 18:28:06,0
4533,8,2012-07-18 21:16:28,1
4534,8,2011-09-12 17:11:47,1
4538,8,2012-02-13 17:08:00,1
4538,8,2012-02-17 17:40:51,8
4538,8,2012-02-17 17:40:51,8
4539,8,2010-01-20 18:15:20,1
4540,8,2011-01-24 18:36:07,1
4541,8,2012-02-15 20:29:00,1
4542,8,2012-06-15 23:19:48,1
4543,8,2011-01-11 20:16:26,1
4543,8,2011-01-11 20:16:56,8
4543,8,2011-01-18 17:14:59,8
4545,8,2012-03-29 21:55:42,1
4547,8,2012-07-18 23:10:24,1
4548,8,2011-01-12 17:10:04,1
4549,8,2011-10-07 20:38:54,1
4550,8,2011-11-01 00:40:46,1
4551,8,2012-06-08 15:10:17,1
4552,8,2012-01-21 03:28:06,1
4553,8,2011-12-30 18:23:53,1
4554,8,2012-06-20 23:13:24,1
4554,8,2012-06-25 23:38:31,9
4555,8,2012-04-13 15:19:06,1
4556,8,2012-05-21 23:31:58,1
4557,8,2012-07-03 15:45:32,1
4559,8,2012-03-14 19:50:36,1
4560,8,2012-05-11 20:08:40,1
4561,8,2010-09-03 23:49:19,1
4561,8,2010-09-13 18:58:22,9
4561,8,2010-09-21 15:52:04,9
4562,8,2012-01-17 20:13:09,1
4562,8,2012-02-08 23:55:58,8
4564,8,2010-05-12 21:24:44,1
4564,8,2010-05-17 23:07:43,9
4565,8,2011-07-13 17:52:31,1
4566,8,2012-03-30 17:29:27,1
4567,8,2012-01-25 19:56:28,1
4567,8,2012-01-30 22:58:02,9
4568,8,2011-09-21 15:13:14,1
4569,8,2011-05-10 17:42:57,1
4569,8,2011-06-03 20:53:14,9
4570,8,2012-04-10 18:47:47,1
4571,8,2011-02-19 00:54:04,1
4572,8,2011-11-21 20:19:59,1
4573,8,2010-11-26 19:24:22,1
4573,8,2010-12-06 22:11:34,9
4574,8,2011-02-03 22:22:06,1
4576,8,2012-02-14 19:22:10,1
4577,8,2010-04-13 17:30:07,1
4579,8,2010-07-26 21:31:59,1
4580,8,2012-01-03 18:33:43,0
