CaseID,ActivityID,CompleteTimestamp,PreActivityID
2,6,2012-04-05 17:15:52,8
3,6,2010-11-04 01:21:17,8
4,6,2010-12-16 17:08:19,8
5,6,2012-04-03 21:47:22,8
5,6,2012-04-04 00:07:28,8
6,6,2011-10-26 17:54:46,8
8,6,2012-07-05 17:44:46,8
9,6,2010-05-25 23:35:44,8
10,6,2010-03-19 17:47:13,8
11,6,2011-12-22 18:55:43,8
14,6,2011-07-05 21:52:37,8
16,6,2012-02-23 18:47:38,8
17,6,2011-11-09 22:31:37,8
19,6,2010-07-09 18:11:18,8
21,6,2011-01-27 19:19:15,8
22,6,2012-08-27 18:05:23,9
24,6,2010-06-08 22:46:16,8
25,6,2010-12-31 00:16:35,8
26,6,2011-03-31 19:00:41,8
27,6,2011-12-12 18:04:47,8
29,6,2012-07-30 20:29:40,8
30,6,2011-02-10 18:01:20,8
32,6,2011-04-28 16:18:08,8
35,6,2012-01-18 18:46:37,1
36,6,2011-07-05 15:32:43,8
37,6,2011-02-11 00:20:02,8
37,6,2011-03-02 22:23:58,6
37,6,2011-03-04 18:37:55,8
38,6,2012-03-20 17:18:56,8
40,6,2012-08-09 20:46:00,8
41,6,2010-12-14 19:45:12,8
42,6,2011-06-16 21:39:51,8
43,6,2012-04-10 18:53:28,8
44,6,2010-11-30 01:20:51,8
45,6,2012-03-02 19:40:59,8
47,6,2011-05-30 23:04:34,8
48,6,2010-12-02 23:08:33,8
49,6,2011-12-03 01:25:57,9
50,6,2012-01-17 01:37:54,8
50,6,2012-01-17 01:37:55,6
51,6,2012-07-02 17:41:04,9
52,6,2012-07-27 18:46:28,8
53,6,2010-11-04 17:48:12,8
55,6,2011-11-21 17:21:23,9
56,6,2012-01-30 20:33:23,1
57,6,2010-11-03 00:39:05,8
59,6,2012-03-28 23:32:57,8
59,6,2012-03-28 23:32:57,6
60,6,2011-04-13 16:49:22,8
61,6,2011-09-16 23:04:46,8
62,6,2012-05-28 23:18:27,1
64,6,2011-05-06 17:42:28,8
66,6,2012-06-26 21:05:58,8
67,6,2011-01-13 20:45:18,8
68,6,2012-04-12 18:31:37,8
70,6,2011-07-12 15:00:36,9
71,6,2011-11-02 18:49:41,8
72,6,2011-02-14 20:48:42,8
73,6,2012-07-31 19:02:02,1
74,6,2012-02-10 20:42:26,0
75,6,2010-04-23 15:45:04,8
76,6,2012-01-11 00:58:08,1
78,6,2011-12-06 01:33:12,8
80,6,2012-08-10 18:13:48,8
81,6,2010-02-19 17:32:00,8
84,6,2010-12-10 18:16:34,8
85,6,2011-03-04 19:02:13,8
86,6,2012-06-18 17:42:02,9
87,6,2011-11-25 18:30:07,9
87,6,2011-12-07 22:41:18,9
88,6,2010-10-04 18:49:08,8
90,6,2010-03-17 18:49:51,8
91,6,2011-05-24 21:36:11,8
92,6,2010-03-18 18:27:56,8
93,6,2012-08-02 23:14:07,8
94,6,2012-02-08 17:34:34,8
95,6,2011-09-30 17:09:23,8
96,6,2012-02-29 17:25:13,8
96,6,2012-02-29 17:25:14,6
98,6,2012-07-09 21:21:24,8
99,6,2011-05-16 16:33:29,8
101,6,2010-06-29 16:33:07,8
102,6,2012-01-31 17:12:06,8
103,6,2010-06-16 17:23:07,2
104,6,2011-01-27 18:34:24,8
108,6,2011-01-26 17:12:39,8
109,6,2010-11-08 18:33:57,8
110,6,2010-12-17 00:52:50,8
111,6,2010-06-30 16:05:04,8
111,6,2010-07-02 22:08:52,8
112,6,2011-10-14 22:44:32,8
113,6,2010-05-25 22:11:28,8
116,6,2011-04-08 21:07:10,8
117,6,2012-07-20 22:44:15,8
118,6,2011-03-07 22:14:21,8
119,6,2011-12-13 18:22:04,8
120,6,2012-05-08 22:04:27,9
121,6,2011-02-09 23:21:46,8
122,6,2011-02-15 20:52:47,8
123,6,2011-05-12 21:45:54,8
124,6,2012-06-08 14:47:30,8
125,6,2010-09-13 16:49:39,8
126,6,2012-08-27 22:18:05,1
127,6,2010-03-12 18:37:27,8
128,6,2011-11-28 18:46:59,1
128,6,2011-11-28 18:46:59,6
130,6,2010-04-08 17:01:19,8
132,6,2012-06-25 20:03:33,9
133,6,2011-01-28 23:29:17,8
134,6,2011-04-19 22:45:42,8
135,6,2011-02-14 21:02:59,8
135,6,2011-03-03 23:05:29,8
136,6,2012-06-08 15:13:29,8
137,6,2011-08-19 20:25:37,9
138,6,2012-03-02 18:34:03,8
139,6,2010-04-19 17:26:05,8
141,6,2011-01-26 18:26:04,8
142,6,2012-03-09 23:48:25,8
146,6,2010-10-05 23:09:39,8
148,6,2012-01-10 01:14:53,8
148,6,2012-01-10 01:14:53,6
149,6,2011-02-10 00:24:44,8
150,6,2011-05-26 15:56:00,8
151,6,2010-02-10 19:33:49,8
152,6,2012-05-25 16:12:16,8
153,6,2012-07-02 19:01:29,8
155,6,2011-01-18 20:15:29,8
157,6,2011-06-06 18:19:01,8
158,6,2010-09-21 15:53:48,8
159,6,2011-09-27 21:20:30,8
160,6,2011-02-25 22:28:30,8
161,6,2010-08-13 15:24:41,8
162,6,2011-10-07 21:30:00,1
163,6,2010-10-27 19:46:36,8
164,6,2010-09-28 22:03:08,8
165,6,2012-01-14 01:36:49,1
166,6,2010-02-24 01:56:36,8
167,6,2011-11-28 18:25:00,9
167,6,2011-11-28 18:25:02,6
168,6,2012-01-09 20:21:29,8
170,6,2012-05-18 15:18:57,9
171,6,2011-08-31 15:34:45,8
172,6,2010-09-27 18:08:54,8
173,6,2010-11-16 22:01:14,8
174,6,2011-11-09 23:20:52,9
175,6,2010-10-05 16:00:18,8
176,6,2012-07-18 21:11:34,8
177,6,2012-01-18 18:42:03,8
178,6,2012-02-29 18:36:49,8
179,6,2012-04-12 20:57:39,8
180,6,2011-10-06 22:31:30,8
181,6,2011-09-30 21:14:19,1
182,6,2010-05-24 18:59:57,8
183,6,2010-05-24 15:18:09,8
185,6,2010-11-18 18:52:18,8
186,6,2012-07-18 15:05:36,9
187,6,2010-10-27 21:29:30,8
188,6,2012-01-10 18:03:01,8
189,6,2010-02-03 23:27:16,8
190,6,2011-03-03 23:26:19,8
194,6,2012-03-05 20:31:08,8
195,6,2010-09-29 20:29:47,8
196,6,2011-11-17 22:32:09,8
197,6,2012-06-04 17:46:33,8
197,6,2012-06-04 17:46:33,6
198,6,2011-05-09 23:43:48,8
199,6,2011-12-14 19:27:28,8
200,6,2012-04-16 21:40:01,8
201,6,2011-08-22 17:31:48,8
203,6,2010-06-16 16:04:16,8
204,6,2011-11-02 22:41:11,8
205,6,2010-12-21 23:31:29,8
206,6,2011-03-11 20:48:28,8
207,6,2011-07-11 15:42:06,8
208,6,2010-10-12 23:05:33,8
209,6,2012-01-11 19:41:58,8
211,6,2012-08-03 20:56:13,1
212,6,2012-05-14 21:28:38,8
213,6,2011-07-27 16:19:08,1
214,6,2011-01-27 17:24:33,8
215,6,2010-04-27 22:30:18,8
216,6,2010-03-24 20:14:41,8
217,6,2011-03-09 00:20:32,8
218,6,2011-03-26 01:31:47,8
218,6,2011-04-08 21:01:12,8
219,6,2011-11-15 17:47:32,8
219,6,2011-11-15 17:47:33,6
220,6,2011-08-04 21:25:57,9
221,6,2011-11-28 20:46:18,8
222,6,2012-02-01 20:35:16,1
223,6,2012-03-17 00:29:01,8
223,6,2012-03-17 00:29:02,6
224,6,2012-05-29 16:06:03,9
225,6,2011-07-22 21:05:46,1
226,6,2011-04-13 18:20:49,8
227,6,2011-05-20 20:41:53,8
228,6,2010-09-23 16:38:14,8
229,6,2011-11-23 20:21:30,1
231,6,2010-10-21 16:26:29,8
234,6,2010-07-07 18:10:30,8
236,6,2011-02-07 19:48:08,8
238,6,2010-07-27 15:37:32,8
239,6,2011-08-03 16:14:00,8
240,6,2011-08-10 20:43:40,8
241,6,2012-05-21 16:27:17,8
242,6,2012-08-22 22:28:26,8
243,6,2012-06-20 22:44:33,8
244,6,2010-11-25 02:22:00,8
245,6,2010-05-03 20:56:35,8
246,6,2010-11-02 23:57:22,8
247,6,2012-08-10 15:18:58,8
248,6,2011-11-09 17:39:45,1
248,6,2011-11-09 17:39:46,6
249,6,2011-04-27 17:53:20,8
250,6,2011-02-28 19:43:36,8
251,6,2012-07-06 16:50:50,8
252,6,2011-01-21 00:21:38,8
252,6,2011-02-28 18:40:26,8
254,6,2010-11-30 23:10:42,8
255,6,2012-03-06 23:07:30,8
256,6,2011-01-27 20:00:26,8
257,6,2011-02-09 22:50:56,8
258,6,2010-12-07 01:45:48,8
259,6,2010-05-06 15:36:35,8
260,6,2010-11-15 22:47:26,8
261,6,2012-07-30 21:14:37,8
263,6,2011-12-30 17:01:38,8
264,6,2011-03-11 17:22:38,8
266,6,2012-06-20 15:11:19,1
266,6,2012-06-20 15:11:20,6
267,6,2011-05-05 21:14:58,8
268,6,2010-07-23 17:53:25,8
269,6,2012-01-03 18:15:12,8
270,6,2011-04-06 18:48:27,8
271,6,2010-03-09 02:00:50,8
272,6,2012-02-29 02:21:41,9
273,6,2010-03-26 02:10:30,8
274,6,2012-04-26 20:19:28,8
275,6,2010-06-28 22:07:25,8
276,6,2010-03-31 00:13:29,8
277,6,2012-03-14 23:35:22,8
278,6,2010-06-22 20:27:44,8
279,6,2011-10-07 17:50:33,1
280,6,2010-11-30 01:25:22,8
280,6,2010-12-01 23:33:08,8
281,6,2011-07-04 20:57:06,8
283,6,2012-07-02 17:44:23,8
284,6,2011-11-08 17:34:52,8
285,6,2012-05-03 22:34:29,8
287,6,2011-02-08 19:49:59,8
288,6,2011-11-17 23:00:05,8
289,6,2010-09-07 23:39:38,8
290,6,2012-03-01 00:31:24,9
290,6,2012-03-01 00:31:28,6
291,6,2010-10-20 23:23:37,8
292,6,2012-08-02 16:49:07,8
293,6,2012-08-14 16:26:51,8
294,6,2010-05-14 21:24:16,8
295,6,2012-02-15 22:06:58,8
295,6,2012-02-15 22:06:59,6
297,6,2010-07-15 21:10:18,8
298,6,2010-12-01 18:11:26,8
300,6,2012-03-26 18:31:22,8
301,6,2010-05-06 21:27:07,8
301,6,2010-05-07 20:17:43,8
302,6,2010-11-22 17:52:33,8
303,6,2012-02-06 17:57:12,8
304,6,2011-10-06 21:48:54,8
305,6,2012-05-15 20:35:47,9
306,6,2010-09-20 23:24:30,8
307,6,2012-06-25 18:27:09,8
309,6,2012-07-23 22:21:41,8
310,6,2011-07-14 23:42:45,9
311,6,2012-03-20 19:07:16,8
312,6,2012-07-19 15:10:42,8
314,6,2011-04-18 17:57:59,8
315,6,2010-12-07 00:22:11,8
316,6,2010-09-06 23:28:17,8
318,6,2012-05-31 15:51:47,8
319,6,2011-01-21 23:36:56,8
320,6,2011-01-20 19:48:38,8
321,6,2010-07-02 20:39:50,8
322,6,2010-12-14 00:44:04,8
324,6,2012-09-24 18:34:43,8
325,6,2011-02-21 23:06:23,8
327,6,2010-04-29 22:33:23,8
328,6,2012-01-10 20:07:13,8
329,6,2011-11-02 17:43:41,8
329,6,2011-11-17 17:53:58,8
330,6,2010-10-08 21:55:02,8
330,6,2010-10-08 22:07:16,6
334,6,2011-05-03 18:37:23,8
335,6,2010-08-23 17:14:07,8
336,6,2012-04-23 17:14:28,8
338,6,2012-07-20 18:26:36,8
339,6,2012-05-16 23:57:16,9
340,6,2012-03-16 01:03:14,9
341,6,2011-12-23 00:56:27,1
342,6,2010-06-02 00:14:57,8
344,6,2012-01-20 23:47:10,8
347,6,2011-08-19 17:29:29,1
347,6,2011-08-19 17:29:29,6
350,6,2012-02-07 20:21:54,9
351,6,2010-04-01 22:17:42,8
352,6,2012-05-08 18:48:50,1
352,6,2012-05-08 18:48:51,6
353,6,2010-11-30 01:49:26,8
354,6,2011-08-04 21:52:59,9
354,6,2011-08-04 21:53:04,6
355,6,2011-02-09 02:00:42,8
356,6,2012-06-20 16:11:35,8
357,6,2012-07-12 15:07:56,8
358,6,2010-09-21 20:27:19,8
359,6,2011-01-21 17:44:48,8
360,6,2010-03-16 18:05:38,8
362,6,2012-03-30 22:00:29,9
363,6,2010-04-14 17:22:26,8
365,6,2010-12-29 23:47:01,8
366,6,2012-07-12 17:22:46,8
368,6,2011-08-03 22:03:51,8
369,6,2011-07-14 17:23:03,8
371,6,2012-01-26 20:56:27,8
372,6,2012-05-25 17:15:20,8
373,6,2011-12-29 01:27:41,8
375,6,2012-05-10 20:30:11,8
376,6,2010-05-17 16:11:14,8
377,6,2012-01-14 00:22:13,8
379,6,2010-07-26 20:44:37,8
381,6,2012-04-16 23:29:50,8
385,6,2010-12-16 00:48:46,8
386,6,2011-05-17 16:52:47,8
387,6,2011-12-22 19:50:39,8
387,6,2011-12-22 19:50:40,6
388,6,2010-07-27 15:03:55,8
389,6,2011-06-29 17:24:26,8
390,6,2010-01-18 18:32:21,8
391,6,2011-09-20 16:21:04,8
392,6,2012-03-12 23:53:29,1
392,6,2012-03-12 23:57:06,6
393,6,2010-10-29 22:10:16,8
394,6,2012-01-13 19:36:45,8
395,6,2011-12-15 19:49:44,8
396,6,2010-09-27 23:37:58,8
397,6,2012-08-03 15:12:16,8
398,6,2012-02-29 02:22:35,9
400,6,2011-10-04 21:56:00,8
401,6,2010-04-29 21:02:06,8
403,6,2012-01-18 17:17:49,8
404,6,2010-02-11 23:30:56,8
405,6,2012-01-23 19:24:09,8
405,6,2012-01-26 01:05:48,8
406,6,2010-01-14 20:42:37,8
409,6,2011-08-30 16:59:38,8
410,6,2010-11-23 23:08:12,8
411,6,2010-12-10 22:25:46,8
413,6,2011-10-14 00:02:38,8
413,6,2011-10-14 00:02:41,6
415,6,2012-03-22 00:23:54,8
415,6,2012-03-22 00:23:55,6
416,6,2010-08-06 23:26:20,8
417,6,2012-04-16 20:36:10,9
418,6,2012-05-07 18:24:38,8
419,6,2010-07-13 23:01:37,8
420,6,2010-09-15 23:51:07,8
422,6,2011-01-10 17:16:46,8
423,6,2010-09-27 23:22:43,8
424,6,2012-06-18 18:10:31,8
424,6,2012-06-18 18:10:31,6
425,6,2012-05-16 18:59:40,9
426,6,2011-04-14 16:42:53,8
427,6,2012-08-03 15:20:40,8
428,6,2010-10-12 17:59:33,8
429,6,2011-06-23 22:56:12,8
430,6,2010-02-16 20:00:27,8
431,6,2012-02-03 17:29:08,8
432,6,2011-10-06 15:58:26,8
434,6,2012-04-23 23:30:23,8
436,6,2012-06-19 21:18:30,8
436,6,2012-06-19 21:18:31,6
437,6,2011-11-17 20:36:55,9
439,6,2012-02-15 19:07:50,8
440,6,2011-06-08 16:50:52,8
442,6,2011-02-19 02:55:57,8
443,6,2011-03-10 23:21:58,8
444,6,2012-07-25 20:52:04,8
445,6,2011-05-16 21:04:16,8
448,6,2012-06-29 21:27:09,9
449,6,2011-03-10 22:21:03,8
450,6,2010-10-08 16:44:11,8
451,6,2011-07-13 20:29:32,8
452,6,2010-12-07 01:31:43,8
453,6,2012-05-25 20:31:15,8
453,6,2012-05-25 20:31:15,6
454,6,2011-11-09 01:20:00,8
455,6,2010-07-21 16:23:11,8
457,6,2011-12-08 02:02:54,8
458,6,2012-08-28 18:19:09,8
459,6,2011-10-18 23:36:27,8
460,6,2011-02-28 21:01:29,8
461,6,2012-04-16 16:48:18,9
462,6,2012-06-01 20:07:34,4
463,6,2011-12-14 01:45:19,8
463,6,2011-12-14 01:45:20,6
464,6,2011-10-14 16:03:04,8
464,6,2011-10-14 16:03:04,6
465,6,2011-07-05 20:14:52,8
466,6,2012-06-18 18:34:55,8
468,6,2011-02-17 18:18:39,8
469,6,2010-05-03 20:15:12,8
471,6,2011-06-03 21:21:36,8
472,6,2012-08-27 23:52:11,8
473,6,2011-02-28 18:40:39,8
475,6,2011-04-14 21:56:33,8
476,6,2011-04-07 23:41:49,8
477,6,2012-01-04 18:17:14,8
478,6,2012-10-12 16:57:20,9
479,6,2012-05-16 15:06:18,1
481,6,2011-09-02 15:18:38,8
482,6,2012-07-30 16:24:22,1
482,6,2012-07-30 16:24:22,6
483,6,2012-08-09 21:29:31,8
485,6,2011-07-04 18:43:18,8
486,6,2011-09-26 20:57:39,8
488,6,2011-09-27 23:12:04,8
489,6,2011-03-25 18:19:15,8
490,6,2011-07-12 16:16:03,8
491,6,2012-05-14 22:53:25,9
492,6,2012-05-31 21:28:36,8
493,6,2011-12-29 17:36:13,8
494,6,2011-03-30 21:13:43,8
495,6,2012-07-20 22:06:41,8
497,6,2012-08-09 21:58:25,8
498,6,2012-10-02 22:25:04,8
498,6,2012-10-02 22:25:04,6
499,6,2011-01-31 17:58:40,8
500,6,2011-03-23 00:41:22,8
501,6,2012-06-06 23:16:24,8
502,6,2012-10-26 18:32:20,8
503,6,2012-10-19 17:02:02,4
505,6,2012-02-02 00:22:25,8
508,6,2012-03-12 19:34:52,9
509,6,2010-10-04 16:50:02,8
510,6,2012-08-27 16:28:28,9
511,6,2012-05-03 18:11:09,8
512,6,2011-10-17 23:21:14,9
513,6,2011-04-04 16:35:45,8
514,6,2011-12-30 18:04:14,8
514,6,2011-12-30 18:04:15,6
515,6,2011-10-20 23:46:08,8
516,6,2011-09-15 18:43:36,9
517,6,2011-03-18 19:58:27,8
518,6,2011-04-05 21:04:16,8
518,6,2011-04-22 17:11:36,8
519,6,2012-06-08 16:40:26,8
520,6,2012-10-17 19:41:09,8
520,6,2012-10-17 19:41:10,6
521,6,2012-01-10 23:59:48,8
522,6,2011-12-12 18:34:29,9
524,6,2012-01-03 18:17:57,8
526,6,2012-03-20 19:54:02,9
528,6,2012-06-26 16:43:45,8
531,6,2011-12-12 23:49:16,8
533,6,2012-08-07 23:52:51,8
534,6,2011-04-19 15:40:58,8
535,6,2011-12-13 23:22:01,8
536,6,2011-04-16 00:10:51,8
537,6,2012-06-26 18:29:03,9
538,6,2012-02-09 00:37:34,8
539,6,2011-05-19 18:51:17,8
540,6,2010-09-08 17:24:25,8
541,6,2012-05-15 16:29:12,8
542,6,2011-09-27 18:16:11,8
543,6,2011-12-05 17:10:24,8
544,6,2012-01-11 23:21:45,8
545,6,2012-03-01 00:50:29,8
546,6,2011-12-02 20:23:36,8
547,6,2010-08-10 20:42:18,8
548,6,2011-05-24 17:29:19,9
549,6,2012-02-29 20:19:14,8
550,6,2011-08-26 15:26:10,1
551,6,2012-08-03 00:07:16,9
552,6,2012-06-05 15:36:27,8
555,6,2010-12-30 22:37:37,8
556,6,2012-07-05 17:44:30,1
560,6,2010-05-20 15:50:14,8
561,6,2012-06-01 18:40:39,8
562,6,2010-12-21 18:11:52,8
563,6,2011-05-19 21:13:15,8
564,6,2011-06-17 16:50:28,8
565,6,2012-07-18 23:44:22,9
567,6,2011-07-29 21:12:05,8
568,6,2011-08-24 23:44:28,8
569,6,2011-07-07 16:33:49,8
570,6,2012-05-29 23:20:39,8
571,6,2011-06-21 17:45:58,8
572,6,2010-05-28 22:57:12,8
572,6,2010-05-31 16:57:56,8
573,6,2012-07-31 18:05:46,9
574,6,2011-12-14 18:48:59,8
576,6,2010-12-03 02:44:15,8
576,6,2010-12-03 02:44:15,6
577,6,2011-05-17 15:14:04,8
578,6,2011-09-26 15:42:40,1
579,6,2011-02-15 22:53:29,8
580,6,2011-04-22 16:04:16,8
581,6,2012-07-03 18:21:23,9
582,6,2010-12-14 19:40:45,8
582,6,2011-01-05 01:35:10,8
583,6,2012-06-07 22:54:06,8
584,6,2011-03-25 23:51:20,8
585,6,2010-09-09 20:33:50,8
586,6,2012-08-03 21:19:10,8
587,6,2010-04-29 22:26:41,8
588,6,2010-02-19 17:23:45,8
589,6,2012-07-24 23:24:35,8
590,6,2010-12-16 01:33:13,8
591,6,2010-05-12 22:39:13,8
592,6,2012-02-01 02:03:03,8
596,6,2012-01-17 00:39:17,8
597,6,2011-04-08 21:41:15,8
598,6,2011-06-23 23:13:17,8
599,6,2010-03-08 23:00:16,8
600,6,2012-07-11 17:10:08,8
601,6,2011-01-18 20:01:45,8
602,6,2012-05-31 20:46:09,9
604,6,2011-10-18 15:27:07,1
605,6,2011-04-04 22:28:46,8
607,6,2011-06-17 21:20:01,8
608,6,2011-01-10 17:29:39,8
609,6,2010-04-20 16:27:07,8
610,6,2010-09-09 18:12:29,8
611,6,2010-12-31 18:42:08,8
612,6,2010-04-29 21:39:49,8
613,6,2012-07-30 16:09:30,8
614,6,2012-07-18 16:23:38,8
615,6,2011-09-13 15:50:31,8
616,6,2010-04-14 22:51:34,8
617,6,2010-11-17 18:05:25,8
618,6,2012-01-31 01:26:10,8
619,6,2011-04-22 15:57:10,8
620,6,2012-01-12 17:42:41,8
621,6,2012-06-25 15:53:25,8
622,6,2012-11-06 01:41:28,2
623,6,2011-11-25 20:37:22,9
623,6,2011-11-25 20:37:25,6
625,6,2010-04-22 22:28:57,8
627,6,2012-07-10 19:16:10,8
628,6,2011-02-18 18:14:21,8
629,6,2012-02-15 20:16:08,1
632,6,2010-07-29 23:27:41,8
633,6,2012-06-01 15:55:25,8
634,6,2012-03-23 17:35:03,8
635,6,2011-06-29 19:13:58,8
636,6,2011-04-20 17:32:52,8
637,6,2011-09-29 18:05:34,8
640,6,2010-11-12 22:52:18,8
641,6,2012-05-31 20:47:04,8
642,6,2010-10-22 15:33:43,8
643,6,2012-01-26 23:37:16,8
644,6,2012-02-15 01:38:48,8
646,6,2011-03-23 18:32:35,8
647,6,2011-03-01 18:39:56,8
648,6,2012-01-19 01:41:22,8
649,6,2011-05-10 16:29:58,8
650,6,2012-06-29 16:14:35,8
651,6,2010-04-21 17:43:37,8
652,6,2012-07-31 21:02:18,8
653,6,2012-07-10 15:46:40,1
654,6,2012-06-14 23:17:01,8
655,6,2011-08-31 18:47:39,8
657,6,2012-02-23 23:58:27,8
658,6,2011-03-28 17:21:11,8
659,6,2011-05-19 18:52:30,8
660,6,2012-02-27 18:19:36,8
661,6,2010-09-17 17:49:39,8
662,6,2010-09-22 23:21:30,8
663,6,2010-04-14 16:31:36,8
665,6,2010-09-03 20:11:02,8
666,6,2011-12-20 19:14:46,9
667,6,2011-03-10 01:47:31,8
668,6,2011-09-23 17:55:01,8
669,6,2012-05-02 18:01:58,8
670,6,2012-05-23 18:05:01,8
671,6,2011-07-05 22:55:15,8
672,6,2011-02-10 18:17:37,8
673,6,2011-11-29 00:05:51,8
674,6,2012-02-07 17:15:11,8
675,6,2011-05-16 15:57:25,8
677,6,2011-12-29 22:43:25,8
678,6,2011-07-20 17:06:53,8
680,6,2012-05-04 00:20:08,8
681,6,2012-01-30 22:23:42,8
682,6,2012-04-04 16:11:46,8
683,6,2012-07-04 22:54:55,8
684,6,2012-06-19 18:42:18,8
686,6,2012-07-20 23:10:14,8
687,6,2011-11-15 18:10:16,8
688,6,2011-07-01 21:11:32,8
689,6,2010-07-26 16:59:39,8
690,6,2010-09-28 17:24:28,8
692,6,2011-04-06 16:02:11,8
693,6,2012-03-29 18:29:10,8
694,6,2010-04-26 16:31:36,8
695,6,2012-04-20 18:11:40,8
697,6,2011-07-15 20:18:21,8
698,6,2012-03-14 22:26:29,8
698,6,2012-03-14 22:26:29,6
699,6,2011-03-12 00:42:12,8
700,6,2012-07-23 18:15:27,1
700,6,2012-07-23 18:20:33,6
702,6,2010-05-29 00:35:02,8
703,6,2010-06-14 21:01:35,8
704,6,2012-07-20 17:59:43,8
705,6,2012-04-06 23:16:02,1
706,6,2012-04-26 16:27:23,8
707,6,2010-03-10 01:17:19,8
709,6,2010-03-16 19:53:29,8
709,6,2010-03-24 17:23:18,6
710,6,2010-04-20 22:19:45,8
711,6,2011-05-16 18:28:31,8
712,6,2011-08-24 22:23:14,9
713,6,2010-11-06 02:07:01,8
714,6,2011-10-20 22:49:24,8
715,6,2010-08-30 21:31:33,8
716,6,2012-03-22 20:09:33,8
716,6,2012-03-22 20:09:34,6
717,6,2012-05-03 18:35:42,8
718,6,2011-12-06 20:20:18,8
719,6,2011-09-19 20:07:26,8
720,6,2011-11-21 22:44:53,8
721,6,2012-05-08 21:59:59,8
722,6,2012-04-30 20:03:28,8
723,6,2011-12-20 20:43:09,8
724,6,2011-12-01 17:56:02,8
725,6,2011-01-13 22:45:11,8
726,6,2011-10-12 23:22:23,8
727,6,2010-07-28 18:06:33,8
727,6,2010-08-23 21:28:52,8
729,6,2011-06-10 21:56:43,8
730,6,2011-06-09 23:24:36,8
731,6,2012-02-08 18:04:47,8
733,6,2012-02-08 23:25:08,8
734,6,2010-08-03 20:23:10,8
735,6,2010-08-04 21:21:00,8
736,6,2012-01-17 20:55:34,8
737,6,2011-09-30 00:34:20,8
738,6,2012-04-27 16:32:07,8
739,6,2011-09-28 23:53:27,8
740,6,2011-05-26 17:28:15,8
741,6,2012-07-31 17:29:21,8
742,6,2011-11-18 00:43:26,1
743,6,2012-01-13 18:50:13,8
743,6,2012-01-13 18:50:13,6
744,6,2011-09-22 20:34:45,9
745,6,2012-01-04 19:47:56,8
746,6,2012-01-31 01:03:09,8
748,6,2011-06-21 23:35:58,8
749,6,2012-05-31 15:50:25,9
749,6,2012-05-31 15:50:27,6
750,6,2011-01-21 23:23:23,8
751,6,2011-06-28 21:34:37,8
752,6,2012-05-11 23:42:41,8
753,6,2011-11-23 22:13:50,8
754,6,2012-01-11 23:45:19,8
755,6,2012-08-07 22:57:14,8
756,6,2012-01-18 18:31:15,8
758,6,2011-12-02 22:31:44,9
759,6,2010-09-13 21:43:40,8
760,6,2012-01-27 19:16:12,8
761,6,2011-08-29 18:17:20,8
762,6,2011-11-16 18:25:50,8
763,6,2011-10-10 16:43:13,8
764,6,2011-11-24 23:23:50,8
765,6,2010-02-25 02:09:08,8
766,6,2012-02-28 19:24:47,8
767,6,2012-02-27 18:17:35,8
768,6,2012-08-02 20:11:08,9
769,6,2012-10-17 16:16:18,8
770,6,2012-02-13 17:59:31,9
771,6,2010-09-06 17:02:43,8
772,6,2012-03-24 01:02:36,8
773,6,2012-06-26 17:03:05,8
774,6,2010-10-15 14:54:51,8
776,6,2012-06-06 16:51:59,8
777,6,2012-03-10 00:38:51,1
778,6,2012-01-16 22:58:08,8
779,6,2010-11-23 20:32:51,8
781,6,2010-10-07 21:54:11,8
781,6,2010-11-18 23:29:38,8
781,6,2010-11-18 23:29:38,6
783,6,2012-07-10 17:04:54,8
784,6,2011-09-01 22:25:19,8
784,6,2011-09-01 22:25:19,6
785,6,2012-04-05 15:48:31,8
786,6,2010-11-30 23:41:44,8
787,6,2012-07-20 22:19:15,8
788,6,2012-07-27 21:09:34,9
789,6,2011-03-29 23:45:33,8
790,6,2012-03-28 18:55:14,9
791,6,2010-02-19 19:43:47,8
792,6,2010-07-26 22:24:29,8
793,6,2010-07-13 21:07:59,8
794,6,2012-03-07 18:15:49,8
795,6,2012-03-12 17:50:00,8
795,6,2012-03-12 17:50:01,6
796,6,2012-05-10 21:13:39,9
797,6,2011-06-07 21:24:45,8
798,6,2010-09-15 18:32:23,8
799,6,2012-04-30 15:20:58,9
800,6,2010-04-16 23:02:04,8
801,6,2010-11-11 19:05:27,8
802,6,2011-03-08 18:37:41,8
803,6,2011-01-14 01:32:32,8
804,6,2010-05-13 00:11:56,8
806,6,2012-03-19 17:29:33,9
808,6,2010-04-09 23:16:50,8
810,6,2011-10-13 20:49:59,8
811,6,2012-07-27 21:05:46,1
811,6,2012-07-27 21:05:46,6
812,6,2011-04-27 20:47:57,8
813,6,2012-02-24 23:42:24,8
814,6,2010-05-17 23:39:10,8
815,6,2010-09-22 23:27:30,8
816,6,2011-11-01 01:41:48,9
817,6,2012-04-12 23:00:28,9
818,6,2011-04-26 16:30:12,8
819,6,2012-06-12 18:43:27,8
820,6,2011-06-14 20:52:51,8
822,6,2011-03-24 23:01:26,8
823,6,2011-08-11 18:30:07,9
827,6,2011-11-18 18:10:41,9
828,6,2011-04-08 22:54:52,8
828,6,2011-04-26 18:24:52,8
829,6,2012-08-02 20:08:43,8
830,6,2010-09-09 00:21:08,8
832,6,2011-02-17 01:51:44,8
833,6,2010-09-15 15:21:55,8
834,6,2012-01-16 18:09:34,8
835,6,2011-01-21 18:34:44,8
836,6,2012-03-09 19:39:17,5
837,6,2010-11-24 18:13:41,8
838,6,2010-07-30 17:30:47,8
840,6,2012-05-09 23:39:26,8
842,6,2011-02-21 18:00:43,8
843,6,2011-03-01 17:59:57,8
844,6,2012-01-04 23:06:09,8
846,6,2010-03-15 19:21:22,8
847,6,2011-08-03 23:44:29,8
848,6,2011-04-13 21:51:51,8
850,6,2011-12-27 20:40:28,8
851,6,2010-12-10 18:43:17,8
852,6,2010-10-26 22:51:09,8
853,6,2012-05-07 18:19:00,8
854,6,2011-05-24 23:57:32,8
855,6,2011-09-27 17:37:32,8
857,6,2012-05-22 15:11:30,9
858,6,2010-05-26 16:36:58,8
859,6,2012-04-23 22:32:42,8
860,6,2011-11-08 18:01:20,8
861,6,2011-02-05 01:52:44,8
862,6,2010-05-04 17:28:55,8
863,6,2011-10-17 20:08:53,8
864,6,2010-03-10 17:18:00,8
865,6,2011-01-13 22:44:09,8
866,6,2012-01-27 01:15:21,8
867,6,2011-10-04 18:37:28,8
869,6,2011-02-09 18:23:02,8
870,6,2010-05-12 21:41:25,8
871,6,2010-12-14 01:43:00,8
872,6,2012-03-26 23:25:08,8
873,6,2010-11-08 22:59:37,8
874,6,2011-09-26 22:06:31,8
876,6,2012-08-27 15:43:41,9
877,6,2012-06-01 15:02:59,9
878,6,2011-12-14 00:25:11,8
879,6,2011-01-15 01:34:32,8
880,6,2012-04-11 17:12:13,8
882,6,2012-07-27 23:34:09,8
883,6,2012-05-09 16:57:23,9
883,6,2012-05-09 16:57:26,6
884,6,2011-01-21 20:00:43,8
885,6,2011-11-19 01:13:22,1
886,6,2012-06-13 15:47:21,8
887,6,2011-10-12 15:42:27,9
888,6,2012-07-25 22:29:33,8
889,6,2010-10-06 18:38:21,8
890,6,2010-10-12 23:15:24,8
891,6,2011-06-08 15:28:41,8
892,6,2012-04-20 23:29:20,8
893,6,2011-11-14 18:57:23,1
895,6,2010-11-12 19:04:52,8
895,6,2010-11-12 19:34:49,6
895,6,2010-11-23 20:22:41,8
896,6,2011-11-01 00:30:12,8
897,6,2012-03-16 22:43:24,8
898,6,2012-01-11 19:55:24,9
899,6,2010-03-23 01:18:31,2
899,6,2010-03-23 01:22:09,2
900,6,2011-03-26 00:07:01,8
901,6,2012-08-02 23:24:42,1
901,6,2012-08-02 23:25:31,6
902,6,2011-09-30 20:18:02,8
903,6,2010-11-15 19:40:28,8
904,6,2011-03-22 22:43:58,8
905,6,2011-07-19 22:54:58,8
907,6,2010-11-05 20:46:45,8
908,6,2011-04-20 15:56:07,8
909,6,2012-02-06 18:53:59,8
910,6,2012-08-03 15:58:46,8
912,6,2010-12-15 23:11:55,8
913,6,2010-11-13 00:39:09,8
914,6,2012-01-24 22:51:39,8
915,6,2011-01-11 17:45:19,8
916,6,2011-07-05 17:07:49,8
917,6,2010-09-17 18:57:30,8
918,6,2010-06-07 21:55:50,8
919,6,2010-09-15 16:57:03,8
920,6,2010-05-04 23:25:52,8
921,6,2010-05-10 18:53:25,8
922,6,2011-03-25 23:54:47,8
923,6,2011-12-02 23:23:34,1
923,6,2011-12-02 23:23:34,6
924,6,2010-07-26 17:32:30,8
925,6,2010-09-21 16:37:41,8
926,6,2010-09-03 18:55:39,8
927,6,2011-10-10 15:52:25,8
928,6,2011-03-08 01:52:38,8
929,6,2011-01-25 20:03:46,8
931,6,2012-02-29 02:12:09,8
932,6,2012-02-16 20:02:10,1
933,6,2011-01-31 17:41:02,8
934,6,2012-06-14 18:59:12,8
934,6,2012-06-14 18:59:12,6
935,6,2010-05-26 00:25:45,8
936,6,2011-05-17 20:35:32,8
937,6,2012-07-12 17:30:44,4
938,6,2012-08-07 16:58:49,9
940,6,2010-03-03 20:49:35,8
941,6,2011-08-19 22:18:03,9
942,6,2011-04-20 22:28:14,8
943,6,2011-11-18 23:41:05,8
944,6,2011-04-29 20:27:24,8
945,6,2011-09-28 23:45:10,8
946,6,2011-05-17 21:10:26,8
947,6,2011-10-25 23:02:39,9
948,6,2010-10-21 21:52:58,8
950,6,2012-04-23 18:07:48,8
952,6,2011-12-13 23:50:21,9
953,6,2010-03-11 20:21:45,8
954,6,2012-08-03 15:15:43,8
955,6,2011-10-04 21:40:52,8
956,6,2011-03-08 20:13:06,8
957,6,2011-07-06 23:06:53,8
958,6,2012-03-02 22:52:02,8
960,6,2011-07-21 18:13:44,8
962,6,2012-10-17 20:49:01,8
965,6,2010-10-01 17:54:21,8
966,6,2010-11-22 23:45:04,8
967,6,2012-07-02 21:18:10,8
968,6,2012-05-15 15:34:15,8
969,6,2011-10-14 18:13:37,8
970,6,2012-05-10 23:55:29,8
971,6,2010-07-08 00:33:55,8
972,6,2012-07-30 20:07:10,8
973,6,2010-08-06 20:58:44,8
973,6,2010-09-16 21:57:32,8
974,6,2011-01-28 19:34:14,8
975,6,2012-03-06 01:52:14,8
975,6,2012-03-06 01:52:15,6
976,6,2012-01-13 17:25:55,8
977,6,2010-10-22 19:02:38,8
978,6,2011-10-06 16:10:06,8
981,6,2012-07-12 16:25:33,8
981,6,2012-07-12 16:25:34,6
982,6,2011-11-11 20:34:23,8
983,6,2012-03-08 20:11:48,1
985,6,2010-08-25 18:56:21,8
987,6,2010-04-21 20:29:17,8
987,6,2010-04-22 16:03:28,8
990,6,2012-06-20 16:09:59,8
991,6,2011-06-07 15:36:56,8
992,6,2010-09-02 16:05:33,8
993,6,2011-03-30 18:22:49,8
994,6,2011-02-18 23:37:11,8
995,6,2011-07-01 16:14:34,8
996,6,2011-01-14 18:31:54,8
997,6,2011-11-29 00:39:07,8
1000,6,2010-01-26 23:06:53,8
1002,6,2010-08-27 16:42:25,8
1003,6,2011-01-20 19:59:03,8
1004,6,2011-09-27 18:29:02,8
1005,6,2011-01-13 23:26:36,8
1006,6,2010-01-22 20:09:59,8
1008,6,2011-11-03 18:37:15,8
1009,6,2012-05-22 15:53:06,9
1011,6,2011-09-06 23:55:58,8
1012,6,2010-05-28 23:38:45,8
1013,6,2011-12-13 01:50:49,1
1014,6,2011-01-14 01:55:17,8
1015,6,2012-02-15 20:07:17,8
1016,6,2011-04-13 22:57:33,8
1017,6,2012-10-02 15:03:02,9
1017,6,2012-10-02 15:03:22,6
1018,6,2010-09-21 16:24:19,8
1020,6,2012-06-04 18:49:46,9
1021,6,2010-05-20 18:17:39,8
1022,6,2012-01-12 19:39:39,8
1024,6,2011-07-18 16:33:09,8
1025,6,2011-04-20 23:42:20,8
1028,6,2011-01-14 19:46:06,8
1029,6,2012-05-09 21:40:52,8
1030,6,2010-02-22 23:05:31,2
1031,6,2011-03-25 18:54:11,8
1032,6,2012-05-15 20:31:57,9
1033,6,2011-12-12 18:40:33,9
1034,6,2011-12-13 20:50:30,8
1035,6,2010-12-23 01:58:03,8
1036,6,2012-06-01 20:40:27,8
1037,6,2011-10-24 19:02:57,8
1038,6,2012-07-25 21:53:33,8
1039,6,2012-06-29 22:35:15,8
1040,6,2012-02-22 01:35:15,8
1041,6,2012-05-08 16:37:30,8
1042,6,2012-05-23 22:24:29,8
1044,6,2010-05-18 01:10:24,8
1044,6,2010-05-18 17:28:09,8
1045,6,2011-06-27 21:37:30,8
1046,6,2012-04-02 18:12:04,8
1047,6,2011-07-15 21:18:05,9
1048,6,2010-12-30 17:41:14,8
1049,6,2012-02-15 01:45:38,8
1049,6,2012-02-15 01:45:38,6
1050,6,2011-05-20 15:06:09,8
1050,6,2011-06-08 20:44:48,8
1051,6,2011-01-18 20:26:09,8
1052,6,2011-02-04 01:20:49,8
1053,6,2011-07-20 21:19:43,9
1055,6,2012-01-24 23:19:03,8
1056,6,2012-06-06 23:16:31,8
1058,6,2012-07-18 23:43:16,9
1059,6,2012-01-09 19:31:05,8
1060,6,2011-09-19 21:56:27,8
1061,6,2011-07-28 17:26:55,9
1062,6,2012-02-08 00:06:45,9
1063,6,2012-07-11 23:24:11,8
1064,6,2012-05-29 15:08:42,8
1065,6,2011-08-25 20:58:59,1
1066,6,2012-05-25 20:30:22,8
1067,6,2012-02-16 20:40:57,8
1068,6,2012-05-21 21:18:53,8
1069,6,2011-06-21 22:10:56,8
1071,6,2011-05-23 18:35:13,8
1072,6,2012-07-20 21:17:21,8
1073,6,2012-01-02 18:45:20,8
1074,6,2011-11-17 22:49:37,9
1075,6,2012-09-05 16:54:11,8
1076,6,2012-05-15 20:31:15,9
1077,6,2010-09-09 18:18:11,8
1078,6,2011-02-09 23:12:01,8
1078,6,2011-02-09 23:12:02,6
1080,6,2010-06-30 23:54:13,8
1081,6,2011-11-23 01:37:07,9
1082,6,2011-09-19 21:03:33,8
1083,6,2012-02-29 01:56:41,8
1084,6,2012-05-30 15:20:16,8
1085,6,2010-10-05 15:34:59,8
1086,6,2012-07-30 17:52:47,8
1089,6,2011-03-30 18:26:55,8
1090,6,2012-05-30 22:02:45,8
1090,6,2012-05-30 22:02:45,6
1091,6,2011-12-02 22:30:54,9
1092,6,2012-07-12 21:58:17,1
1093,6,2012-01-14 01:34:53,1
1094,6,2012-06-18 22:50:52,8
1095,6,2011-09-28 23:28:35,1
1097,6,2010-05-03 23:25:42,2
1097,6,2010-05-06 21:36:31,8
1098,6,2011-07-21 23:51:24,8
1099,6,2010-06-28 19:08:00,8
1100,6,2010-11-05 23:11:21,8
1101,6,2012-08-10 22:50:38,8
1102,6,2012-08-07 18:53:38,8
1102,6,2012-08-07 18:53:39,6
1103,6,2012-07-27 16:54:16,8
1105,6,2011-10-20 16:14:31,8
1105,6,2011-10-20 16:14:31,6
1106,6,2012-07-18 20:24:11,8
1107,6,2011-10-14 21:22:09,8
1108,6,2011-03-01 20:29:13,8
1112,6,2012-09-06 22:38:27,9
1114,6,2011-06-22 21:02:19,8
1115,6,2012-02-29 01:40:58,8
1116,6,2012-08-28 23:03:21,8
1117,6,2011-11-02 17:13:25,8
1118,6,2011-09-15 23:06:12,8
1119,6,2011-05-31 23:00:20,8
1120,6,2012-01-05 19:20:52,8
1121,6,2010-05-12 17:52:03,8
1122,6,2012-07-31 18:24:45,8
1123,6,2010-11-16 20:32:57,8
1125,6,2012-05-18 22:22:22,8
1126,6,2012-01-13 17:28:55,1
1126,6,2012-01-13 17:28:56,6
1127,6,2012-01-18 23:14:02,8
1128,6,2012-04-16 17:54:56,8
1130,6,2010-02-10 01:07:18,8
1131,6,2012-03-28 17:08:00,8
1132,6,2012-01-19 00:15:37,8
1133,6,2012-01-18 22:50:24,8
1134,6,2012-07-17 20:52:35,8
1135,6,2012-07-13 21:19:37,4
1136,6,2012-06-15 14:56:23,1
1137,6,2012-06-18 22:46:46,8
1138,6,2012-01-17 20:49:33,8
1139,6,2011-12-14 01:57:49,8
1140,6,2011-02-09 20:37:34,8
1141,6,2010-09-20 17:04:28,8
1143,6,2012-07-25 16:28:00,8
1146,6,2011-04-04 18:16:27,8
1147,6,2011-01-14 17:52:06,8
1148,6,2010-12-14 20:05:33,8
1149,6,2011-10-25 17:50:54,8
1150,6,2010-10-11 23:25:54,8
1151,6,2010-06-30 00:18:05,8
1152,6,2010-10-06 16:59:12,8
1153,6,2012-02-01 02:04:22,9
1154,6,2012-05-21 16:22:00,8
1154,6,2012-05-21 16:22:01,6
1155,6,2010-09-30 21:01:10,8
1157,6,2011-09-28 15:56:30,8
1158,6,2011-07-21 21:33:58,8
1160,6,2011-04-14 23:03:02,8
1161,6,2012-07-20 18:07:28,8
1162,6,2011-01-31 22:34:41,8
1163,6,2012-07-24 15:39:01,1
1165,6,2010-09-15 15:52:02,8
1166,6,2010-10-26 15:50:24,8
1167,6,2011-03-14 18:31:18,8
1168,6,2011-07-19 15:57:22,8
1168,6,2011-07-19 15:57:23,6
1169,6,2012-07-31 21:37:16,1
1170,6,2011-02-02 01:37:01,8
1171,6,2011-12-13 20:22:43,8
1172,6,2012-04-02 17:05:06,9
1173,6,2010-07-12 16:37:51,2
1173,6,2010-07-15 18:19:02,8
1174,6,2011-05-18 23:55:18,8
1175,6,2012-01-16 20:20:57,8
1175,6,2012-01-16 20:45:15,8
1177,6,2011-12-13 23:00:43,8
1178,6,2011-04-05 16:09:39,8
1180,6,2010-08-11 00:07:04,8
1181,6,2012-02-13 20:42:19,8
1182,6,2011-03-18 17:21:06,8
1183,6,2010-07-09 16:38:59,8
1184,6,2010-05-27 00:14:20,8
1185,6,2012-08-10 15:42:42,8
1186,6,2011-10-21 16:27:54,8
1187,6,2012-07-24 22:39:54,8
1188,6,2012-05-10 17:19:59,8
1189,6,2011-04-14 16:43:14,8
1190,6,2012-01-02 21:00:55,8
1190,6,2012-01-02 21:00:56,6
1191,6,2010-02-26 18:09:32,8
1192,6,2012-03-29 15:37:55,8
1194,6,2011-01-12 23:40:13,8
1195,6,2012-02-07 19:01:30,8
1196,6,2010-02-16 01:22:30,8
1197,6,2011-12-23 00:48:16,9
1198,6,2012-03-08 00:59:42,1
1198,6,2012-03-08 00:59:43,6
1199,6,2012-02-22 19:17:46,8
1200,6,2011-06-14 00:17:20,8
1201,6,2012-05-15 21:59:20,8
1202,6,2010-09-09 15:56:27,8
1203,6,2011-10-03 18:39:13,8
1204,6,2010-07-30 16:08:57,8
1204,6,2010-08-05 18:53:57,8
1205,6,2011-06-13 17:23:20,8
1206,6,2011-03-05 02:00:05,8
1207,6,2011-05-24 17:31:18,9
1208,6,2012-02-11 02:05:32,8
1209,6,2011-04-19 18:48:39,8
1211,6,2010-06-04 21:05:47,8
1212,6,2011-05-20 15:56:24,8
1213,6,2011-01-21 18:45:18,8
1214,6,2011-03-15 18:29:40,8
1215,6,2012-02-08 22:35:19,8
1216,6,2012-06-07 23:07:55,8
1217,6,2012-01-30 17:29:07,8
1218,6,2010-08-27 20:56:35,8
1219,6,2012-02-02 20:01:41,8
1220,6,2010-10-21 21:59:06,8
1222,6,2011-10-06 15:34:32,8
1223,6,2010-01-27 01:06:29,8
1223,6,2010-02-08 20:54:13,8
1224,6,2010-11-05 20:34:32,8
1225,6,2011-08-11 15:32:57,1
1226,6,2011-10-28 21:47:35,1
1226,6,2011-10-28 21:47:35,6
1227,6,2011-03-30 18:25:39,8
1228,6,2011-03-08 23:37:31,8
1229,6,2012-01-25 17:31:08,8
1230,6,2012-09-05 22:49:30,8
1231,6,2010-10-26 22:32:05,8
1232,6,2010-10-20 22:16:43,8
1233,6,2012-06-26 23:10:47,8
1234,6,2011-07-29 17:35:08,9
1236,6,2012-02-29 00:51:07,9
1237,6,2010-09-29 16:33:08,8
1240,6,2011-01-18 23:10:14,8
1241,6,2011-05-17 21:58:46,8
1242,6,2010-09-03 21:20:38,8
1243,6,2011-05-10 23:22:45,8
1244,6,2012-01-09 20:34:14,8
1245,6,2010-03-23 17:27:39,8
1245,6,2010-04-07 16:18:56,2
1245,6,2010-04-13 16:16:05,8
1247,6,2010-08-02 20:25:14,8
1248,6,2012-01-19 01:54:54,9
1251,6,2012-07-25 23:49:27,9
1252,6,2011-04-05 21:06:00,8
1252,6,2011-04-05 21:06:00,6
1253,6,2010-05-21 16:04:28,8
1255,6,2011-11-25 20:38:45,9
1256,6,2012-05-08 23:06:50,9
1257,6,2010-02-23 22:18:28,8
1258,6,2010-09-21 15:54:28,8
1259,6,2011-12-22 23:23:53,1
1259,6,2011-12-22 23:23:54,6
1260,6,2011-10-13 20:20:46,8
1262,6,2012-07-16 15:41:30,8
1263,6,2011-03-08 20:19:50,8
1264,6,2011-05-19 15:34:41,8
1265,6,2011-02-11 23:00:49,8
1266,6,2010-07-29 21:21:29,8
1267,6,2012-05-28 22:55:04,8
1268,6,2011-11-23 19:45:05,1
1270,6,2011-04-06 18:06:22,8
1271,6,2012-06-19 17:46:13,1
1273,6,2010-11-11 23:59:53,8
1274,6,2012-06-07 17:22:49,8
1276,6,2011-01-18 00:40:13,8
1277,6,2010-04-07 16:13:24,8
1278,6,2010-10-13 16:55:08,8
1279,6,2010-09-21 15:13:28,8
1280,6,2010-09-09 20:08:56,8
1281,6,2012-06-28 16:01:26,8
1281,6,2012-06-28 16:01:27,6
1282,6,2010-07-29 16:22:33,8
1283,6,2010-05-25 17:00:37,8
1284,6,2010-05-28 17:28:19,8
1285,6,2011-01-31 19:54:51,8
1286,6,2011-03-15 00:08:30,8
1287,6,2012-05-14 23:58:40,8
1288,6,2011-04-28 18:35:57,8
1288,6,2011-05-03 17:18:46,8
1289,6,2010-11-26 23:22:49,8
1290,6,2012-08-09 21:22:59,8
1291,6,2011-03-03 01:06:58,8
1293,6,2012-02-14 22:24:02,8
1294,6,2011-09-20 23:19:21,8
1295,6,2012-04-13 15:59:58,8
1296,6,2011-11-25 22:58:41,8
1297,6,2011-02-03 22:45:35,8
1298,6,2010-12-24 01:13:58,8
1300,6,2011-01-27 20:23:25,8
1302,6,2011-03-18 18:53:49,8
1302,6,2011-03-28 16:06:13,8
1306,6,2011-04-22 16:21:01,8
1307,6,2010-12-20 19:28:10,8
1308,6,2010-12-23 00:18:08,8
1310,6,2011-01-10 17:28:52,8
1311,6,2012-01-24 18:27:58,8
1312,6,2011-06-20 15:52:36,8
1313,6,2012-09-19 16:10:34,8
1316,6,2012-05-16 15:48:57,8
1317,6,2012-07-18 15:24:34,1
1320,6,2012-05-07 18:20:51,8
1321,6,2012-05-11 16:51:18,9
1322,6,2010-06-22 00:34:13,8
1324,6,2011-04-26 17:22:16,8
1324,6,2011-05-04 16:47:04,8
1325,6,2012-01-12 23:25:42,1
1326,6,2011-10-28 21:16:38,8
1327,6,2012-09-13 22:58:00,9
1328,6,2010-02-24 19:29:49,8
1329,6,2012-03-02 23:50:16,8
1330,6,2012-08-13 17:26:32,1
1330,6,2012-08-13 17:26:32,6
1331,6,2011-12-14 18:09:36,8
1332,6,2012-09-20 21:22:50,8
1333,6,2010-06-09 19:48:04,8
1334,6,2012-02-22 22:53:23,9
1335,6,2011-11-04 00:53:26,8
1336,6,2012-02-09 20:44:03,8
1336,6,2012-02-09 20:44:04,6
1337,6,2011-10-11 22:12:58,8
1338,6,2012-10-01 16:22:48,1
1339,6,2011-07-13 15:32:18,9
1340,6,2010-07-27 21:41:28,8
1341,6,2011-07-13 22:02:33,8
1342,6,2011-08-03 16:37:40,1
1342,6,2011-08-03 16:37:41,6
1343,6,2012-05-31 21:18:43,9
1344,6,2012-07-17 20:46:20,8
1345,6,2011-05-18 16:37:33,2
1346,6,2012-01-03 01:28:35,9
1347,6,2010-11-17 20:25:24,8
1348,6,2011-02-11 00:55:20,8
1349,6,2012-01-20 18:09:17,9
1350,6,2012-05-25 15:42:41,9
1351,6,2010-07-01 17:20:34,8
1352,6,2010-02-18 23:17:42,8
1353,6,2010-10-08 18:13:59,8
1354,6,2012-04-20 18:42:17,9
1355,6,2012-01-28 00:27:23,8
1356,6,2012-08-10 22:02:50,8
1357,6,2010-09-20 22:52:54,8
1360,6,2010-12-17 22:38:37,8
1361,6,2011-05-04 21:44:28,8
1362,6,2011-11-10 17:57:19,8
1363,6,2012-07-24 21:50:16,8
1365,6,2012-02-27 18:28:28,8
1367,6,2010-05-04 21:20:37,8
1368,6,2012-03-02 19:36:18,1
1369,6,2011-08-26 22:17:15,9
1370,6,2012-06-18 20:22:15,8
1372,6,2011-07-12 01:01:35,8
1373,6,2010-04-14 23:14:04,8
1374,6,2012-01-11 20:46:16,9
1376,6,2010-05-04 21:59:35,8
1376,6,2010-05-25 23:48:33,8
1377,6,2011-11-28 20:51:19,8
1378,6,2011-10-07 23:45:38,8
1379,6,2011-08-05 23:53:45,8
1380,6,2011-08-19 17:38:04,9
1381,6,2011-01-31 23:11:42,8
1382,6,2010-10-25 23:08:26,8
1383,6,2010-11-02 22:01:13,8
1385,6,2010-04-29 16:54:28,8
1389,6,2011-12-28 17:47:54,8
1390,6,2011-06-03 21:19:46,8
1391,6,2011-02-11 01:02:15,8
1392,6,2011-11-09 17:04:39,8
1394,6,2010-04-02 18:32:27,8
1395,6,2011-03-02 17:52:51,8
1399,6,2010-02-19 18:28:36,8
1400,6,2010-02-02 18:57:29,8
1401,6,2012-04-06 22:45:11,9
1402,6,2010-06-14 22:41:55,8
1403,6,2011-01-29 00:04:00,8
1404,6,2011-02-11 01:41:46,8
1405,6,2012-03-26 16:32:37,8
1406,6,2011-12-15 23:38:18,8
1408,6,2011-10-04 21:59:07,8
1408,6,2011-10-04 21:59:17,6
1410,6,2010-09-17 18:50:33,8
1411,6,2011-03-22 22:44:15,8
1412,6,2012-05-21 23:18:19,8
1413,6,2011-05-30 15:46:18,8
1414,6,2011-01-27 18:04:52,8
1415,6,2012-06-25 17:25:22,8
1416,6,2012-07-16 18:48:44,8
1417,6,2012-08-20 17:10:45,8
1418,6,2012-03-01 19:51:04,8
1419,6,2011-12-05 20:28:03,9
1421,6,2010-12-27 23:15:41,8
1422,6,2011-01-18 20:19:28,8
1423,6,2012-05-10 15:35:43,9
1424,6,2011-02-07 20:39:34,8
1425,6,2010-09-22 20:46:52,8
1426,6,2010-09-03 16:56:04,8
1426,6,2010-09-03 16:58:38,8
1427,6,2012-05-14 23:09:07,8
1428,6,2010-09-24 22:04:12,8
1428,6,2010-09-24 22:04:12,6
1428,6,2010-09-28 17:16:36,6
1429,6,2011-10-10 21:20:39,9
1430,6,2011-08-11 21:07:44,8
1431,6,2011-02-09 00:50:57,8
1434,6,2011-02-18 23:36:49,8
1435,6,2011-07-19 18:17:05,1
1436,6,2011-05-05 22:15:42,8
1437,6,2012-04-11 15:26:38,8
1438,6,2010-07-30 15:46:28,8
1439,6,2012-03-23 20:11:09,8
1440,6,2010-11-11 20:49:12,8
1442,6,2011-11-25 19:28:26,8
1443,6,2012-01-19 20:42:05,1
1444,6,2012-01-17 23:49:02,8
1446,6,2010-06-24 18:33:16,8
1446,6,2010-08-06 21:10:30,8
1447,6,2012-06-15 22:49:10,8
1448,6,2012-03-30 22:07:19,9
1452,6,2011-04-12 18:41:04,8
1453,6,2011-10-17 23:16:10,8
1453,6,2011-10-17 23:16:10,6
1454,6,2010-10-29 21:39:35,8
1455,6,2011-05-26 18:08:06,8
1456,6,2011-04-20 23:58:03,8
1458,6,2011-09-21 23:56:08,1
1459,6,2012-05-24 19:20:17,8
1461,6,2010-10-22 21:13:54,8
1462,6,2012-07-06 22:59:10,9
1463,6,2011-09-15 20:22:27,8
1466,6,2012-08-03 16:24:51,8
1467,6,2012-05-03 22:37:24,8
1468,6,2010-03-05 22:45:01,8
1469,6,2010-04-26 23:52:28,8
1470,6,2011-04-21 23:55:24,8
1472,6,2010-04-16 23:55:53,8
1473,6,2011-12-17 01:05:44,1
1473,6,2011-12-17 01:05:44,6
1474,6,2010-11-17 19:31:31,8
1475,6,2012-04-30 20:08:52,8
1476,6,2011-04-20 16:40:30,8
1477,6,2011-12-21 20:13:41,8
1479,6,2011-03-31 00:04:15,8
1480,6,2011-10-10 17:45:29,8
1481,6,2011-10-06 15:58:40,8
1482,6,2011-12-15 18:19:48,8
1483,6,2012-05-24 16:27:18,8
1485,6,2010-02-17 19:05:17,8
1486,6,2012-01-19 00:35:35,8
1488,6,2012-04-18 22:41:41,8
1489,6,2012-05-30 22:07:57,8
1490,6,2011-08-09 20:43:14,8
1491,6,2010-09-07 16:15:12,8
1492,6,2011-07-04 19:05:25,8
1493,6,2012-03-19 17:47:06,8
1494,6,2010-09-02 00:05:28,8
1496,6,2011-06-28 21:39:55,8
1496,6,2011-06-29 15:26:40,8
1497,6,2012-07-18 22:59:06,1
1497,6,2012-07-18 22:59:06,6
1498,6,2010-10-25 18:15:20,8
1499,6,2010-05-27 15:30:29,8
1499,6,2010-06-04 20:14:22,8
1500,6,2012-09-10 23:35:07,1
1500,6,2012-09-10 23:35:07,6
1502,6,2011-06-24 18:22:03,8
1502,6,2011-06-24 23:27:11,8
1503,6,2012-03-26 21:57:44,8
1504,6,2011-02-03 23:41:13,8
1505,6,2012-07-30 16:06:49,8
1508,6,2012-03-16 22:58:02,8
1511,6,2011-02-23 01:21:07,8
1512,6,2011-02-16 23:41:24,8
1513,6,2011-01-19 01:21:17,8
1514,6,2011-04-09 00:08:18,8
1515,6,2010-11-30 18:33:58,8
1516,6,2011-07-25 15:08:25,9
1517,6,2011-10-07 18:29:53,8
1518,6,2010-07-28 18:26:18,8
1520,6,2012-03-13 23:17:40,8
1521,6,2012-06-12 18:50:48,8
1522,6,2011-10-14 15:38:51,8
1522,6,2011-10-14 15:48:18,6
1523,6,2010-07-09 17:06:26,8
1524,6,2011-03-03 00:02:31,8
1524,6,2011-03-03 00:02:31,6
1525,6,2011-09-15 23:04:53,1
1526,6,2012-05-30 20:59:27,9
1527,6,2010-03-18 20:42:36,8
1528,6,2010-07-02 18:13:08,8
1528,6,2010-07-05 14:57:48,2
1528,6,2010-07-05 15:12:29,2
1529,6,2011-07-27 18:33:26,8
1530,6,2011-07-08 20:26:33,8
1531,6,2012-02-07 00:30:10,8
1532,6,2010-09-16 15:19:54,8
1533,6,2011-02-10 19:26:00,8
1533,6,2011-02-18 23:00:23,8
1534,6,2010-01-26 18:50:55,8
1536,6,2012-05-30 18:44:50,8
1537,6,2012-05-07 21:49:07,9
1538,6,2011-01-05 00:06:22,8
1539,6,2011-06-21 22:17:20,8
1540,6,2011-07-05 16:23:41,8
1541,6,2011-07-01 17:59:29,8
1542,6,2010-09-22 23:24:06,8
1544,6,2011-12-07 17:52:27,1
1545,6,2011-04-15 18:38:22,8
1546,6,2011-08-23 19:02:25,9
1546,6,2011-09-02 16:44:54,8
1546,6,2011-09-02 16:44:55,6
1547,6,2011-02-18 20:31:27,8
1548,6,2012-06-22 22:06:24,8
1549,6,2010-09-20 15:37:22,8
1550,6,2012-05-17 23:55:56,1
1551,6,2010-10-26 18:32:35,8
1552,6,2012-06-25 22:19:32,8
1554,6,2010-12-28 00:15:11,8
1555,6,2012-05-23 16:35:16,8
1556,6,2011-07-08 16:22:29,8
1557,6,2010-09-06 16:51:51,8
1557,6,2010-09-06 21:52:08,8
1558,6,2011-12-28 23:35:20,8
1559,6,2012-04-20 21:26:14,8
1559,6,2012-04-20 21:26:15,6
1560,6,2011-08-24 21:33:51,8
1561,6,2010-05-03 15:08:01,8
1563,6,2012-01-16 22:58:46,8
1564,6,2012-04-12 15:33:40,8
1565,6,2011-03-03 20:08:15,8
1566,6,2012-07-26 22:41:08,8
1567,6,2010-11-23 20:34:29,8
1568,6,2011-08-02 18:21:54,8
1569,6,2012-04-03 22:15:19,8
1572,6,2010-07-28 21:36:12,8
1573,6,2011-11-25 20:19:08,1
1575,6,2011-05-27 22:23:07,8
1575,6,2011-06-06 16:05:07,8
1576,6,2010-07-27 18:19:47,8
1578,6,2011-07-07 23:53:57,8
1579,6,2010-10-29 22:23:49,8
1581,6,2010-10-01 16:33:04,8
1582,6,2010-09-28 21:07:51,8
1582,6,2010-09-28 21:07:51,6
1583,6,2011-02-22 00:00:50,8
1584,6,2011-02-02 19:57:04,8
1585,6,2010-05-28 20:33:49,8
1586,6,2011-11-09 01:51:00,8
1587,6,2012-08-27 16:59:38,9
1588,6,2012-02-21 19:40:26,8
1589,6,2010-05-20 16:42:23,8
1590,6,2011-02-08 00:01:39,8
1591,6,2012-05-15 17:50:17,8
1592,6,2012-06-26 18:30:23,9
1593,6,2010-09-21 16:51:40,8
1594,6,2010-04-13 22:33:17,8
1594,6,2010-04-13 22:34:09,2
1594,6,2010-04-13 22:34:46,2
1595,6,2010-12-27 17:26:37,8
1596,6,2012-03-19 22:26:56,8
1597,6,2010-09-15 19:17:05,8
1598,6,2012-01-26 23:29:11,8
1598,6,2012-01-26 23:29:12,6
1599,6,2012-02-10 19:20:55,8
1600,6,2011-10-24 23:24:27,8
1601,6,2012-04-06 00:03:45,8
1602,6,2012-03-27 17:59:27,8
1606,6,2011-07-29 20:41:19,9
1606,6,2011-08-11 18:25:52,9
1607,6,2011-09-07 21:59:36,8
1608,6,2011-11-23 23:11:15,8
1611,6,2011-06-22 20:54:10,8
1612,6,2011-04-14 23:31:17,8
1613,6,2010-12-10 22:22:10,8
1614,6,2011-03-11 18:26:15,8
1616,6,2011-05-02 23:36:46,8
1617,6,2010-09-01 23:17:50,8
1618,6,2010-10-19 23:02:31,8
1619,6,2012-04-17 22:17:35,1
1619,6,2012-04-17 22:17:35,6
1620,6,2012-02-10 17:17:49,9
1621,6,2010-02-01 17:30:33,8
1622,6,2010-12-11 01:37:15,8
1623,6,2011-11-22 18:16:03,8
1624,6,2011-06-07 00:04:48,8
1625,6,2010-12-02 19:37:02,8
1626,6,2012-02-23 22:21:16,8
1627,6,2011-11-07 19:16:59,8
1628,6,2011-11-24 20:44:44,8
1629,6,2011-06-23 20:24:05,8
1630,6,2012-08-21 23:57:01,8
1631,6,2011-01-12 20:16:36,8
1632,6,2012-03-22 23:31:13,8
1633,6,2011-01-25 20:12:27,8
1634,6,2012-03-23 23:27:14,8
1635,6,2011-04-05 23:24:05,8
1636,6,2011-01-14 19:14:47,8
1637,6,2011-10-21 17:08:24,1
1637,6,2011-10-21 17:08:25,6
1638,6,2011-04-26 17:17:44,8
1639,6,2011-09-27 23:27:29,8
1640,6,2010-11-29 17:10:36,8
1641,6,2011-01-26 18:06:29,8
1642,6,2012-03-30 21:59:03,9
1643,6,2011-08-26 22:37:31,9
1644,6,2011-09-29 16:25:53,8
1645,6,2011-12-21 20:48:10,1
1646,6,2012-01-03 18:15:43,8
1647,6,2011-09-02 23:24:11,8
1648,6,2011-04-30 00:54:49,8
1649,6,2012-05-09 22:29:37,8
1651,6,2011-05-17 22:13:12,9
1652,6,2010-03-16 02:26:37,8
1653,6,2012-01-18 00:46:20,8
1654,6,2010-06-09 15:17:55,8
1656,6,2011-09-27 15:52:20,1
1657,6,2010-08-24 16:31:09,8
1659,6,2011-07-07 22:51:57,8
1660,6,2012-06-12 21:43:04,8
1661,6,2011-09-20 20:09:39,8
1662,6,2010-10-29 20:52:30,8
1665,6,2012-03-08 23:59:13,8
1666,6,2011-11-17 00:13:41,9
1667,6,2011-04-22 16:27:46,8
1668,6,2011-04-13 21:19:28,8
1669,6,2011-11-07 19:33:29,8
1670,6,2010-07-27 22:46:18,8
1672,6,2011-05-11 17:42:05,8
1673,6,2012-04-12 17:55:11,8
1676,6,2010-08-11 18:14:58,8
1677,6,2011-10-14 22:13:40,8
1678,6,2011-12-03 00:50:42,8
1680,6,2012-03-28 16:27:37,9
1682,6,2012-09-21 15:52:00,8
1683,6,2012-05-03 17:54:03,8
1684,6,2010-07-29 22:42:54,8
1685,6,2011-08-29 15:27:52,9
1686,6,2011-12-14 18:12:03,1
1686,6,2011-12-14 18:12:04,6
1687,6,2012-02-24 23:57:50,8
1688,6,2011-03-18 17:12:29,8
1689,6,2012-05-11 20:54:11,9
1690,6,2012-07-04 15:12:08,9
1692,6,2011-04-26 17:36:59,8
1693,6,2011-06-30 17:04:37,8
1694,6,2010-09-14 22:31:18,8
1695,6,2010-09-30 16:28:09,8
1696,6,2012-07-03 18:50:15,8
1698,6,2012-06-12 17:01:36,8
1699,6,2011-12-14 18:09:15,8
1700,6,2011-08-31 18:12:18,8
1701,6,2010-03-06 02:05:32,8
1702,6,2011-12-02 22:30:57,9
1703,6,2010-02-10 01:14:25,8
1705,6,2010-11-10 17:37:45,8
1706,6,2010-11-17 20:25:14,8
1707,6,2011-02-11 18:08:55,8
1708,6,2012-07-04 17:42:58,8
1710,6,2011-11-28 18:39:36,8
1712,6,2011-09-23 15:02:25,8
1713,6,2010-05-04 21:12:24,8
1714,6,2010-04-28 17:24:46,8
1714,6,2010-05-14 23:26:54,8
1715,6,2011-10-04 20:42:42,1
1716,6,2012-01-27 18:48:44,9
1717,6,2012-01-16 22:58:55,1
1719,6,2012-02-02 01:19:39,8
1719,6,2012-02-02 01:19:40,6
1720,6,2010-07-27 15:16:38,8
1721,6,2011-02-10 23:11:33,8
1722,6,2012-07-31 17:01:52,8
1724,6,2011-03-23 20:13:06,8
1725,6,2012-01-23 20:15:57,1
1726,6,2011-11-23 18:43:53,9
1727,6,2011-03-09 18:17:20,8
1728,6,2010-09-03 16:47:36,8
1728,6,2010-09-08 22:12:40,8
1729,6,2011-07-15 18:20:24,8
1729,6,2011-08-05 15:17:52,8
1731,6,2011-10-26 18:16:02,8
1732,6,2012-03-29 23:59:29,8
1733,6,2010-11-05 19:24:31,8
1734,6,2011-02-10 23:07:15,8
1736,6,2011-02-19 02:47:27,8
1737,6,2012-07-13 21:46:09,9
1738,6,2011-08-22 16:43:24,1
1739,6,2012-07-06 18:20:52,8
1740,6,2011-02-14 19:42:35,8
1741,6,2012-06-14 21:41:39,8
1742,6,2012-04-19 17:47:16,8
1743,6,2012-02-08 18:40:28,1
1743,6,2012-02-08 18:40:28,6
1744,6,2011-03-02 22:24:27,8
1744,6,2011-03-10 23:11:02,8
1745,6,2011-12-16 02:04:19,8
1747,6,2011-11-09 01:32:12,8
1748,6,2011-07-26 20:08:25,8
1749,6,2010-09-20 21:05:54,8
1750,6,2012-06-06 21:12:49,9
1751,6,2012-07-18 20:44:16,8
1752,6,2012-02-15 23:25:54,8
1753,6,2012-03-24 01:11:58,8
1755,6,2010-07-06 17:20:37,9
1755,6,2010-07-26 18:34:44,8
1756,6,2011-07-26 20:44:11,8
1757,6,2010-05-19 16:27:59,8
1757,6,2010-06-09 22:02:17,2
1758,6,2010-12-22 19:40:09,8
1758,6,2011-01-14 18:25:47,8
1759,6,2010-09-20 20:45:16,8
1762,6,2012-03-23 01:03:47,8
1763,6,2011-06-17 16:27:42,8
1765,6,2011-01-19 17:04:45,8
1766,6,2010-05-21 16:20:04,8
1767,6,2011-03-02 00:42:02,8
1768,6,2010-01-25 22:23:52,8
1769,6,2012-01-25 23:19:23,8
1770,6,2010-04-30 21:18:02,2
1773,6,2012-01-19 22:21:00,8
1774,6,2010-06-21 18:46:55,8
1775,6,2011-07-15 17:10:15,8
1778,6,2012-02-15 00:07:45,1
1779,6,2010-11-25 18:09:04,8
1780,6,2012-07-16 15:32:02,9
1781,6,2011-12-19 19:50:02,9
1782,6,2010-07-27 16:46:39,8
1783,6,2010-07-21 16:40:52,8
1784,6,2012-03-20 23:44:20,8
1784,6,2012-03-20 23:44:21,6
1785,6,2011-12-15 18:21:28,8
1786,6,2010-10-25 15:55:52,8
1787,6,2012-08-23 22:30:26,9
1787,6,2012-08-23 22:30:29,6
1789,6,2010-04-23 15:26:48,8
1790,6,2011-11-07 22:47:26,8
1791,6,2012-08-27 23:32:19,8
1793,6,2011-07-26 21:32:51,1
1794,6,2010-08-05 20:57:50,8
1796,6,2011-11-02 19:56:00,8
1797,6,2012-06-20 22:04:49,8
1798,6,2010-03-17 00:09:50,2
1800,6,2012-04-10 23:27:52,8
1801,6,2012-07-31 23:15:04,8
1802,6,2012-02-28 01:27:15,8
1803,6,2012-04-19 15:21:30,9
1804,6,2011-04-20 23:08:23,8
1805,6,2010-12-28 22:08:04,8
1806,6,2010-04-16 20:59:17,8
1807,6,2010-05-17 23:42:42,8
1808,6,2012-06-01 18:23:06,8
1809,6,2010-07-14 21:00:08,8
1810,6,2012-07-26 23:27:12,9
1811,6,2011-12-21 01:19:43,8
1813,6,2012-10-22 18:49:41,9
1815,6,2012-08-09 16:04:18,8
1816,6,2011-06-28 21:56:03,8
1816,6,2011-07-04 23:12:47,8
1817,6,2012-08-02 17:47:41,8
1818,6,2011-10-20 15:42:40,8
1819,6,2011-06-08 21:30:46,8
1820,6,2011-03-15 22:40:57,8
1820,6,2011-03-22 18:04:41,8
1820,6,2011-04-04 16:08:02,8
1821,6,2010-06-03 16:52:19,8
1822,6,2011-11-08 00:00:23,8
1824,6,2012-01-10 17:51:08,1
1824,6,2012-01-10 17:51:08,6
1825,6,2012-03-28 16:24:35,9
1827,6,2011-07-04 23:16:02,8
1829,6,2012-06-04 22:40:41,8
1830,6,2010-11-23 19:30:41,8
1830,6,2010-11-24 01:05:42,8
1832,6,2010-11-19 22:03:32,8
1833,6,2011-07-15 17:41:09,8
1834,6,2011-03-01 17:17:33,8
1835,6,2012-05-23 22:47:24,8
1836,6,2011-12-19 23:09:13,8
1837,6,2011-07-06 16:14:20,8
1838,6,2011-05-02 23:23:41,8
1839,6,2011-11-10 00:56:18,9
1840,6,2011-10-18 18:59:56,8
1841,6,2011-06-01 15:56:16,8
1842,6,2012-02-29 01:14:35,8
1844,6,2012-07-26 18:00:53,9
1845,6,2011-05-05 20:34:13,8
1846,6,2011-03-11 20:43:06,8
1847,6,2012-05-15 23:01:40,8
1849,6,2010-09-22 17:58:32,8
1850,6,2010-06-14 17:10:19,8
1851,6,2010-06-02 00:14:39,8
1851,6,2010-06-02 00:14:40,6
1852,6,2012-03-02 23:48:07,8
1853,6,2010-06-07 18:32:29,8
1854,6,2012-08-02 17:27:23,9
1855,6,2011-10-17 15:30:02,8
1856,6,2012-06-25 16:12:03,9
1857,6,2012-02-29 19:17:51,8
1859,6,2010-08-05 17:22:37,8
1861,6,2011-03-28 17:48:34,8
1862,6,2011-07-12 16:26:27,8
1863,6,2010-10-26 16:27:22,8
1864,6,2010-10-06 15:39:10,8
1865,6,2011-05-05 23:26:22,8
1866,6,2011-01-25 22:34:09,8
1866,6,2011-02-21 23:21:10,8
1867,6,2011-05-23 20:40:14,8
1867,6,2011-05-30 15:36:14,8
1867,6,2011-06-06 21:31:21,8
1870,6,2012-02-09 02:00:48,8
1871,6,2012-05-10 21:52:34,8
1872,6,2010-06-14 17:07:21,8
1873,6,2012-05-18 21:34:49,8
1873,6,2012-05-18 21:34:50,6
1875,6,2012-03-12 22:31:31,9
1876,6,2012-03-19 23:15:08,8
1876,6,2012-03-19 23:15:08,6
1877,6,2011-05-02 20:05:44,8
1878,6,2012-03-24 00:41:34,8
1879,6,2010-09-06 16:18:33,8
1880,6,2012-08-03 18:43:46,8
1881,6,2010-07-13 23:06:33,8
1883,6,2011-02-15 19:25:46,8
1885,6,2012-07-06 18:16:01,9
1886,6,2012-07-11 17:03:34,8
1887,6,2012-09-17 15:38:19,8
1888,6,2011-11-09 22:33:50,8
1889,6,2010-12-30 01:57:51,8
1890,6,2012-02-22 02:07:56,8
1891,6,2010-12-20 20:49:25,8
1893,6,2011-11-16 23:43:45,1
1895,6,2011-07-12 17:37:59,8
1896,6,2011-02-11 17:23:15,8
1897,6,2011-02-17 23:18:05,8
1897,6,2011-03-01 23:25:32,8
1898,6,2012-05-17 23:26:43,9
1899,6,2010-10-26 21:25:21,8
1902,6,2012-05-30 17:18:32,8
1904,6,2010-05-20 15:59:08,8
1905,6,2011-10-12 23:21:54,8
1906,6,2010-11-11 01:25:51,8
1907,6,2010-03-05 02:14:36,8
1907,6,2010-03-27 02:42:37,8
1908,6,2012-05-09 15:22:26,9
1909,6,2011-12-01 00:51:27,8
1910,6,2012-01-10 17:56:46,8
1911,6,2011-06-01 20:35:43,8
1912,6,2012-04-12 20:25:01,9
1913,6,2011-09-30 22:50:28,8
1914,6,2012-02-23 20:10:58,8
1917,6,2011-08-05 17:46:52,1
1919,6,2010-10-12 18:53:02,8
1920,6,2012-07-06 15:03:00,8
1921,6,2011-10-06 17:11:40,8
1922,6,2012-08-20 17:49:46,8
1923,6,2010-07-14 00:33:25,8
1925,6,2010-08-23 21:46:51,8
1926,6,2011-03-31 18:16:41,8
1927,6,2011-11-04 23:14:59,8
1928,6,2010-09-07 23:32:33,8
1929,6,2010-11-17 20:52:42,8
1930,6,2010-07-14 21:10:33,8
1931,6,2012-01-18 22:46:38,8
1931,6,2012-01-18 22:46:38,6
1932,6,2011-06-28 17:40:33,8
1933,6,2011-05-02 21:32:09,8
1934,6,2011-07-11 15:47:33,8
1935,6,2011-02-11 23:13:27,8
1935,6,2011-02-14 17:36:19,8
1936,6,2011-07-05 17:47:25,8
1937,6,2011-06-10 15:35:25,8
1938,6,2012-03-06 18:51:05,8
1939,6,2011-09-09 22:23:44,8
1940,6,2011-05-04 20:53:50,8
1941,6,2010-01-21 19:08:05,8
1942,6,2011-02-15 20:15:27,8
1943,6,2011-05-09 23:44:14,8
1943,6,2011-05-26 17:27:22,8
1944,6,2012-03-29 14:58:17,9
1945,6,2011-07-28 20:59:07,8
1946,6,2012-09-25 23:24:43,8
1947,6,2010-11-27 02:03:14,8
1948,6,2011-02-04 17:21:46,8
1949,6,2011-12-30 20:23:29,1
1949,6,2011-12-30 20:23:30,6
1950,6,2012-06-04 15:52:57,8
1951,6,2011-04-27 16:13:58,8
1952,6,2011-11-21 23:28:57,8
1953,6,2010-08-25 00:00:50,8
1954,6,2011-01-21 23:18:26,8
1955,6,2012-05-15 23:03:23,8
1956,6,2011-09-06 17:14:43,8
1957,6,2011-11-29 01:13:37,9
1958,6,2011-10-17 16:39:23,8
1959,6,2010-04-28 16:51:59,8
1960,6,2012-05-15 15:56:35,9
1962,6,2012-07-19 15:13:07,8
1963,6,2012-02-08 18:04:05,8
1964,6,2010-12-07 17:49:44,8
1964,6,2010-12-08 00:04:09,8
1965,6,2012-01-19 00:01:51,8
1966,6,2011-10-17 20:45:04,8
1967,6,2012-01-30 21:03:12,8
1967,6,2012-01-30 21:03:12,6
1968,6,2012-08-10 15:35:59,8
1969,6,2011-03-23 23:40:45,8
1970,6,2011-09-13 01:24:09,8
1971,6,2011-03-01 18:19:15,8
1972,6,2012-07-10 21:38:40,8
1973,6,2010-06-16 17:04:09,8
1974,6,2012-05-30 16:15:17,8
1976,6,2010-11-26 20:42:42,8
1977,6,2012-06-11 20:37:23,8
1979,6,2012-05-31 16:49:44,9
1981,6,2010-05-05 00:10:42,8
1982,6,2012-05-15 17:31:12,8
1983,6,2011-11-18 17:52:26,8
1984,6,2011-12-16 20:33:29,1
1985,6,2010-04-23 15:37:39,8
1986,6,2011-02-28 18:39:53,8
1988,6,2012-06-18 19:03:47,8
1989,6,2010-09-10 23:18:46,8
1990,6,2012-03-08 19:52:40,8
1991,6,2011-06-13 20:40:22,8
1992,6,2012-05-24 15:54:25,8
1993,6,2012-03-21 20:25:01,8
1994,6,2012-07-10 17:28:23,1
1995,6,2012-05-08 20:53:56,9
1996,6,2010-11-23 23:47:56,8
1997,6,2011-04-01 16:03:16,8
1998,6,2012-06-14 21:38:19,9
1999,6,2012-06-29 16:15:59,8
1999,6,2012-06-29 16:16:00,6
2000,6,2011-11-28 23:55:09,1
2001,6,2010-05-06 00:51:55,8
2002,6,2012-05-31 16:32:41,8
2003,6,2011-05-23 16:10:34,8
2003,6,2011-06-03 20:54:40,8
2004,6,2010-03-12 17:23:33,8
2004,6,2010-03-12 17:23:59,6
2005,6,2010-05-03 22:52:38,8
2006,6,2010-02-25 01:03:51,8
2008,6,2011-11-04 19:58:05,8
2009,6,2011-09-22 23:33:55,8
2010,6,2011-07-05 16:04:29,8
2010,6,2011-07-22 22:09:54,9
2011,6,2010-10-12 17:12:40,8
2012,6,2012-07-26 22:54:55,8
2014,6,2012-06-29 18:27:33,9
2015,6,2011-05-18 17:02:34,8
2016,6,2010-11-25 17:11:25,8
2017,6,2011-09-29 18:12:55,8
2018,6,2011-06-14 18:43:48,8
2019,6,2011-05-16 17:42:31,8
2020,6,2010-04-26 17:28:39,8
2023,6,2012-01-21 02:01:24,1
2023,6,2012-01-21 02:01:24,6
2024,6,2012-06-29 20:50:36,9
2025,6,2012-01-16 22:11:51,8
2025,6,2012-01-16 22:11:51,6
2026,6,2012-01-16 22:09:31,8
2027,6,2012-02-14 20:20:11,9
2028,6,2010-11-20 01:36:26,8
2029,6,2012-08-27 21:56:14,8
2030,6,2012-03-23 19:04:16,8
2031,6,2011-10-06 16:25:52,8
2032,6,2012-03-29 15:51:40,8
2033,6,2010-04-26 21:13:59,8
2034,6,2012-01-25 19:52:04,8
2036,6,2012-01-11 01:04:36,9
2038,6,2011-02-25 00:03:02,8
2039,6,2012-04-06 20:13:29,8
2040,6,2011-08-31 18:55:45,9
2041,6,2011-07-15 21:53:31,9
2042,6,2010-09-14 17:10:33,8
2043,6,2012-01-13 20:26:01,8
2044,6,2012-02-21 01:56:51,1
2045,6,2010-10-27 21:46:55,8
2046,6,2012-01-06 00:51:50,8
2047,6,2012-04-24 22:05:35,8
2048,6,2011-02-23 23:03:40,8
2049,6,2012-01-06 00:55:08,1
2051,6,2010-07-26 18:01:34,8
2052,6,2011-10-13 17:17:05,8
2053,6,2010-07-14 23:05:26,8
2054,6,2011-03-08 00:14:20,8
2054,6,2011-03-15 20:21:09,8
2055,6,2011-10-04 21:36:49,8
2056,6,2011-07-20 17:23:43,8
2057,6,2010-07-12 18:35:30,8
2058,6,2010-07-21 20:47:24,8
2060,6,2012-02-17 18:36:22,8
2061,6,2012-07-17 16:52:44,8
2063,6,2012-01-17 21:01:08,8
2064,6,2011-09-22 21:59:52,8
2065,6,2011-05-30 15:50:32,8
2066,6,2012-07-04 15:13:24,1
2067,6,2010-08-30 21:40:01,8
2069,6,2011-05-09 23:37:40,8
2070,6,2012-04-05 22:51:58,9
2071,6,2011-12-22 20:12:07,9
2072,6,2010-03-24 00:27:29,8
2073,6,2012-05-29 18:20:33,9
2074,6,2012-08-02 21:03:26,8
2075,6,2011-04-28 16:46:34,8
2076,6,2011-10-07 18:40:00,8
2077,6,2011-03-02 20:42:39,8
2078,6,2012-07-23 18:11:25,8
2079,6,2012-01-06 00:09:49,9
2080,6,2012-08-30 20:03:44,8
2082,6,2011-05-11 15:55:56,8
2082,6,2011-05-30 16:41:12,8
2084,6,2012-06-11 21:21:43,8
2085,6,2012-04-11 00:00:15,8
2085,6,2012-04-11 00:00:16,6
2086,6,2010-09-13 21:44:30,8
2087,6,2012-01-16 23:49:26,9
2088,6,2010-03-17 00:08:40,2
2089,6,2011-02-08 19:21:27,8
2090,6,2012-03-05 18:18:46,9
2091,6,2011-08-22 16:36:12,9
2094,6,2011-02-21 18:46:36,8
2095,6,2012-07-10 15:21:39,8
2096,6,2012-08-09 18:48:24,8
2097,6,2012-09-21 18:36:12,8
2098,6,2011-12-02 17:15:58,9
2099,6,2011-09-09 17:29:29,8
2100,6,2012-02-29 19:41:46,8
2101,6,2010-11-04 19:44:24,8
2102,6,2010-10-04 20:07:41,8
2106,6,2010-03-26 22:50:27,8
2107,6,2010-09-17 22:23:34,8
2109,6,2011-10-18 17:03:59,1
2109,6,2011-10-18 17:04:00,6
2110,6,2011-06-22 18:55:35,8
2111,6,2011-10-18 22:44:38,8
2113,6,2011-12-06 20:29:15,8
2113,6,2011-12-06 20:29:15,6
2114,6,2010-06-21 16:17:23,2
2115,6,2011-02-04 19:49:44,8
2116,6,2012-01-11 23:10:33,8
2118,6,2010-02-17 18:44:53,8
2119,6,2010-05-19 22:20:19,8
2120,6,2011-10-21 17:52:09,8
2122,6,2011-05-09 15:52:53,8
2124,6,2012-07-25 17:44:03,1
2127,6,2011-09-20 18:06:47,8
2128,6,2012-06-01 17:39:54,8
2128,6,2012-06-01 17:39:54,6
2129,6,2011-12-02 22:32:27,9
2130,6,2012-01-24 01:08:37,8
2131,6,2010-02-20 02:03:53,8
2132,6,2011-12-08 00:06:27,8
2133,6,2011-10-07 21:57:43,8
2135,6,2011-11-08 01:15:10,9
2136,6,2010-06-04 21:07:49,8
2137,6,2011-02-14 23:29:01,8
2138,6,2010-05-05 00:36:10,8
2139,6,2012-07-26 17:51:10,9
2140,6,2012-02-06 17:57:43,8
2144,6,2011-01-19 02:09:14,8
2145,6,2011-02-14 17:21:52,8
2146,6,2011-06-07 15:59:04,8
2147,6,2011-06-29 15:29:49,8
2148,6,2012-01-24 01:42:37,8
2148,6,2012-01-24 01:42:38,6
2149,6,2011-03-07 22:33:16,8
2149,6,2011-03-08 00:57:38,8
2150,6,2012-03-01 20:33:30,8
2151,6,2011-06-29 17:52:10,8
2153,6,2010-07-26 20:58:21,8
2154,6,2011-09-26 16:02:43,1
2154,6,2011-09-26 16:02:43,6
2155,6,2010-09-22 18:31:27,8
2158,6,2011-12-12 22:16:12,8
2159,6,2010-09-09 19:58:44,8
2160,6,2012-06-14 21:25:26,8
2161,6,2011-06-27 17:23:39,8
2162,6,2011-04-20 16:29:53,8
2164,6,2012-01-25 23:44:46,8
2165,6,2010-10-06 16:31:22,8
2166,6,2011-09-09 21:00:29,8
2167,6,2012-08-28 21:08:20,8
2169,6,2010-09-16 00:33:31,8
2170,6,2012-01-09 20:15:45,9
2171,6,2012-07-11 20:45:29,8
2173,6,2010-05-18 23:45:39,8
2174,6,2012-05-11 19:01:40,8
2175,6,2010-07-30 16:03:02,8
2178,6,2011-10-05 22:49:14,1
2179,6,2011-10-11 23:34:50,8
2180,6,2011-12-02 20:29:09,8
2181,6,2010-09-20 17:35:27,8
2182,6,2011-04-22 16:43:11,8
2184,6,2011-01-22 00:46:34,8
2184,6,2011-02-01 19:51:01,8
2185,6,2011-04-14 18:12:55,8
2186,6,2010-11-24 01:30:55,8
2187,6,2012-08-16 15:11:12,8
2188,6,2012-06-21 16:20:41,8
2189,6,2011-05-04 21:25:42,8
2190,6,2011-06-14 18:26:02,8
2192,6,2011-12-16 22:21:01,8
2193,6,2012-05-22 23:43:46,8
2194,6,2012-06-29 21:10:20,1
2195,6,2011-11-02 20:18:16,8
2196,6,2011-01-24 20:53:42,8
2198,6,2011-09-30 15:06:25,8
2199,6,2010-03-30 22:25:57,8
2200,6,2012-01-16 23:23:48,8
2202,6,2012-04-27 16:13:12,8
2204,6,2011-07-04 18:13:11,8
2205,6,2010-07-14 23:58:35,8
2206,6,2010-06-04 15:47:09,8
2207,6,2011-03-03 01:16:13,8
2208,6,2010-06-14 23:27:19,8
2209,6,2011-04-15 16:00:08,8
2212,6,2011-08-02 16:19:29,1
2213,6,2011-03-11 19:03:53,8
2214,6,2012-07-23 16:33:14,8
2216,6,2011-12-15 00:51:20,9
2217,6,2011-04-26 20:57:25,9
2218,6,2011-04-20 20:57:36,8
2220,6,2012-08-09 23:56:01,8
2221,6,2010-10-07 21:26:15,8
2221,6,2010-11-06 02:04:40,8
2222,6,2010-09-17 16:17:15,8
2223,6,2010-11-25 19:12:17,8
2224,6,2012-02-13 23:10:02,8
2225,6,2012-06-21 00:00:19,8
2226,6,2012-04-05 18:48:18,8
2227,6,2012-08-13 20:39:08,1
2227,6,2012-08-13 23:58:53,6
2230,6,2011-12-14 23:18:03,8
2231,6,2011-05-30 15:33:27,8
2231,6,2011-05-30 17:08:44,8
2233,6,2010-11-05 20:21:38,8
2234,6,2012-01-02 18:28:53,8
2235,6,2010-10-25 18:46:47,8
2237,6,2012-07-30 16:26:45,1
2237,6,2012-07-30 16:26:46,6
2238,6,2011-08-03 16:39:07,1
2238,6,2011-08-03 16:39:07,6
2240,6,2012-07-04 15:37:43,8
2241,6,2012-07-10 23:38:20,9
2242,6,2012-04-27 22:29:08,8
2243,6,2010-12-10 19:04:28,8
2244,6,2012-04-19 15:23:32,9
2246,6,2011-09-09 20:28:45,8
2247,6,2012-02-08 22:15:32,8
2248,6,2011-12-28 18:24:38,8
2248,6,2011-12-28 18:24:38,6
2249,6,2010-04-30 19:26:43,8
2249,6,2010-05-03 19:13:22,8
2250,6,2012-08-27 16:37:11,9
2251,6,2011-10-07 18:36:38,8
2252,6,2012-01-23 22:43:10,8
2254,6,2010-09-22 23:25:38,8
2255,6,2012-01-31 22:39:20,8
2256,6,2012-08-08 16:14:40,1
2257,6,2011-12-06 01:35:16,8
2258,6,2012-06-21 16:05:21,8
2259,6,2012-07-25 23:15:05,8
2260,6,2011-09-28 22:09:56,8
2261,6,2012-01-28 00:35:33,8
2262,6,2012-01-19 20:30:10,8
2263,6,2011-03-23 01:44:31,8
2264,6,2011-10-06 15:59:21,8
2265,6,2011-04-18 19:07:29,8
2266,6,2010-04-08 22:28:00,8
2269,6,2011-04-13 18:04:03,8
2270,6,2011-10-10 22:07:47,1
2271,6,2010-08-27 15:00:47,8
2272,6,2010-05-31 18:53:30,8
2273,6,2012-05-14 22:35:37,8
2274,6,2011-01-20 20:14:11,8
2275,6,2011-03-14 22:41:28,8
2276,6,2012-06-13 20:16:22,1
2277,6,2012-02-13 19:23:54,8
2278,6,2011-09-28 23:28:18,1
2280,6,2010-10-01 20:48:50,8
2281,6,2011-06-29 18:27:32,8
2282,6,2010-04-23 15:36:36,8
2283,6,2010-10-27 18:02:08,8
2284,6,2011-04-15 18:48:10,8
2286,6,2012-01-19 00:29:09,8
2287,6,2011-05-23 16:24:29,9
2288,6,2010-06-03 22:53:55,8
2289,6,2011-01-20 19:46:32,8
2291,6,2011-01-14 20:27:11,8
2292,6,2010-05-06 01:05:34,8
2293,6,2012-06-12 23:17:43,8
2293,6,2012-06-12 23:17:44,6
2294,6,2011-07-21 15:06:02,9
2295,6,2011-03-11 19:35:24,8
2296,6,2012-08-07 18:06:48,8
2297,6,2010-03-24 00:36:12,8
2298,6,2010-07-19 22:22:55,8
2299,6,2010-08-05 20:40:44,8
2301,6,2010-05-12 18:30:50,8
2301,6,2010-06-14 18:46:40,8
2303,6,2012-02-09 02:02:55,8
2304,6,2011-12-19 17:22:52,9
2305,6,2011-03-31 23:50:54,8
2306,6,2011-11-07 23:11:23,9
2307,6,2010-08-10 21:36:24,8
2309,6,2010-07-20 23:49:34,8
2310,6,2010-12-21 17:21:08,8
2311,6,2011-02-22 20:47:55,8
2312,6,2011-03-29 18:09:33,8
2313,6,2012-06-14 20:49:44,8
2314,6,2011-01-04 19:46:28,8
2316,6,2011-07-06 18:55:57,8
2317,6,2012-02-27 19:58:50,8
2318,6,2012-07-03 22:03:04,9
2319,6,2010-10-27 21:17:41,8
2320,6,2010-05-13 17:09:42,8
2321,6,2010-03-15 18:05:02,8
2323,6,2012-02-07 01:42:18,8
2324,6,2011-10-07 17:48:29,8
2325,6,2010-04-26 18:32:28,8
2326,6,2012-04-19 15:46:35,9
2327,6,2011-10-12 16:29:47,8
2329,6,2010-05-13 20:39:43,8
2331,6,2011-01-11 17:14:17,8
2332,6,2011-04-15 15:55:46,8
2333,6,2011-06-17 20:33:02,8
2334,6,2011-10-06 16:15:56,8
2336,6,2010-10-06 16:01:47,2
2337,6,2011-02-04 20:48:48,8
2338,6,2010-07-08 23:22:00,8
2338,6,2010-08-02 16:48:58,8
2339,6,2010-09-01 18:57:10,8
2340,6,2010-05-17 23:09:47,8
2341,6,2011-07-07 17:19:00,8
2342,6,2012-08-27 16:26:50,9
2343,6,2011-08-01 16:07:08,8
2344,6,2012-03-06 00:33:16,8
2345,6,2011-08-18 16:44:10,9
2347,6,2012-07-26 20:36:50,1
2349,6,2010-07-26 20:41:00,8
2349,6,2010-07-28 00:19:22,8
2350,6,2012-02-08 00:28:54,8
2350,6,2012-02-20 19:40:00,8
2351,6,2011-07-25 23:44:40,1
2352,6,2011-04-18 18:59:38,8
2353,6,2011-10-25 16:58:01,8
2354,6,2011-02-21 23:55:59,8
2355,6,2011-02-16 19:30:36,8
2357,6,2012-03-15 01:36:06,1
2358,6,2012-03-09 23:49:40,8
2359,6,2010-09-07 20:52:29,8
2360,6,2011-07-14 18:17:03,8
2361,6,2011-03-10 18:53:24,8
2363,6,2011-11-18 22:55:04,8
2364,6,2011-06-15 21:30:15,8
2365,6,2012-02-29 20:15:00,8
2366,6,2012-06-20 16:33:55,9
2367,6,2012-09-17 15:35:57,8
2369,6,2010-03-12 18:50:25,8
2370,6,2010-07-26 20:35:29,8
2371,6,2011-11-10 19:28:34,8
2372,6,2011-11-30 20:44:13,8
2373,6,2011-02-16 01:41:26,8
2374,6,2012-07-30 23:00:24,8
2376,6,2011-05-20 15:09:17,8
2377,6,2010-04-09 21:44:01,8
2378,6,2011-11-02 17:25:55,8
2379,6,2011-04-15 20:57:42,8
2380,6,2012-10-09 17:32:21,8
2382,6,2012-03-06 19:38:40,2
2383,6,2010-03-12 18:14:41,8
2384,6,2011-02-23 21:02:02,8
2384,6,2011-02-24 22:12:17,8
2384,6,2011-03-18 23:46:26,8
2385,6,2011-01-20 20:21:12,8
2386,6,2012-08-01 15:17:22,8
2387,6,2010-03-05 19:14:58,8
2387,6,2010-03-08 21:10:08,6
2387,6,2010-03-08 21:10:23,6
2388,6,2012-08-20 23:32:53,8
2389,6,2010-06-23 22:35:10,8
2390,6,2012-08-27 20:20:21,8
2392,6,2011-01-12 00:10:27,8
2393,6,2011-02-02 23:34:35,8
2394,6,2012-02-11 02:17:38,8
2395,6,2010-03-22 23:33:58,8
2396,6,2011-08-24 23:56:26,8
2397,6,2012-02-20 20:45:35,8
2400,6,2011-12-14 20:20:59,9
2401,6,2011-08-04 00:03:15,8
2402,6,2011-06-25 00:06:50,8
2403,6,2012-09-21 20:17:57,8
2404,6,2011-11-03 22:57:12,8
2405,6,2010-09-22 21:56:53,8
2406,6,2011-09-19 22:00:25,1
2407,6,2011-08-05 21:35:14,9
2407,6,2011-08-26 22:20:33,9
2408,6,2010-11-11 00:03:48,8
2409,6,2012-03-20 00:53:17,1
2409,6,2012-03-20 00:53:18,6
2410,6,2010-03-30 21:46:08,8
2411,6,2010-06-10 23:15:57,8
2411,6,2010-06-14 21:02:46,8
2412,6,2010-05-17 20:51:09,8
2413,6,2010-12-02 01:50:11,8
2414,6,2011-02-11 18:12:07,8
2415,6,2012-08-08 22:01:28,8
2416,6,2012-03-27 15:44:37,8
2418,6,2010-06-14 22:32:38,8
2419,6,2012-07-13 21:49:49,9
2420,6,2011-10-11 18:35:44,8
2421,6,2012-04-11 20:47:32,8
2422,6,2010-11-25 02:06:03,8
2423,6,2010-06-07 17:37:38,8
2424,6,2011-02-18 19:14:54,7
2425,6,2011-03-05 01:58:37,8
2425,6,2011-03-28 22:27:54,8
2426,6,2011-12-22 22:36:37,9
2427,6,2011-10-07 17:05:58,8
2428,6,2010-07-08 17:56:12,8
2429,6,2012-02-16 18:27:08,9
2429,6,2012-02-16 18:27:16,6
2430,6,2011-09-30 16:00:18,8
2431,6,2012-08-16 16:22:53,8
2433,6,2011-11-16 20:24:12,1
2434,6,2011-10-14 23:46:18,8
2435,6,2011-01-21 17:29:04,8
2437,6,2010-12-06 17:35:51,8
2438,6,2010-03-16 20:39:45,8
2439,6,2010-08-03 23:09:38,8
2440,6,2012-08-03 15:26:18,8
2441,6,2010-02-16 00:57:38,8
2442,6,2011-07-05 20:31:26,8
2443,6,2010-09-06 18:06:01,8
2444,6,2010-10-20 22:13:25,8
2445,6,2010-09-22 18:13:42,8
2446,6,2010-09-14 22:34:52,8
2449,6,2012-01-17 00:02:54,8
2450,6,2011-07-20 15:28:21,8
2453,6,2010-05-03 17:43:00,8
2454,6,2012-05-25 15:35:07,9
2455,6,2012-09-21 18:55:27,9
2456,6,2011-10-14 17:47:40,8
2457,6,2010-08-10 20:55:19,8
2459,6,2011-03-14 23:35:30,8
2460,6,2010-06-09 21:17:45,8
2461,6,2012-01-31 17:52:07,8
2462,6,2012-06-14 18:36:38,8
2462,6,2012-06-14 18:36:38,6
2463,6,2011-08-10 23:16:14,8
2463,6,2011-08-31 20:21:59,9
2464,6,2010-08-03 18:38:25,8
2467,6,2010-06-09 18:35:26,8
2468,6,2011-03-09 19:03:52,8
2469,6,2011-11-10 20:26:36,8
2470,6,2011-05-27 17:31:12,8
2471,6,2011-05-16 16:43:22,8
2472,6,2012-03-06 00:30:54,8
2474,6,2012-08-03 22:23:04,8
2475,6,2010-09-09 16:20:06,2
2477,6,2012-01-18 20:32:18,8
2478,6,2011-11-29 23:50:43,8
2479,6,2012-06-25 17:36:27,1
2480,6,2011-02-24 22:58:30,8
2482,6,2012-03-21 19:31:49,8
2483,6,2010-10-29 22:24:43,8
2483,6,2010-11-10 18:24:51,8
2484,6,2012-07-18 22:00:13,8
2485,6,2012-01-26 18:41:03,8
2486,6,2010-08-05 15:03:15,8
2486,6,2010-08-10 20:19:40,8
2487,6,2012-06-18 22:47:10,8
2488,6,2011-02-21 18:07:25,8
2489,6,2012-07-23 20:41:55,8
2491,6,2012-07-31 21:02:58,8
2493,6,2012-07-30 22:07:17,8
2494,6,2011-11-23 19:33:02,8
2495,6,2011-06-06 22:03:47,8
2496,6,2011-11-11 20:47:31,8
2497,6,2012-07-19 15:14:42,8
2500,6,2010-10-14 19:55:00,8
2501,6,2010-07-15 20:45:26,8
2502,6,2010-03-17 20:10:57,8
2503,6,2011-01-04 01:49:57,8
2504,6,2012-10-12 18:16:27,9
2505,6,2011-03-25 17:32:17,8
2506,6,2011-07-26 22:37:24,9
2507,6,2010-05-18 19:12:43,8
2509,6,2011-11-04 01:06:53,1
2510,6,2011-08-10 18:06:08,8
2511,6,2012-05-31 21:11:52,8
2513,6,2010-10-25 21:05:22,8
2515,6,2011-12-28 00:28:22,8
2516,6,2012-01-26 00:44:25,8
2517,6,2011-10-26 16:12:28,8
2517,6,2011-10-26 16:12:28,6
2518,6,2012-02-15 00:08:50,9
2519,6,2011-02-22 23:47:47,8
2520,6,2010-11-08 23:13:09,8
2521,6,2012-05-31 16:04:43,8
2523,6,2011-10-11 23:23:56,1
2524,6,2010-12-14 01:12:08,8
2525,6,2011-12-28 17:02:40,1
2526,6,2011-10-06 16:17:23,9
2527,6,2011-01-29 01:45:43,8
2528,6,2012-01-16 20:35:37,8
2529,6,2010-12-06 17:00:53,8
2531,6,2011-11-04 20:21:19,8
2532,6,2012-08-02 16:37:07,8
2533,6,2012-05-15 16:02:23,8
2534,6,2012-08-06 16:50:30,8
2535,6,2012-02-14 19:29:54,8
2536,6,2012-05-24 01:04:10,8
2537,6,2011-02-14 23:01:29,8
2538,6,2012-02-15 18:34:06,9
2539,6,2012-08-06 18:59:52,8
2540,6,2010-11-08 20:52:43,8
2542,6,2012-01-21 00:39:29,8
2543,6,2010-12-28 17:51:11,8
2544,6,2010-06-11 18:55:44,8
2545,6,2011-09-13 15:27:11,8
2546,6,2012-02-28 22:58:56,8
2547,6,2010-11-09 00:40:50,8
2548,6,2010-11-11 20:13:31,8
2549,6,2012-07-26 20:27:46,8
2551,6,2012-03-30 21:59:59,8
2552,6,2012-01-02 18:20:51,8
2553,6,2011-06-27 21:24:35,8
2554,6,2012-02-06 23:53:02,8
2556,6,2012-02-01 22:22:24,8
2557,6,2011-05-09 21:16:30,8
2559,6,2010-02-23 22:33:32,8
2560,6,2010-09-01 23:25:49,8
2560,6,2010-09-01 23:25:50,6
2561,6,2010-08-18 18:05:02,8
2562,6,2010-06-01 18:03:43,8
2563,6,2010-11-18 01:17:08,8
2564,6,2010-09-03 16:19:45,8
2565,6,2010-10-22 18:23:07,8
2566,6,2012-03-27 16:01:34,8
2567,6,2011-05-06 16:59:39,8
2567,6,2011-05-11 22:58:30,8
2568,6,2012-02-08 17:54:25,8
2570,6,2010-03-26 19:23:36,8
2572,6,2012-07-12 16:53:02,9
2573,6,2012-06-07 21:35:21,8
2574,6,2011-07-04 21:44:35,8
2575,6,2012-08-06 17:39:32,9
2576,6,2012-05-15 16:33:28,9
2578,6,2010-08-10 20:31:55,8
2579,6,2012-06-28 18:50:50,1
2580,6,2012-01-17 00:11:13,8
2582,6,2012-06-21 21:26:52,8
2583,6,2010-12-23 18:44:20,8
2584,6,2012-05-18 22:28:04,8
2586,6,2012-06-13 21:16:21,8
2587,6,2011-03-31 15:33:07,8
2588,6,2011-05-12 23:21:52,8
2589,6,2011-02-21 19:35:27,8
2590,6,2010-06-11 20:17:01,8
2592,6,2012-07-27 18:22:35,8
2594,6,2011-06-29 17:12:15,8
2595,6,2012-03-21 20:55:14,8
2597,6,2011-04-20 16:53:41,8
2597,6,2011-04-20 22:24:20,6
2600,6,2012-05-09 22:02:24,8
2601,6,2011-09-28 23:03:50,8
2602,6,2012-02-01 02:01:00,8
2603,6,2012-10-08 16:52:13,8
2604,6,2011-12-27 19:13:09,8
2605,6,2010-08-05 15:41:11,8
2606,6,2012-04-06 18:29:16,9
2607,6,2012-09-27 15:48:18,8
2608,6,2011-09-22 23:58:15,8
2609,6,2012-08-27 18:14:13,9
2610,6,2011-05-04 20:08:29,8
2612,6,2012-04-24 20:36:37,9
2615,6,2012-03-22 19:24:03,8
2617,6,2012-06-15 17:23:31,8
2618,6,2012-05-28 22:53:21,8
2619,6,2010-03-24 00:10:09,8
2621,6,2011-11-16 18:26:40,9
2623,6,2012-06-26 18:28:20,9
2624,6,2010-05-10 15:59:14,8
2626,6,2012-01-19 19:05:08,8
2627,6,2011-12-21 17:57:09,8
2628,6,2012-07-16 15:53:41,9
2629,6,2010-11-25 22:59:37,8
2630,6,2012-04-11 18:39:36,8
2632,6,2011-04-15 23:15:07,8
2633,6,2010-11-25 18:09:35,8
2633,6,2010-11-25 18:09:36,6
2634,6,2012-08-03 21:51:28,8
2635,6,2010-02-16 19:58:17,8
2636,6,2010-09-03 17:04:51,8
2637,6,2012-03-13 20:24:45,8
2638,6,2010-06-03 18:43:20,2
2639,6,2010-07-28 16:56:28,8
2640,6,2011-08-31 18:44:55,8
2641,6,2012-07-12 16:45:36,9
2642,6,2012-02-20 19:32:31,1
2644,6,2011-12-29 23:45:50,8
2645,6,2011-07-01 18:36:49,8
2646,6,2011-05-20 18:46:04,8
2647,6,2010-09-23 18:47:28,8
2648,6,2012-04-17 22:01:59,8
2649,6,2010-05-26 18:20:55,8
2650,6,2010-09-21 16:48:23,8
2651,6,2011-06-13 17:36:24,8
2652,6,2011-01-13 20:22:14,8
2653,6,2011-10-07 22:34:18,8
2654,6,2011-12-22 01:31:18,8
2655,6,2011-05-31 21:40:31,8
2656,6,2012-06-26 18:59:30,8
2657,6,2011-05-19 00:03:06,8
2658,6,2010-11-18 01:27:53,8
2658,6,2010-11-19 19:16:35,8
2660,6,2011-04-06 21:22:58,8
2661,6,2011-11-16 19:40:12,1
2661,6,2011-11-16 19:40:21,6
2661,6,2011-11-16 19:40:22,6
2662,6,2011-01-04 00:49:52,8
2663,6,2012-01-20 18:47:45,8
2664,6,2010-03-09 20:36:42,8
2669,6,2012-02-11 02:56:52,8
2669,6,2012-02-24 17:03:54,8
2669,6,2012-02-24 17:03:55,6
2670,6,2011-02-16 23:45:39,8
2671,6,2010-05-25 17:40:25,8
2672,6,2012-01-27 22:15:28,8
2673,6,2010-05-04 23:31:33,8
2675,6,2011-06-15 21:18:05,8
2677,6,2012-05-14 16:36:07,1
2678,6,2011-12-28 20:36:34,8
2679,6,2011-03-30 21:22:52,8
2680,6,2010-04-20 16:31:38,8
2682,6,2011-04-01 21:17:00,8
2683,6,2010-03-23 18:04:16,8
2684,6,2012-07-30 16:13:04,8
2685,6,2011-05-20 21:20:30,8
2687,6,2012-03-20 18:52:51,8
2688,6,2012-07-12 16:47:19,9
2689,6,2012-06-01 18:41:12,8
2690,6,2012-05-02 15:50:12,8
2691,6,2012-05-14 16:44:41,9
2692,6,2011-05-13 21:33:18,8
2693,6,2010-05-04 21:23:24,8
2694,6,2011-06-08 17:36:32,8
2695,6,2011-11-23 22:25:06,8
2696,6,2011-10-20 17:51:18,8
2697,6,2012-03-07 18:14:00,8
2698,6,2011-12-01 22:34:02,8
2699,6,2011-04-20 23:19:50,8
2699,6,2011-04-20 23:19:51,6
2701,6,2011-03-29 23:46:24,8
2702,6,2010-09-06 23:22:54,8
2703,6,2011-02-19 02:16:29,8
2704,6,2011-02-09 23:15:45,8
2705,6,2012-04-12 22:17:24,8
2706,6,2010-06-11 15:55:39,8
2707,6,2011-03-28 23:55:15,8
2708,6,2011-09-21 18:31:28,8
2709,6,2010-11-22 18:00:08,8
2710,6,2011-05-17 15:56:21,8
2711,6,2012-04-10 18:25:09,8
2712,6,2010-04-19 16:23:40,8
2713,6,2012-10-12 17:04:07,9
2714,6,2012-10-08 15:58:09,8
2715,6,2011-04-27 18:54:28,8
2717,6,2010-09-17 00:38:13,8
2718,6,2010-10-07 17:13:07,8
2719,6,2012-05-25 15:35:47,9
2722,6,2011-08-03 17:50:07,9
2722,6,2011-08-03 17:50:11,6
2723,6,2012-06-07 20:43:39,8
2723,6,2012-06-09 00:33:34,8
2724,6,2011-09-28 22:17:24,9
2725,6,2010-12-22 19:39:25,8
2726,6,2011-01-18 19:58:43,8
2727,6,2012-04-20 22:03:39,8
2728,6,2010-10-27 20:14:19,8
2729,6,2012-05-07 18:50:02,9
2730,6,2010-11-09 18:57:58,8
2731,6,2011-05-30 18:32:04,8
2732,6,2010-08-05 18:55:29,8
2733,6,2010-12-23 23:20:54,8
2735,6,2011-08-03 22:02:11,9
2736,6,2011-05-31 23:23:04,8
2737,6,2011-11-11 19:10:53,8
2738,6,2011-12-30 00:49:36,8
2738,6,2011-12-30 00:49:37,6
2739,6,2012-05-14 23:05:40,9
2740,6,2012-01-05 20:13:25,1
2742,6,2010-02-22 22:53:49,8
2743,6,2010-12-30 17:49:42,8
2743,6,2011-01-11 19:24:57,8
2744,6,2011-03-18 23:45:45,8
2745,6,2010-04-07 17:16:03,8
2745,6,2010-04-29 21:03:14,8
2745,6,2010-04-29 21:03:15,6
2746,6,2010-06-14 21:56:53,8
2747,6,2011-12-23 19:07:13,9
2748,6,2010-01-19 18:28:50,8
2749,6,2011-10-28 15:56:17,9
2750,6,2012-03-22 18:53:44,8
2751,6,2011-03-04 18:18:42,8
2752,6,2012-07-17 23:20:44,1
2753,6,2012-01-13 18:25:14,9
2754,6,2011-04-06 17:31:40,8
2755,6,2011-07-14 17:08:19,8
2756,6,2010-09-29 15:10:31,8
2757,6,2012-03-08 19:51:17,8
2758,6,2011-11-29 01:34:36,9
2759,6,2011-11-23 17:30:16,8
2760,6,2011-12-22 20:00:05,1
2761,6,2012-06-07 20:28:41,8
2762,6,2011-10-03 21:27:47,8
2763,6,2011-10-11 23:36:01,1
2763,6,2011-10-11 23:36:01,6
2764,6,2012-07-05 21:39:10,9
2764,6,2012-07-05 21:39:13,6
2766,6,2011-11-18 20:28:37,8
2767,6,2011-03-03 18:31:15,8
2768,6,2011-10-04 17:30:03,8
2769,6,2011-09-14 21:07:02,8
2771,6,2010-03-22 23:30:07,8
2772,6,2012-07-16 21:24:13,8
2773,6,2011-10-10 17:48:35,8
2775,6,2011-09-08 16:01:00,1
2778,6,2010-11-16 18:36:28,8
2779,6,2012-07-02 17:40:39,8
2780,6,2011-11-22 00:56:42,1
2781,6,2011-05-12 15:41:53,8
2782,6,2011-09-12 23:27:00,8
2783,6,2011-07-07 22:19:28,8
2784,6,2010-10-27 20:56:22,8
2785,6,2011-10-20 16:47:36,8
2786,6,2010-04-21 21:58:54,8
2786,6,2010-04-21 22:19:23,6
2787,6,2012-03-13 23:16:59,8
2789,6,2012-07-31 23:11:19,8
2790,6,2010-09-14 15:27:38,8
2791,6,2012-08-23 22:29:23,8
2792,6,2012-05-30 22:02:02,8
2792,6,2012-05-30 22:02:03,6
2793,6,2011-10-31 20:24:54,8
2794,6,2011-11-17 00:12:54,9
2795,6,2012-04-06 22:41:47,9
2796,6,2012-01-25 19:56:57,8
2798,6,2011-01-21 18:44:30,8
2799,6,2012-02-29 19:21:35,8
2800,6,2012-03-05 18:24:21,8
2801,6,2012-05-25 18:37:26,8
2802,6,2011-02-15 19:48:30,8
2803,6,2012-04-24 21:15:46,8
2804,6,2010-05-10 16:56:38,8
2805,6,2010-10-01 21:13:56,8
2806,6,2010-10-26 23:45:35,8
2807,6,2010-10-25 23:43:51,8
2808,6,2011-07-14 23:36:31,9
2809,6,2011-08-03 15:07:13,8
2810,6,2010-09-09 15:22:18,8
2810,6,2010-09-09 23:19:08,6
2811,6,2011-07-18 21:26:14,8
2812,6,2010-06-22 00:36:30,8
2813,6,2011-12-02 01:48:02,8
2815,6,2010-03-23 22:35:13,8
2816,6,2010-06-15 23:09:01,2
2817,6,2010-02-26 23:19:07,8
2818,6,2011-09-09 15:07:04,8
2819,6,2010-09-22 21:06:42,8
2820,6,2011-11-23 19:14:59,8
2821,6,2012-02-07 18:31:42,8
2822,6,2011-05-03 16:41:24,8
2823,6,2012-01-17 23:28:11,8
2824,6,2010-12-16 00:33:16,8
2825,6,2011-11-08 17:53:47,8
2827,6,2011-08-25 21:14:19,8
2828,6,2010-05-19 17:25:58,8
2829,6,2010-06-04 21:08:23,8
2830,6,2012-03-14 19:49:24,8
2831,6,2012-02-29 02:20:30,8
2832,6,2011-11-11 18:32:43,8
2833,6,2012-04-13 21:38:24,9
2835,6,2010-06-30 23:52:21,8
2836,6,2012-02-09 22:28:05,8
2837,6,2011-11-21 20:20:17,8
2838,6,2010-10-25 15:29:00,8
2840,6,2012-05-14 21:28:15,8
2841,6,2012-03-08 23:35:44,8
2841,6,2012-03-08 23:35:44,6
2842,6,2011-11-30 01:22:57,8
2843,6,2011-02-05 00:15:36,8
2844,6,2012-04-17 22:15:17,8
2845,6,2010-05-26 21:43:49,8
2846,6,2012-07-30 15:49:48,9
2847,6,2012-08-03 20:44:59,8
2850,6,2011-02-05 01:25:36,8
2852,6,2011-12-30 01:13:14,1
2853,6,2011-07-18 17:32:55,9
2854,6,2012-08-10 17:28:27,8
2855,6,2011-01-06 00:01:05,8
2856,6,2011-01-28 01:17:11,8
2857,6,2010-04-01 16:48:34,8
2858,6,2010-09-10 19:08:12,8
2859,6,2011-11-03 19:05:13,8
2861,6,2011-07-11 20:42:56,8
2862,6,2010-04-15 22:16:26,8
2863,6,2010-06-30 21:39:07,8
2864,6,2011-01-24 21:05:32,8
2865,6,2010-02-19 19:16:24,8
2867,6,2011-07-05 17:51:59,8
2868,6,2011-07-14 20:23:47,1
2869,6,2011-07-11 22:02:01,8
2870,6,2012-01-27 21:16:34,8
2871,6,2010-08-25 17:22:43,8
2872,6,2010-11-08 19:50:50,8
2874,6,2010-03-18 22:37:24,8
2875,6,2012-10-12 18:21:41,9
2876,6,2012-05-23 22:20:45,8
2877,6,2010-12-30 17:56:40,8
2878,6,2011-01-13 22:14:52,8
2879,6,2011-11-22 01:20:11,8
2880,6,2012-06-25 22:08:36,8
2882,6,2011-07-05 20:33:04,8
2883,6,2012-04-27 17:54:09,8
2884,6,2011-06-09 17:20:42,8
2885,6,2012-04-10 21:58:46,8
2886,6,2012-05-16 23:07:54,8
2887,6,2011-04-21 17:29:12,9
2888,6,2010-07-30 17:21:44,8
2889,6,2010-08-25 00:22:44,8
2890,6,2011-04-21 18:25:01,8
2892,6,2010-08-06 21:26:59,8
2893,6,2011-11-16 19:48:57,8
2894,6,2011-04-20 23:59:26,8
2895,6,2011-05-02 18:22:19,8
2896,6,2011-05-05 17:32:49,8
2898,6,2012-05-24 23:40:03,8
2898,6,2012-06-01 15:27:25,8
2899,6,2012-06-18 20:21:02,8
2900,6,2011-05-03 18:35:10,8
2901,6,2010-12-03 17:41:35,8
2902,6,2011-05-20 16:30:41,8
2903,6,2012-04-19 23:22:13,8
2904,6,2012-04-16 16:22:20,9
2904,6,2012-04-16 16:22:24,6
2906,6,2012-04-13 19:02:05,8
2907,6,2012-07-03 05:45:53,8
2908,6,2012-08-07 17:02:06,8
2909,6,2010-05-28 15:50:20,8
2909,6,2010-05-31 17:57:35,8
2911,6,2012-01-26 19:58:28,8
2912,6,2011-11-08 18:44:33,1
2913,6,2012-03-22 20:25:18,8
2914,6,2012-06-12 22:01:27,1
2915,6,2010-02-16 01:17:57,8
2916,6,2011-10-06 16:19:04,8
2917,6,2012-02-10 01:46:15,8
2917,6,2012-02-10 01:46:16,6
2919,6,2012-03-02 00:26:12,1
2920,6,2010-11-19 19:32:30,2
2921,6,2011-12-30 23:20:10,8
2921,6,2011-12-30 23:20:12,6
2922,6,2010-09-02 22:28:29,8
2923,6,2011-06-14 21:45:41,8
2924,6,2011-05-19 15:24:35,8
2925,6,2010-11-26 01:42:02,8
2926,6,2011-04-01 21:46:07,8
2927,6,2011-03-05 01:45:45,8
2927,6,2011-03-11 20:44:40,8
2928,6,2010-12-02 23:15:28,8
2929,6,2012-01-23 20:31:52,8
2930,6,2012-05-30 17:43:35,8
2933,6,2010-02-18 22:52:30,8
2935,6,2011-05-17 20:55:27,8
2936,6,2011-03-02 18:22:09,8
2936,6,2011-03-02 18:25:20,8
2937,6,2011-02-14 18:41:50,2
2938,6,2010-10-27 18:49:14,8
2939,6,2012-06-15 21:11:58,8
2940,6,2010-07-28 17:39:18,8
2941,6,2011-04-26 16:51:58,8
2942,6,2011-05-27 22:47:59,8
2943,6,2011-01-27 00:41:16,8
2944,6,2011-06-21 15:27:11,8
2945,6,2011-08-16 21:18:45,9
2946,6,2012-04-27 00:30:44,9
2947,6,2011-10-14 23:19:23,1
2947,6,2011-10-14 23:31:15,6
2948,6,2011-12-09 20:00:58,8
2950,6,2011-04-28 22:26:29,8
2951,6,2011-03-10 22:46:38,8
2952,6,2011-11-24 18:24:59,9
2953,6,2010-09-23 22:21:32,8
2954,6,2010-05-28 17:17:20,8
2955,6,2011-09-02 15:21:22,8
2957,6,2010-08-05 21:35:51,8
2958,6,2012-04-16 20:39:10,8
2959,6,2010-05-24 17:17:57,8
2960,6,2012-03-30 16:00:58,8
2961,6,2012-06-28 00:13:36,8
2963,6,2011-09-14 23:09:21,8
2965,6,2010-12-02 00:29:07,8
2965,6,2010-12-20 17:52:41,6
2967,6,2011-11-03 18:22:55,9
2969,6,2012-03-07 01:51:28,8
2972,6,2011-10-19 19:22:01,8
2973,6,2012-05-31 16:02:14,8
2974,6,2012-02-09 18:10:23,8
2976,6,2010-05-11 00:51:38,8
2977,6,2012-05-10 17:07:22,8
2978,6,2012-04-16 20:54:21,9
2979,6,2010-02-24 00:53:57,8
2980,6,2010-11-23 20:18:29,8
2982,6,2011-12-22 00:22:35,1
2982,6,2011-12-22 00:22:35,6
2983,6,2010-06-16 17:22:54,8
2985,6,2012-07-25 16:29:47,4
2986,6,2012-05-10 16:59:37,8
2987,6,2012-03-29 15:31:26,8
2989,6,2012-07-10 21:20:57,8
2990,6,2011-10-13 17:46:22,8
2991,6,2011-02-25 01:28:39,8
2993,6,2010-04-13 00:01:41,8
2994,6,2011-07-13 05:57:12,1
2995,6,2010-09-23 18:04:17,8
2996,6,2012-07-26 18:32:51,8
2997,6,2011-10-18 23:37:01,8
2998,6,2012-01-11 22:54:57,8
2999,6,2010-09-20 16:59:32,8
3000,6,2011-05-10 20:26:23,8
3001,6,2010-06-01 17:16:31,8
3002,6,2012-08-02 21:27:10,8
3003,6,2011-06-10 18:25:31,8
3004,6,2010-04-16 23:56:30,8
3004,6,2010-04-16 23:56:30,6
3005,6,2011-03-14 20:00:16,8
3006,6,2011-02-15 19:54:22,8
3007,6,2012-05-08 15:20:30,1
3007,6,2012-05-08 15:20:30,6
3011,6,2012-01-05 17:48:26,9
3012,6,2010-10-01 18:21:30,8
3014,6,2011-10-27 16:12:15,1
3014,6,2011-10-27 16:12:16,6
3017,6,2012-06-05 23:11:07,8
3018,6,2011-11-08 18:45:40,9
3019,6,2012-02-06 17:49:19,8
3020,6,2012-04-06 16:05:32,8
3022,6,2011-11-23 19:28:45,9
3023,6,2012-03-05 20:55:26,8
3024,6,2012-07-23 15:35:00,1
3025,6,2012-08-03 22:26:19,8
3026,6,2011-11-03 00:21:41,1
3027,6,2012-10-10 00:20:22,8
3028,6,2012-04-06 18:38:35,8
3029,6,2011-10-14 23:26:53,8
3030,6,2010-11-11 23:35:21,8
3031,6,2010-09-27 16:30:29,8
3032,6,2011-10-12 21:49:19,8
3033,6,2011-07-07 15:59:42,8
3036,6,2011-05-20 17:34:49,8
3036,6,2011-06-08 22:07:53,8
3039,6,2011-06-28 20:43:09,8
3040,6,2011-12-12 22:42:41,8
3040,6,2011-12-12 22:42:41,6
3041,6,2010-04-15 18:03:19,8
3042,6,2011-09-29 23:09:30,8
3045,6,2011-11-10 20:51:53,8
3047,6,2011-09-21 22:34:42,8
3048,6,2011-09-01 18:08:56,8
3048,6,2011-09-01 18:09:08,6
3049,6,2011-05-23 23:40:05,8
3049,6,2011-06-13 22:25:51,8
3050,6,2010-09-22 17:31:04,8
3051,6,2011-04-13 16:22:28,8
3052,6,2011-02-18 23:02:41,8
3053,6,2011-09-13 16:57:05,1
3053,6,2011-09-30 21:29:33,8
3054,6,2011-05-12 22:27:27,8
3055,6,2011-04-01 21:01:57,8
3057,6,2011-10-07 17:54:33,8
3060,6,2012-06-12 15:31:42,8
3062,6,2011-12-30 20:16:16,8
3062,6,2011-12-30 20:16:17,6
3063,6,2011-03-03 19:27:51,8
3064,6,2012-01-23 22:54:06,8
3065,6,2011-04-21 20:42:45,8
3066,6,2010-12-21 01:15:09,8
3067,6,2012-03-16 23:51:38,9
3068,6,2010-02-22 22:54:17,8
3069,6,2012-06-19 23:56:47,8
3070,6,2011-11-16 19:54:34,8
3071,6,2012-10-30 01:12:01,4
3072,6,2011-10-19 22:50:04,8
3074,6,2012-03-13 23:58:07,8
3075,6,2012-07-26 22:18:13,8
3076,6,2011-08-05 15:30:41,5
3079,6,2010-08-30 16:43:20,8
3080,6,2010-09-03 23:40:01,8
3081,6,2012-03-01 18:20:30,0
3081,6,2012-03-02 23:21:40,8
3083,6,2012-08-28 23:28:54,9
3084,6,2010-03-09 20:10:28,8
3085,6,2010-11-29 18:40:04,8
3086,6,2012-08-06 22:24:47,8
3087,6,2010-12-13 23:50:04,8
3088,6,2011-03-18 20:07:25,8
3089,6,2011-11-24 23:41:23,9
3090,6,2011-08-04 17:16:53,8
3091,6,2011-11-28 18:01:48,8
3091,6,2011-11-28 18:01:49,6
3092,6,2012-05-29 23:04:55,8
3093,6,2012-07-11 15:31:04,8
3094,6,2012-03-16 20:21:52,8
3095,6,2012-08-02 23:11:13,8
3096,6,2012-05-31 16:24:19,8
3097,6,2012-01-25 01:01:34,1
3098,6,2010-09-23 17:58:24,8
3099,6,2011-08-05 23:12:49,9
3100,6,2011-04-20 23:34:48,8
3101,6,2010-10-22 23:36:17,8
3102,6,2011-11-11 23:31:40,9
3104,6,2011-04-26 16:15:04,8
3105,6,2011-12-15 01:18:42,9
3106,6,2012-07-09 17:56:54,8
3106,6,2012-07-09 17:56:55,6
3107,6,2012-05-16 21:20:58,8
3108,6,2011-12-21 01:59:59,1
3109,6,2012-06-19 18:54:54,8
3110,6,2011-08-24 15:19:23,9
3111,6,2012-06-25 18:04:17,8
3114,6,2010-11-23 19:01:00,8
3115,6,2012-07-12 22:55:15,9
3116,6,2010-04-15 15:51:55,8
3117,6,2010-09-08 22:58:28,8
3119,6,2011-11-03 02:39:08,8
3120,6,2011-10-13 00:39:16,8
3122,6,2012-06-21 17:52:31,9
3123,6,2011-12-19 23:07:17,8
3124,6,2011-05-24 22:04:06,8
3125,6,2011-05-27 20:39:00,8
3127,6,2012-03-09 17:33:25,8
3129,6,2012-03-14 19:36:17,8
3130,6,2010-04-13 20:21:08,8
3131,6,2011-03-09 19:08:08,8
3132,6,2010-06-15 17:03:54,8
3133,6,2012-06-18 15:21:53,8
3134,6,2012-04-20 18:01:28,8
3135,6,2012-03-06 19:26:33,2
3136,6,2011-02-28 20:27:42,8
3137,6,2011-08-12 22:30:16,1
3138,6,2011-06-03 21:26:16,8
3140,6,2012-06-12 23:11:21,8
3141,6,2012-05-08 17:18:57,8
3141,6,2012-05-08 17:18:57,6
3143,6,2012-07-05 15:49:08,9
3144,6,2011-12-29 00:49:11,8
3146,6,2012-01-19 01:24:43,8
3147,6,2011-02-16 01:59:21,8
3149,6,2010-03-23 23:04:11,8
3150,6,2010-05-13 21:14:09,8
3151,6,2010-06-03 16:10:58,8
3152,6,2011-04-21 20:57:48,8
3153,6,2010-12-30 01:09:17,8
3154,6,2011-11-18 00:55:49,8
3155,6,2011-04-20 20:55:00,8
3155,6,2011-04-20 21:30:07,6
3156,6,2011-12-12 23:47:36,8
3156,6,2011-12-12 23:47:37,6
3157,6,2012-01-13 20:02:55,9
3158,6,2012-06-29 21:00:14,8
3159,6,2012-05-22 22:03:19,8
3160,6,2012-04-19 20:49:21,8
3161,6,2012-05-21 15:13:12,8
3162,6,2011-10-17 16:37:19,1
3163,6,2010-07-27 21:21:16,8
3163,6,2010-07-30 15:51:46,8
3164,6,2011-05-24 15:27:10,8
3165,6,2012-01-20 01:52:37,1
3166,6,2012-02-01 01:59:16,8
3167,6,2010-07-01 16:47:56,8
3168,6,2010-03-17 19:05:36,8
3169,6,2011-10-04 21:43:46,8
3170,6,2011-01-13 22:29:31,8
3171,6,2012-04-23 17:16:20,8
3173,6,2011-01-25 22:33:25,8
3174,6,2011-06-14 18:52:30,8
3175,6,2011-11-19 00:28:58,9
3177,6,2010-07-28 20:54:18,8
3178,6,2012-04-17 17:37:54,1
3179,6,2010-05-04 19:05:25,8
3180,6,2012-08-09 22:44:25,8
3181,6,2011-11-02 23:19:22,8
3182,6,2012-08-21 20:14:43,9
3183,6,2011-01-26 20:43:35,9
3185,6,2010-02-24 00:41:00,2
3187,6,2010-03-19 20:09:58,8
3187,6,2010-03-19 20:10:11,6
3188,6,2012-09-14 15:52:56,8
3189,6,2012-07-25 17:34:12,8
3190,6,2012-06-04 16:59:01,8
3191,6,2011-08-31 20:53:38,9
3193,6,2010-10-19 23:10:12,8
3194,6,2011-03-12 01:11:04,8
3195,6,2011-04-26 17:20:46,8
3196,6,2010-06-16 16:49:10,8
3197,6,2011-01-27 17:00:06,8
3198,6,2011-12-29 00:49:50,8
3199,6,2012-05-31 15:46:44,8
3200,6,2010-12-30 20:10:00,8
3201,6,2011-11-29 19:02:27,9
3202,6,2011-09-16 21:47:59,8
3203,6,2010-03-26 19:21:17,8
3204,6,2012-02-06 22:59:13,8
3205,6,2012-02-08 23:10:26,8
3206,6,2012-01-13 00:24:44,8
3207,6,2011-10-10 23:26:26,1
3207,6,2011-10-10 23:26:54,6
3208,6,2011-11-10 20:03:53,8
3209,6,2010-10-26 23:19:35,8
3210,6,2011-07-05 15:41:14,8
3211,6,2011-12-30 18:28:53,9
3213,6,2010-12-14 18:44:55,8
3214,6,2012-10-12 18:23:31,2
3215,6,2012-08-22 16:46:25,8
3216,6,2011-05-05 16:17:28,8
3217,6,2011-01-26 18:06:04,8
3218,6,2011-11-17 23:02:04,8
3219,6,2011-03-18 18:23:02,8
3220,6,2011-09-09 17:28:02,8
3221,6,2012-06-14 21:38:59,8
3223,6,2011-11-26 01:52:24,2
3224,6,2011-08-06 00:04:10,8
3224,6,2011-08-06 00:04:10,6
3225,6,2012-02-27 22:20:58,8
3227,6,2011-04-21 00:25:23,8
3228,6,2010-09-09 15:43:03,8
3230,6,2010-05-27 16:39:20,8
3232,6,2010-11-24 19:59:11,8
3234,6,2010-12-23 20:43:04,8
3235,6,2011-06-22 23:02:20,8
3236,6,2012-07-16 21:23:52,8
3237,6,2012-05-25 22:02:21,8
3238,6,2010-03-16 17:51:06,8
3240,6,2012-08-16 16:22:40,8
3241,6,2011-12-30 01:13:51,8
3242,6,2012-06-13 23:18:03,1
3243,6,2012-07-04 23:06:53,8
3244,6,2010-05-19 22:42:03,8
3245,6,2012-06-22 23:19:55,8
3246,6,2011-08-22 18:52:56,8
3247,6,2010-12-15 18:56:56,8
3248,6,2010-08-23 15:41:33,8
3248,6,2010-08-23 16:33:19,6
3249,6,2012-09-13 20:53:30,8
3249,6,2012-09-13 20:53:31,6
3250,6,2011-03-19 00:05:46,8
3252,6,2011-02-10 23:57:02,8
3255,6,2012-02-10 01:07:29,8
3256,6,2010-06-21 16:48:30,8
3257,6,2011-09-20 21:21:13,9
3258,6,2012-01-20 01:22:42,1
3259,6,2012-03-05 18:45:26,8
3260,6,2012-08-09 17:25:53,8
3261,6,2010-03-31 16:30:06,8
3263,6,2012-05-30 18:50:39,8
3264,6,2012-05-09 15:19:30,9
3265,6,2011-11-28 19:00:14,8
3266,6,2010-08-10 23:13:46,8
3267,6,2011-10-17 20:55:41,8
3268,6,2012-07-09 23:53:27,8
3269,6,2012-03-08 22:55:56,8
3270,6,2011-03-21 20:24:48,8
3271,6,2011-12-06 01:33:58,5
3272,6,2012-05-11 23:41:37,8
3274,6,2011-04-26 16:29:11,8
3275,6,2012-01-11 19:22:51,8
3275,6,2012-01-11 19:22:51,6
3277,6,2011-03-24 23:54:35,8
3278,6,2011-04-15 23:44:19,8
3279,6,2011-12-15 17:13:34,8
3280,6,2011-05-24 17:30:14,8
3281,6,2012-07-25 15:29:44,8
3282,6,2012-01-09 19:42:43,8
3282,6,2012-01-09 19:42:43,6
3283,6,2012-03-07 20:24:02,8
3284,6,2011-11-11 18:44:19,8
3285,6,2012-05-04 17:32:59,8
3286,6,2011-06-07 00:15:57,8
3287,6,2010-09-20 16:52:05,8
3288,6,2012-09-21 16:35:54,9
3288,6,2012-09-21 16:36:06,6
3290,6,2012-06-29 21:31:10,8
3291,6,2011-12-16 00:30:21,8
3292,6,2010-08-03 15:59:14,8
3293,6,2012-01-24 20:25:45,1
3293,6,2012-01-24 20:25:46,6
3295,6,2011-03-08 01:26:02,8
3296,6,2011-01-24 22:27:54,8
3297,6,2012-01-16 17:42:08,1
3298,6,2010-11-19 19:25:29,8
3299,6,2012-06-04 20:36:11,8
3300,6,2012-06-06 22:44:09,8
3301,6,2011-10-10 17:35:43,8
3302,6,2010-12-17 19:29:14,8
3303,6,2012-01-27 18:49:58,9
3304,6,2011-04-27 18:03:30,8
3305,6,2011-01-04 00:47:15,8
3306,6,2010-10-27 21:14:59,8
3307,6,2011-12-19 20:06:44,9
3308,6,2011-02-12 01:35:21,9
3309,6,2012-05-18 15:09:44,8
3309,6,2012-05-18 15:09:45,6
3310,6,2010-11-06 01:26:33,8
3311,6,2010-11-15 23:58:10,8
3312,6,2010-11-22 22:57:49,8
3313,6,2012-05-23 16:10:15,8
3316,6,2010-04-01 18:08:18,8
3316,6,2010-04-01 21:08:24,8
3317,6,2012-02-17 23:57:34,8
3318,6,2012-07-16 16:29:32,9
3319,6,2011-02-01 02:29:57,8
3320,6,2012-07-27 16:36:09,8
3321,6,2011-12-08 00:03:49,8
3322,6,2011-12-19 18:34:16,8
3325,6,2012-03-28 16:29:27,9
3326,6,2010-12-03 22:52:46,8
3326,6,2010-12-07 00:46:07,2
3327,6,2012-05-25 20:29:36,8
3328,6,2012-07-11 00:00:36,8
3329,6,2011-10-18 21:51:34,8
3330,6,2010-12-16 18:40:40,8
3332,6,2010-03-08 19:24:35,8
3333,6,2011-06-06 23:12:33,8
3335,6,2012-05-10 15:16:49,9
3337,6,2011-03-22 23:42:47,8
3339,6,2012-06-28 17:24:56,8
3340,6,2010-10-27 21:23:12,8
3341,6,2012-08-13 21:01:04,8
3342,6,2012-01-13 20:12:44,9
3343,6,2012-02-01 23:51:22,8
3345,6,2011-01-12 18:03:55,8
3346,6,2011-07-01 23:04:48,8
3347,6,2011-10-10 23:14:10,1
3347,6,2011-10-10 23:27:12,6
3348,6,2012-04-02 20:35:15,9
3350,6,2010-05-17 17:26:33,8
3352,6,2012-05-10 16:50:41,8
3353,6,2012-08-03 20:14:06,8
3354,6,2010-08-06 22:07:10,8
3355,6,2011-04-28 19:16:15,8
3356,6,2010-12-07 19:29:39,8
3359,6,2010-11-25 20:20:43,8
3361,6,2011-11-03 18:22:16,8
3363,6,2010-10-25 22:33:58,8
3364,6,2012-05-31 15:58:47,9
3365,6,2010-10-20 22:15:45,8
3366,6,2011-01-21 17:27:13,8
3367,6,2012-01-02 17:29:11,8
3367,6,2012-01-02 17:29:12,6
3368,6,2010-05-28 17:05:02,8
3369,6,2010-09-23 14:55:41,8
3370,6,2011-04-28 17:39:48,8
3370,6,2011-05-02 21:17:15,8
3371,6,2012-07-31 21:07:55,9
3374,6,2012-03-30 23:55:39,8
3375,6,2012-05-09 17:17:27,8
3377,6,2012-01-12 01:44:22,8
3378,6,2011-12-22 01:04:29,8
3379,6,2011-04-19 17:57:50,8
3380,6,2011-10-07 16:10:14,8
3381,6,2012-05-10 21:06:46,8
3383,6,2012-04-20 19:05:40,8
3384,6,2011-01-27 23:20:55,8
3385,6,2011-02-21 19:37:02,8
3386,6,2010-05-31 15:36:08,2
3387,6,2012-07-10 18:42:12,8
3388,6,2011-06-15 20:43:54,8
3389,6,2010-03-09 18:42:22,8
3390,6,2011-02-21 17:07:10,8
3391,6,2012-03-10 01:06:44,8
3392,6,2011-05-25 18:45:29,8
3393,6,2012-07-19 17:35:41,8
3394,6,2012-05-04 17:28:51,8
3395,6,2012-07-31 16:14:00,8
3396,6,2011-03-24 23:13:39,8
3397,6,2011-10-28 16:43:32,8
3399,6,2012-05-16 21:27:06,8
3400,6,2011-06-27 17:39:38,8
3401,6,2012-06-07 22:10:26,8
3401,6,2012-06-07 22:10:26,6
3402,6,2011-04-14 18:39:37,8
3404,6,2012-01-02 22:21:41,8
3405,6,2011-12-27 18:02:43,8
3405,6,2011-12-27 18:02:44,6
3406,6,2012-06-15 17:38:06,9
3407,6,2012-07-03 16:55:33,8
3408,6,2012-05-14 15:24:06,9
3410,6,2012-03-06 19:38:23,2
3411,6,2010-09-28 23:07:31,8
3412,6,2011-09-14 15:13:41,8
3413,6,2012-08-06 15:45:30,9
3414,6,2011-03-31 21:42:59,8
3415,6,2010-06-21 21:13:24,8
3416,6,2012-08-10 22:45:36,1
3417,6,2012-03-19 20:09:41,8
3420,6,2011-09-28 18:07:09,8
3421,6,2010-07-30 22:04:50,8
3422,6,2012-07-06 21:16:03,8
3423,6,2011-07-21 21:28:48,8
3424,6,2011-12-16 23:03:14,9
3425,6,2012-01-09 20:27:16,8
3426,6,2012-10-12 23:00:54,8
3427,6,2012-07-17 22:20:57,8
3428,6,2012-08-27 18:23:15,8
3429,6,2011-04-06 18:47:07,8
3430,6,2012-05-11 21:51:10,8
3431,6,2011-09-19 20:11:53,8
3432,6,2012-05-03 20:22:42,9
3433,6,2011-02-01 00:13:48,8
3434,6,2012-05-18 15:07:38,8
3435,6,2011-10-03 17:42:08,8
3437,6,2011-11-28 17:55:07,8
3438,6,2012-03-08 01:24:20,8
3441,6,2010-09-03 21:18:27,8
3445,6,2011-05-25 18:56:45,8
3446,6,2012-02-15 18:18:13,8
3447,6,2011-11-23 19:34:16,8
3447,6,2011-11-23 19:34:17,6
3450,6,2011-06-16 21:07:16,8
3450,6,2011-07-19 21:46:37,8
3451,6,2011-03-30 23:33:15,8
3452,6,2010-07-22 22:24:23,8
3453,6,2011-02-19 01:24:46,8
3455,6,2011-03-31 15:58:50,8
3456,6,2012-01-16 23:06:13,8
3457,6,2010-04-20 15:23:21,8
3458,6,2012-02-08 01:02:54,1
3459,6,2010-04-12 22:47:21,8
3460,6,2010-05-20 16:42:43,8
3461,6,2012-01-27 22:45:47,8
3463,6,2010-10-16 00:06:03,8
3464,6,2011-12-14 01:21:35,8
3466,6,2012-06-19 18:54:03,8
3467,6,2012-04-03 21:56:52,8
3467,6,2012-04-17 15:13:36,8
3468,6,2012-04-05 19:24:08,8
3469,6,2012-03-14 22:27:55,8
3470,6,2011-11-17 21:00:54,8
3471,6,2011-10-24 23:40:28,8
3472,6,2011-12-12 20:04:55,9
3473,6,2012-07-13 21:25:51,8
3474,6,2012-03-02 19:51:21,8
3476,6,2011-08-04 19:05:55,8
3477,6,2012-07-11 23:24:20,8
3478,6,2011-12-21 23:13:43,1
3478,6,2011-12-21 23:13:43,6
3479,6,2010-12-16 18:59:24,8
3480,6,2012-05-07 23:23:01,1
3481,6,2011-01-25 22:35:22,8
3482,6,2010-04-09 21:46:44,8
3483,6,2012-01-09 22:35:09,8
3484,6,2011-12-13 00:16:05,1
3485,6,2012-02-09 17:39:32,8
3485,6,2012-02-09 17:39:32,6
3486,6,2012-06-26 20:20:46,9
3487,6,2011-10-20 22:26:28,1
3488,6,2011-06-17 20:28:55,8
3489,6,2011-05-31 16:34:20,8
3490,6,2010-09-16 18:21:52,8
3491,6,2012-03-21 19:50:13,1
3492,6,2011-02-19 00:30:14,8
3493,6,2011-01-12 19:18:40,8
3494,6,2011-07-11 18:09:54,8
3495,6,2012-06-28 16:50:39,8
3496,6,2011-11-23 22:24:08,8
3497,6,2012-07-26 18:21:02,8
3499,6,2011-02-18 02:06:35,8
3500,6,2011-03-15 22:52:55,8
3500,6,2011-04-09 00:09:16,8
3501,6,2012-01-18 23:12:25,8
3502,6,2011-10-24 16:33:51,1
3502,6,2011-10-24 16:33:52,6
3503,6,2012-03-27 17:51:31,8
3504,6,2011-01-24 18:49:18,8
3505,6,2011-01-18 00:44:41,8
3506,6,2011-02-23 23:17:44,8
3507,6,2011-11-14 18:50:48,8
3507,6,2011-11-14 18:50:49,6
3508,6,2010-11-12 22:36:49,8
3509,6,2011-05-23 17:51:17,8
3510,6,2010-10-28 21:47:09,8
3511,6,2012-08-08 21:56:16,8
3512,6,2011-10-10 16:25:51,8
3513,6,2011-12-13 20:36:04,8
3514,6,2010-12-28 19:42:53,2
3515,6,2011-11-04 17:32:02,8
3518,6,2011-11-28 20:49:52,8
3519,6,2012-06-08 15:05:45,1
3520,6,2012-01-26 19:23:54,8
3521,6,2012-06-07 21:41:50,8
3522,6,2010-05-26 16:39:51,8
3523,6,2010-09-21 20:13:56,8
3524,6,2011-03-04 01:51:03,8
3525,6,2012-06-12 16:37:07,9
3526,6,2011-05-25 15:20:37,8
3527,6,2010-07-27 17:32:00,8
3527,6,2010-07-29 15:40:34,8
3528,6,2010-10-26 21:04:37,8
3531,6,2012-03-28 16:25:23,9
3533,6,2011-06-28 21:35:04,8
3534,6,2011-04-26 17:19:16,8
3536,6,2012-04-02 17:38:03,8
3538,6,2011-05-20 20:54:42,8
3540,6,2011-08-30 23:58:44,1
3541,6,2010-05-31 23:58:56,8
3544,6,2011-11-02 20:43:39,8
3545,6,2010-04-20 16:27:51,8
3547,6,2012-06-19 22:13:19,8
3548,6,2010-09-21 17:22:32,8
3549,6,2011-09-05 18:41:55,9
3549,6,2011-09-05 18:41:57,6
3550,6,2010-04-07 16:54:01,8
3553,6,2010-07-27 18:29:15,8
3554,6,2010-07-01 16:22:26,8
3555,6,2011-12-02 22:32:44,9
3556,6,2012-02-08 22:34:47,8
3557,6,2011-10-06 16:50:50,8
3558,6,2012-04-23 18:16:11,8
3559,6,2011-10-11 00:16:46,8
3560,6,2012-03-07 01:38:18,8
3561,6,2012-04-16 22:26:18,9
3564,6,2012-01-16 18:02:38,8
3566,6,2010-06-30 20:44:51,8
3568,6,2011-10-18 21:15:43,9
3570,6,2011-03-22 03:06:26,8
3571,6,2010-02-24 23:45:23,8
3572,6,2012-01-17 22:43:42,8
3573,6,2012-04-12 18:50:29,1
3574,6,2011-08-04 16:37:46,8
3575,6,2011-03-29 21:40:45,8
3576,6,2011-09-21 16:08:31,8
3577,6,2011-04-21 20:41:00,8
3578,6,2011-04-28 22:19:10,8
3579,6,2011-04-22 15:43:51,8
3579,6,2011-04-26 20:31:36,8
3580,6,2010-05-27 20:38:06,8
3580,6,2010-06-08 17:05:16,8
3581,6,2012-03-12 19:32:23,8
3584,6,2011-11-19 01:30:37,8
3585,6,2012-04-04 17:59:49,8
3586,6,2010-09-06 23:12:14,8
3587,6,2011-08-31 22:54:13,8
3588,6,2012-03-02 18:06:10,8
3589,6,2010-09-17 16:16:57,8
3590,6,2010-06-03 21:10:37,7
3591,6,2012-04-12 17:32:05,8
3593,6,2011-12-22 22:37:32,9
3594,6,2012-01-21 02:25:45,8
3595,6,2010-10-25 18:41:42,8
3596,6,2010-07-13 21:21:32,8
3597,6,2010-03-23 20:13:36,8
3598,6,2011-05-27 18:55:35,8
3602,6,2011-07-19 17:17:21,8
3603,6,2010-05-24 22:52:26,8
3604,6,2012-04-24 18:22:10,9
3605,6,2011-07-11 15:13:26,1
3605,6,2011-07-18 17:22:44,8
3606,6,2011-08-31 16:17:25,8
3607,6,2010-07-08 23:36:46,8
3608,6,2010-01-29 17:52:34,8
3609,6,2011-07-07 20:53:56,8
3610,6,2011-06-22 18:52:06,8
3611,6,2011-01-31 18:09:31,8
3612,6,2011-09-19 15:32:53,8
3615,6,2010-05-17 22:14:12,8
3616,6,2010-12-01 18:15:09,2
3617,6,2011-08-02 21:34:54,1
3618,6,2012-01-11 18:46:42,8
3619,6,2010-11-16 18:51:10,8
3620,6,2012-07-16 22:28:09,1
3621,6,2010-11-11 19:55:27,8
3622,6,2012-01-30 20:34:55,1
3623,6,2011-12-29 18:59:21,1
3623,6,2011-12-29 18:59:22,6
3624,6,2010-12-03 17:09:56,8
3625,6,2010-02-12 20:00:01,8
3626,6,2011-12-16 19:53:23,8
3627,6,2011-07-15 16:23:48,8
3628,6,2011-11-23 00:00:19,8
3629,6,2012-03-22 18:36:19,8
3630,6,2011-12-02 17:28:14,9
3631,6,2011-01-12 00:49:14,8
3632,6,2012-08-02 20:24:58,8
3633,6,2012-06-29 23:31:17,8
3635,6,2012-05-23 16:08:29,8
3636,6,2010-07-13 21:44:13,8
3637,6,2012-06-14 16:34:08,9
3638,6,2012-08-10 17:10:49,8
3639,6,2010-12-31 18:36:52,8
3640,6,2012-05-09 18:06:30,8
3642,6,2012-01-11 20:21:01,8
3642,6,2012-01-11 20:21:01,6
3644,6,2010-07-29 18:32:48,8
3646,6,2012-04-19 19:27:20,8
3647,6,2012-07-23 18:05:58,8
3648,6,2011-03-08 20:10:36,8
3649,6,2011-05-27 15:31:20,8
3650,6,2011-07-11 21:05:39,9
3651,6,2011-09-28 21:05:31,8
3652,6,2011-12-15 19:38:24,8
3654,6,2012-08-13 16:22:20,8
3655,6,2011-04-07 20:23:36,8
3657,6,2012-09-25 18:02:15,8
3658,6,2012-03-20 17:26:07,9
3659,6,2012-07-23 16:48:56,8
3660,6,2012-01-24 19:31:06,8
3661,6,2012-03-19 19:11:35,8
3664,6,2012-06-19 19:01:55,8
3665,6,2012-05-07 18:30:24,9
3667,6,2012-04-20 18:57:00,8
3668,6,2011-09-21 17:57:49,8
3671,6,2011-10-13 15:11:22,8
3672,6,2011-10-20 22:45:36,8
3675,6,2012-05-28 16:22:48,8
3677,6,2011-12-23 20:35:48,1
3679,6,2012-06-18 20:15:56,8
3680,6,2010-06-30 21:41:12,8
3681,6,2011-05-05 17:18:13,8
3682,6,2011-03-02 01:55:35,8
3683,6,2012-06-13 19:01:40,8
3684,6,2010-12-09 23:58:03,8
3685,6,2011-03-14 19:28:34,8
3685,6,2011-04-01 23:26:38,8
3686,6,2010-10-26 15:43:11,8
3687,6,2011-07-22 22:57:52,9
3689,6,2011-12-15 00:52:46,9
3690,6,2010-09-20 21:11:13,8
3690,6,2010-09-21 15:48:05,8
3691,6,2011-11-30 00:39:51,9
3693,6,2010-07-01 18:38:41,8
3694,6,2011-08-22 22:08:16,1
3695,6,2011-02-08 23:49:58,8
3697,6,2011-02-26 01:38:26,8
3698,6,2012-01-27 18:20:57,9
3699,6,2012-02-16 01:48:51,8
3700,6,2012-06-26 22:13:09,8
3701,6,2010-11-23 22:13:52,8
3702,6,2011-07-14 20:34:52,1
3703,6,2010-05-06 00:32:34,8
3703,6,2010-05-06 00:32:34,6
3704,6,2011-12-22 19:13:44,1
3706,6,2010-12-28 00:55:56,8
3707,6,2012-07-12 15:12:45,8
3709,6,2011-11-23 19:03:08,8
3710,6,2011-08-03 20:57:22,8
3711,6,2011-07-11 15:22:46,8
3712,6,2012-04-03 15:53:49,8
3713,6,2012-05-31 17:19:30,8
3714,6,2011-12-15 01:36:24,8
3715,6,2012-06-29 15:54:27,8
3716,6,2010-09-20 23:43:02,8
3717,6,2011-04-13 17:19:25,8
3718,6,2012-01-20 22:59:59,8
3718,6,2012-02-08 23:50:41,9
3719,6,2011-10-10 17:57:00,8
3720,6,2011-04-06 21:17:47,8
3721,6,2011-10-24 16:11:13,8
3722,6,2010-11-19 19:29:13,8
3723,6,2011-11-14 23:18:21,8
3724,6,2010-03-12 22:23:50,8
3725,6,2012-06-25 22:59:01,1
3725,6,2012-06-25 22:59:03,6
3726,6,2012-01-30 18:31:51,8
3727,6,2012-01-09 22:12:24,8
3728,6,2011-12-20 23:43:17,1
3729,6,2011-09-29 15:26:43,1
3730,6,2011-12-09 17:19:52,8
3731,6,2012-05-08 16:34:32,8
3732,6,2011-12-22 17:34:17,8
3733,6,2011-11-11 02:04:54,1
3733,6,2011-11-11 02:04:54,6
3734,6,2010-09-20 15:13:57,8
3735,6,2010-03-16 18:08:06,8
3736,6,2012-03-29 18:51:32,8
3737,6,2012-04-16 21:41:18,8
3738,6,2012-08-03 16:14:30,8
3739,6,2011-11-09 17:38:34,1
3740,6,2010-10-21 17:02:27,8
3741,6,2012-05-08 15:40:53,8
3743,6,2011-10-18 19:09:04,8
3744,6,2011-05-04 18:22:25,8
3746,6,2010-04-26 22:02:46,8
3747,6,2012-01-26 19:25:08,8
3748,6,2011-04-05 23:23:14,8
3749,6,2011-06-14 22:06:33,8
3750,6,2010-06-30 18:53:22,8
3751,6,2012-03-20 23:03:28,8
3752,6,2010-09-08 00:01:46,8
3753,6,2012-03-21 01:37:06,8
3754,6,2011-10-28 17:32:48,1
3755,6,2011-11-02 20:41:20,8
3756,6,2010-04-08 18:16:11,8
3757,6,2010-11-11 17:33:41,8
3758,6,2011-02-11 18:19:58,8
3759,6,2010-11-17 19:29:59,8
3760,6,2012-05-02 21:45:05,1
3761,6,2011-12-16 18:21:28,8
3762,6,2012-04-24 18:53:17,8
3763,6,2012-03-12 19:58:16,8
3764,6,2012-07-24 21:35:31,8
3765,6,2012-02-21 02:03:32,8
3767,6,2011-10-14 17:01:15,8
3767,6,2011-10-14 17:01:16,6
3768,6,2011-03-11 20:47:46,8
3769,6,2012-07-31 17:03:08,8
3771,6,2010-09-30 18:42:26,8
3772,6,2012-02-08 18:47:44,8
3772,6,2012-02-10 01:05:00,8
3773,6,2012-02-29 20:35:35,8
3774,6,2012-01-20 01:16:46,9
3777,6,2012-01-20 17:22:43,8
3778,6,2011-04-01 21:00:55,8
3779,6,2012-06-25 20:26:41,4
3780,6,2010-06-02 00:39:46,8
3781,6,2012-05-21 21:40:05,8
3782,6,2011-12-19 18:26:10,8
3783,6,2012-05-04 16:55:51,8
3784,6,2010-09-06 23:08:05,8
3785,6,2012-06-05 20:57:16,8
3786,6,2012-06-19 22:09:54,8
3788,6,2010-10-07 18:15:03,8
3789,6,2012-04-10 21:31:10,8
3790,6,2011-08-29 16:20:20,8
3791,6,2011-09-27 23:50:10,8
3792,6,2011-11-22 20:56:19,8
3793,6,2012-03-02 23:22:26,9
3794,6,2012-07-30 17:46:33,8
3795,6,2011-08-31 18:03:38,8
3796,6,2011-08-23 18:51:33,8
3797,6,2012-02-24 00:47:22,8
3799,6,2012-07-23 21:52:59,8
3800,6,2012-01-16 17:54:49,9
3801,6,2012-03-08 23:52:58,8
3803,6,2011-10-05 16:54:37,1
3804,6,2012-05-15 20:39:11,9
3805,6,2011-12-30 00:24:57,8
3805,6,2011-12-30 00:24:57,6
3806,6,2010-02-26 17:54:05,8
3806,6,2010-02-26 18:31:08,6
3807,6,2012-05-04 15:07:03,9
3808,6,2012-04-03 16:25:46,8
3809,6,2010-07-14 22:01:34,8
3810,6,2011-02-19 00:02:23,8
3811,6,2012-01-23 20:15:24,8
3812,6,2011-04-28 21:59:58,8
3813,6,2010-10-04 15:03:15,8
3814,6,2012-05-24 23:25:23,8
3815,6,2010-09-13 17:02:02,8
3816,6,2011-07-22 17:26:30,9
3817,6,2011-01-27 19:24:41,8
3820,6,2012-03-15 23:16:11,8
3820,6,2012-03-15 23:16:11,6
3821,6,2012-02-27 18:17:02,8
3823,6,2011-04-20 15:57:08,8
3824,6,2011-04-20 17:37:30,8
3825,6,2012-06-14 23:50:50,8
3826,6,2011-06-17 21:38:29,8
3827,6,2010-11-18 20:52:25,8
3828,6,2012-03-05 20:59:06,9
3829,6,2012-01-24 22:07:44,8
3830,6,2011-11-07 17:20:27,8
3831,6,2011-08-09 20:30:51,8
3833,6,2011-03-14 19:34:26,8
3834,6,2012-01-27 18:47:15,8
3835,6,2010-11-04 17:48:02,8
3835,6,2010-11-16 01:03:22,8
3835,6,2010-11-20 01:26:13,8
3836,6,2011-03-11 00:41:57,8
3837,6,2010-05-28 16:17:28,8
3838,6,2011-04-05 21:28:45,8
3839,6,2011-11-30 01:45:06,5
3840,6,2010-07-26 21:05:43,8
3841,6,2011-01-25 22:31:38,8
3842,6,2012-03-20 20:42:43,8
3843,6,2011-06-16 17:54:43,8
3844,6,2012-08-02 20:56:43,8
3845,6,2012-03-01 21:06:30,8
3845,6,2012-03-01 21:06:31,6
3846,6,2012-01-10 20:08:29,9
3847,6,2012-05-23 16:10:52,9
3848,6,2011-06-15 16:37:03,8
3849,6,2010-03-19 17:41:38,8
3849,6,2010-03-19 17:51:04,6
3850,6,2010-05-28 16:16:23,8
3851,6,2011-08-26 17:28:47,8
3852,6,2010-05-17 22:40:59,8
3853,6,2012-01-19 17:06:35,8
3854,6,2012-06-08 18:31:08,1
3855,6,2011-03-25 00:23:05,8
3856,6,2010-09-13 21:15:01,8
3858,6,2010-09-17 00:35:25,8
3859,6,2012-05-23 20:08:01,8
3860,6,2011-12-19 17:36:01,8
3861,6,2012-01-27 01:45:03,9
3862,6,2012-07-10 16:59:17,8
3863,6,2010-04-26 18:45:13,8
3864,6,2012-10-12 23:00:16,8
3866,6,2010-04-02 16:04:25,8
3867,6,2011-11-08 18:55:12,9
3868,6,2011-02-05 01:02:24,8
3869,6,2012-05-25 16:11:48,9
3870,6,2012-08-03 17:48:32,1
3871,6,2012-01-17 23:27:07,8
3872,6,2011-04-28 17:01:28,8
3873,6,2011-03-02 19:22:51,8
3874,6,2011-01-18 20:20:50,8
3875,6,2011-10-28 16:38:22,9
3876,6,2010-03-08 20:32:00,8
3878,6,2012-04-03 18:19:27,8
3879,6,2012-01-20 00:15:13,8
3880,6,2012-08-02 16:21:18,1
3881,6,2011-06-10 19:06:19,8
3882,6,2011-11-09 22:51:06,8
3883,6,2010-03-17 18:09:08,8
3885,6,2012-07-31 17:18:20,8
3886,6,2010-06-09 23:53:17,8
3887,6,2010-10-21 21:58:22,8
3889,6,2012-04-19 21:58:04,8
3891,6,2012-07-26 19:29:03,8
3892,6,2011-01-20 23:46:44,8
3893,6,2010-05-21 22:46:05,8
3894,6,2012-01-18 01:29:59,8
3895,6,2011-09-27 23:47:03,9
3897,6,2012-07-03 23:15:58,2
3898,6,2012-08-03 23:41:26,8
3900,6,2012-06-07 15:39:48,8
3901,6,2011-02-14 23:20:32,8
3902,6,2012-06-25 17:35:55,8
3903,6,2011-10-11 15:06:06,8
3904,6,2012-05-10 16:26:12,9
3906,6,2011-05-02 16:11:08,8
3907,6,2012-02-23 19:06:04,8
3908,6,2011-05-11 18:40:06,8
3909,6,2012-04-24 20:35:42,9
3910,6,2010-07-06 23:22:43,8
3911,6,2010-06-15 01:00:53,8
3914,6,2011-02-25 22:19:12,8
3915,6,2011-03-26 00:06:18,8
3916,6,2011-12-14 18:07:11,8
3917,6,2010-09-01 23:05:55,8
3918,6,2010-03-10 00:17:28,8
3919,6,2011-03-31 21:47:03,8
3920,6,2011-06-01 21:17:20,8
3921,6,2011-08-03 15:16:36,8
3922,6,2012-04-24 21:22:26,8
3923,6,2011-02-18 19:14:19,8
3924,6,2011-05-03 20:13:00,8
3925,6,2011-11-11 22:43:57,8
3925,6,2011-11-11 22:43:57,6
3926,6,2011-07-19 21:37:53,8
3927,6,2012-05-24 23:43:18,8
3929,6,2011-09-19 15:43:55,8
3931,6,2011-08-22 15:49:29,8
3932,6,2011-10-18 17:23:13,8
3933,6,2012-10-17 16:18:06,8
3934,6,2011-09-27 23:03:58,1
3935,6,2011-12-06 00:21:03,8
3936,6,2011-08-04 23:26:05,8
3937,6,2010-07-29 16:22:22,8
3938,6,2012-02-13 20:31:45,8
3939,6,2012-05-16 21:52:09,8
3940,6,2010-10-15 17:24:36,8
3941,6,2011-06-22 21:07:33,8
3942,6,2011-09-08 21:59:19,1
3943,6,2012-08-09 16:55:38,8
3944,6,2012-05-23 18:00:26,8
3945,6,2012-04-02 16:20:14,8
3947,6,2011-02-03 23:51:41,8
3948,6,2012-06-01 18:38:18,9
3949,6,2010-09-21 00:23:15,8
3950,6,2012-01-09 23:32:30,8
3950,6,2012-01-09 23:32:31,6
3951,6,2012-05-21 15:21:28,8
3952,6,2011-09-12 17:00:24,8
3953,6,2012-01-09 18:22:16,8
3954,6,2011-01-21 23:20:57,8
3954,6,2011-01-29 01:51:13,8
3955,6,2012-06-18 21:16:49,8
3956,6,2010-10-29 17:56:31,8
3958,6,2011-06-27 15:16:43,8
3958,6,2011-06-27 21:35:53,8
3959,6,2011-05-03 18:38:34,8
3960,6,2011-04-01 17:28:32,8
3961,6,2012-07-18 21:15:59,8
3962,6,2011-10-18 15:39:27,8
3964,6,2012-02-06 19:05:28,8
3965,6,2010-12-11 00:59:27,8
3966,6,2011-03-09 21:08:03,8
3967,6,2010-04-21 21:06:45,8
3968,6,2011-11-21 20:59:31,8
3969,6,2011-11-08 17:58:24,8
3970,6,2012-05-23 18:10:45,8
3971,6,2012-05-29 18:21:16,8
3972,6,2011-02-28 18:38:43,8
3973,6,2011-01-11 23:45:21,8
3975,6,2010-11-15 23:09:11,8
3977,6,2010-07-14 22:54:34,8
3978,6,2010-05-04 15:20:04,8
3979,6,2012-05-28 18:22:55,8
3980,6,2011-11-17 23:44:29,8
3981,6,2010-09-09 16:52:05,8
3981,6,2010-09-09 23:55:18,8
3981,6,2010-10-14 00:02:09,2
3982,6,2011-06-06 16:44:50,8
3984,6,2011-10-07 18:59:38,8
3985,6,2011-02-24 00:32:25,8
3986,6,2012-06-05 18:31:21,8
3987,6,2011-09-22 17:30:20,8
3988,6,2011-06-22 18:09:31,8
3989,6,2012-01-13 17:24:54,8
3990,6,2010-09-16 23:55:57,8
3991,6,2010-12-17 20:11:35,8
3993,6,2010-10-11 17:08:21,8
3994,6,2011-03-11 01:53:12,8
3995,6,2012-02-16 20:19:37,9
3996,6,2011-05-06 16:55:40,8
3997,6,2010-11-17 20:43:20,8
3998,6,2011-12-24 01:09:18,8
3999,6,2012-01-23 17:06:26,8
4000,6,2011-12-01 23:08:56,8
4001,6,2012-04-27 16:02:42,8
4002,6,2011-08-05 22:23:46,8
4003,6,2011-02-01 23:04:02,8
4005,6,2011-09-28 16:58:48,9
4007,6,2012-05-29 16:40:15,9
4008,6,2010-04-28 22:53:24,8
4010,6,2012-04-02 21:16:30,8
4010,6,2012-04-02 21:16:32,6
4011,6,2011-08-29 20:54:28,8
4012,6,2012-03-30 22:07:43,9
4013,6,2012-05-23 20:47:42,8
4014,6,2011-01-29 01:44:13,8
4015,6,2012-07-04 17:10:08,8
4016,6,2011-02-04 01:56:02,8
4018,6,2011-11-09 01:51:56,8
4019,6,2010-11-11 01:21:11,8
4020,6,2011-05-23 23:29:59,8
4021,6,2011-04-14 16:31:46,8
4022,6,2010-12-22 20:21:41,8
4023,6,2011-11-19 00:12:25,8
4024,6,2010-09-16 17:57:17,8
4025,6,2011-03-02 20:04:41,8
4025,6,2011-03-09 23:49:15,8
4027,6,2012-07-18 15:37:44,8
4028,6,2011-11-28 23:10:20,9
4029,6,2012-07-10 22:39:18,8
4030,6,2012-08-03 20:25:04,8
4032,6,2012-08-09 21:43:12,9
4033,6,2010-09-22 23:45:26,8
4034,6,2012-08-21 15:20:52,9
4035,6,2011-06-01 20:46:28,8
4036,6,2010-11-09 17:27:45,8
4037,6,2012-07-31 17:16:50,8
4038,6,2011-02-23 23:03:28,8
4039,6,2011-12-12 22:08:17,8
4040,6,2011-05-31 15:16:19,8
4041,6,2012-04-11 21:06:45,8
4042,6,2012-02-03 19:48:40,1
4043,6,2010-11-12 17:48:45,8
4044,6,2011-04-27 19:01:31,7
4045,6,2010-09-13 15:26:02,8
4046,6,2012-03-13 20:12:21,8
4047,6,2010-11-09 01:02:02,8
4048,6,2012-10-12 23:01:58,8
4049,6,2011-07-08 22:49:29,8
4050,6,2010-11-12 02:13:46,8
4051,6,2012-07-23 18:14:41,8
4052,6,2012-01-13 23:28:30,8
4053,6,2012-07-26 15:13:29,8
4054,6,2012-08-10 20:55:05,8
4055,6,2012-05-18 20:11:04,8
4056,6,2012-02-15 00:10:30,1
4057,6,2011-05-17 22:34:44,8
4058,6,2011-10-06 20:43:25,9
4059,6,2010-10-12 00:08:30,8
4060,6,2012-08-27 18:53:58,9
4061,6,2012-07-23 16:07:11,8
4062,6,2010-07-30 17:31:26,8
4063,6,2011-05-02 18:16:41,8
4064,6,2012-07-12 16:51:34,9
4065,6,2010-07-22 23:59:39,8
4066,6,2010-06-21 23:55:21,8
4068,6,2012-10-02 16:08:41,8
4070,6,2011-02-14 19:58:59,8
4071,6,2012-01-24 00:00:36,8
4072,6,2010-09-28 17:26:27,8
4075,6,2010-08-02 17:18:34,8
4076,6,2012-06-28 20:57:37,8
4077,6,2010-03-15 20:12:05,8
4078,6,2010-03-16 23:28:38,8
4079,6,2010-07-12 20:53:43,8
4080,6,2011-10-14 17:54:41,1
4080,6,2011-10-14 17:54:41,6
4081,6,2011-06-29 15:49:44,8
4082,6,2012-10-12 18:15:01,4
4083,6,2011-11-21 17:06:41,8
4085,6,2011-09-21 22:28:13,1
4086,6,2012-05-07 23:12:58,9
4087,6,2012-02-09 21:02:21,9
4088,6,2010-09-20 23:28:52,8
4089,6,2011-08-25 21:25:36,9
4090,6,2012-07-31 16:58:40,8
4091,6,2011-07-05 15:32:20,8
4092,6,2010-10-08 17:31:44,8
4093,6,2012-02-10 23:33:04,8
4094,6,2011-03-02 22:25:05,8
4095,6,2010-12-20 23:26:29,8
4096,6,2012-07-27 21:59:34,8
4097,6,2011-12-13 17:02:58,1
4098,6,2010-05-26 21:32:33,8
4099,6,2010-12-08 00:03:03,8
4100,6,2011-03-03 02:25:19,8
4101,6,2010-06-24 21:21:39,8
4101,6,2010-06-30 21:55:26,8
4102,6,2011-11-11 20:04:56,8
4103,6,2011-08-25 17:59:23,1
4104,6,2011-11-23 00:56:41,8
4105,6,2010-05-12 22:12:21,8
4106,6,2012-07-31 15:31:58,8
4108,6,2010-03-10 02:18:06,8
4109,6,2011-04-14 23:45:49,8
4110,6,2011-12-29 01:26:02,1
4111,6,2012-03-14 20:16:13,1
4112,6,2011-12-13 00:38:43,8
4112,6,2011-12-13 00:38:44,6
4113,6,2011-02-22 00:05:36,8
4114,6,2011-11-07 19:36:31,8
4114,6,2011-11-21 17:42:41,6
4115,6,2012-06-26 21:38:18,8
4116,6,2012-01-19 01:14:50,8
4117,6,2011-08-05 00:35:46,1
4118,6,2012-01-11 19:40:19,8
4119,6,2012-07-20 16:51:27,8
4120,6,2012-06-08 17:06:42,8
4121,6,2012-04-16 22:20:00,9
4122,6,2011-11-18 17:29:12,8
4123,6,2011-09-07 23:33:01,8
4124,6,2011-12-16 19:43:37,9
4125,6,2011-11-26 00:10:05,8
4126,6,2011-10-26 17:36:01,9
4128,6,2010-10-19 15:21:31,8
4129,6,2012-04-06 17:58:03,8
4130,6,2010-09-24 17:22:24,8
4131,6,2012-05-03 23:34:16,8
4132,6,2011-12-22 00:53:12,8
4132,6,2011-12-22 00:53:12,6
4133,6,2011-12-23 00:26:14,8
4134,6,2011-06-30 18:35:13,8
4135,6,2012-01-20 20:37:43,8
4136,6,2012-01-30 18:02:45,8
4137,6,2011-08-23 20:20:03,8
4138,6,2010-09-23 22:11:45,8
4139,6,2011-10-04 21:10:35,1
4140,6,2011-01-28 00:12:53,8
4141,6,2011-01-11 20:10:32,8
4142,6,2012-07-11 18:24:38,9
4143,6,2010-04-12 21:00:32,8
4144,6,2011-10-21 21:53:18,8
4146,6,2011-01-04 00:53:39,8
4148,6,2011-07-29 17:02:04,8
4148,6,2011-08-25 22:35:25,8
4150,6,2010-07-02 22:06:43,8
4151,6,2012-07-12 17:30:21,8
4152,6,2011-06-28 21:59:04,8
4153,6,2011-11-09 22:46:00,8
4155,6,2012-05-14 23:24:43,9
4157,6,2010-11-23 18:13:04,8
4158,6,2012-01-17 01:03:00,8
4159,6,2012-04-10 21:40:36,8
4162,6,2012-08-13 16:58:19,8
4163,6,2011-03-04 23:06:05,8
4164,6,2011-05-11 18:54:17,8
4166,6,2012-04-17 17:59:11,9
4167,6,2010-10-01 16:33:35,8
4168,6,2010-03-19 20:50:25,8
4169,6,2010-06-30 19:31:04,8
4170,6,2012-02-29 18:09:32,8
4171,6,2011-03-09 23:21:10,8
4171,6,2011-03-14 19:35:30,8
4173,6,2012-01-11 17:09:54,8
4174,6,2011-05-06 22:46:44,8
4175,6,2011-02-10 19:35:08,8
4176,6,2011-03-22 18:33:24,8
4177,6,2010-05-27 15:14:34,8
4178,6,2011-09-02 21:19:04,8
4179,6,2011-03-01 17:06:13,8
4180,6,2012-07-20 16:09:14,8
4181,6,2012-02-22 01:10:14,8
4182,6,2011-01-14 01:23:59,8
4184,6,2011-04-27 22:26:26,8
4186,6,2011-05-31 23:03:13,8
4188,6,2012-01-02 22:52:06,8
4189,6,2012-05-16 00:11:54,8
4190,6,2011-03-01 00:53:11,8
4191,6,2012-01-17 23:26:29,1
4191,6,2012-01-17 23:26:29,6
4192,6,2011-03-03 00:37:05,8
4193,6,2012-07-25 20:53:03,8
4195,6,2010-10-04 20:54:07,8
4196,6,2011-11-23 20:23:33,8
4198,6,2012-06-29 16:30:47,8
4199,6,2011-02-15 20:25:12,8
4200,6,2011-03-14 23:07:10,8
4201,6,2012-02-27 23:02:15,8
4202,6,2012-03-27 17:06:59,8
4203,6,2010-10-26 17:51:30,8
4204,6,2011-12-30 17:43:08,1
4204,6,2011-12-30 17:43:08,6
4205,6,2012-04-06 20:48:18,8
4207,6,2010-03-08 22:28:16,8
4208,6,2012-05-09 17:31:48,8
4209,6,2011-05-27 15:50:13,8
4210,6,2011-10-19 23:28:28,8
4211,6,2012-02-29 18:58:35,8
4213,6,2011-07-19 15:36:21,8
4213,6,2011-07-19 15:36:23,6
4214,6,2012-03-21 00:19:09,8
4215,6,2012-02-17 18:01:26,1
4216,6,2012-05-04 23:59:00,8
4217,6,2010-11-05 18:19:05,8
4218,6,2011-07-04 22:58:53,8
4219,6,2011-07-29 20:08:25,9
4220,6,2012-07-16 23:50:27,8
4221,6,2012-02-28 20:00:29,9
4222,6,2012-05-03 23:47:50,9
4223,6,2010-03-12 23:33:52,8
4224,6,2011-02-14 23:15:52,8
4225,6,2010-09-24 21:03:16,8
4225,6,2010-09-24 21:03:16,6
4225,6,2010-09-24 21:18:22,6
4225,6,2010-09-30 17:10:51,8
4226,6,2011-03-01 23:45:27,8
4227,6,2010-12-02 20:20:18,8
4228,6,2011-10-19 16:05:13,9
4229,6,2011-01-18 19:06:04,8
4230,6,2012-07-12 16:49:20,9
4231,6,2011-08-22 22:00:59,1
4232,6,2011-12-21 02:01:50,8
4233,6,2012-04-06 00:05:22,8
4234,6,2011-12-08 01:27:33,8
4234,6,2011-12-08 01:27:34,6
4235,6,2011-11-08 20:58:42,1
4236,6,2011-02-15 19:23:54,8
4237,6,2010-09-30 16:01:36,8
4238,6,2012-07-26 21:22:41,8
4239,6,2011-10-07 22:18:13,8
4240,6,2012-06-05 23:21:21,8
4242,6,2011-11-05 01:50:51,9
4243,6,2010-05-04 23:19:52,8
4244,6,2011-12-13 18:22:29,9
4245,6,2011-12-02 19:39:16,9
4246,6,2011-05-09 17:49:18,8
4247,6,2010-04-12 17:02:28,8
4248,6,2012-08-02 20:45:36,1
4249,6,2012-03-22 23:47:44,8
4250,6,2010-09-30 23:54:22,8
4251,6,2012-01-16 22:07:55,8
4251,6,2012-01-16 22:07:56,6
4252,6,2011-05-10 18:38:32,8
4253,6,2011-06-10 18:38:17,8
4254,6,2012-01-09 22:16:04,9
4256,6,2011-05-10 16:20:17,8
4258,6,2010-08-24 19:14:58,8
4260,6,2012-05-08 19:16:27,8
4261,6,2011-06-10 22:10:59,9
4262,6,2012-02-28 00:57:42,8
4263,6,2010-05-27 19:44:23,8
4264,6,2010-05-05 18:19:58,8
4265,6,2011-10-20 21:37:02,1
4266,6,2012-06-18 17:42:34,8
4267,6,2012-01-16 20:37:55,8
4267,6,2012-01-16 20:37:56,6
4269,6,2012-08-07 23:57:46,9
4270,6,2011-03-10 00:36:21,8
4271,6,2011-12-22 00:45:11,8
4272,6,2012-04-26 21:07:26,8
4273,6,2011-05-17 20:39:58,8
4274,6,2011-04-06 18:54:04,8
4275,6,2010-06-28 17:51:55,8
4276,6,2011-12-07 18:58:38,8
4277,6,2010-10-28 21:45:20,8
4278,6,2012-01-09 17:16:15,8
4278,6,2012-01-09 17:16:15,6
4279,6,2012-01-16 18:06:13,8
4280,6,2011-03-21 19:51:39,8
4281,6,2011-05-20 20:35:35,8
4282,6,2012-08-09 15:40:21,8
4283,6,2011-01-03 23:56:51,8
4284,6,2010-01-27 22:31:24,8
4284,6,2010-01-28 00:59:23,8
4285,6,2010-06-03 21:38:55,8
4286,6,2012-06-29 15:49:20,8
4287,6,2011-10-06 22:12:05,8
4288,6,2010-04-23 22:55:33,8
4288,6,2010-04-29 18:40:34,6
4289,6,2012-02-22 20:49:33,1
4290,6,2010-02-24 00:15:40,8
4291,6,2011-09-01 21:59:02,1
4292,6,2012-05-14 20:51:47,8
4293,6,2012-03-12 22:28:42,8
4294,6,2011-09-28 23:04:33,8
4295,6,2011-03-05 00:53:26,8
4296,6,2010-05-11 23:16:23,8
4297,6,2012-06-06 20:53:22,8
4298,6,2012-07-17 22:16:29,1
4299,6,2011-12-28 23:37:21,8
4299,6,2011-12-28 23:37:22,6
4302,6,2011-02-15 17:05:32,8
4303,6,2010-11-23 20:14:58,8
4303,6,2010-12-14 23:26:48,8
4304,6,2012-04-13 19:01:59,8
4305,6,2012-06-25 16:41:57,9
4306,6,2010-12-02 19:11:37,8
4307,6,2010-09-15 17:08:00,8
4308,6,2011-09-15 18:17:38,8
4309,6,2012-06-26 15:06:00,9
4310,6,2010-04-23 16:13:13,8
4311,6,2012-05-26 00:39:45,8
4312,6,2010-12-16 20:18:31,8
4313,6,2012-07-19 16:25:47,8
4314,6,2012-01-19 18:23:43,9
4315,6,2012-02-28 21:13:54,8
4316,6,2010-11-23 01:32:25,8
4317,6,2012-04-13 16:00:59,1
4317,6,2012-04-13 16:01:00,6
4318,6,2011-03-29 00:24:12,8
4319,6,2012-05-10 15:25:20,8
4320,6,2011-10-28 21:58:50,8
4321,6,2010-10-08 22:14:23,8
4322,6,2011-08-03 18:01:00,8
4323,6,2011-10-11 18:08:18,9
4326,6,2012-10-12 17:16:02,9
4327,6,2010-05-11 18:01:26,8
4328,6,2012-07-26 21:23:24,8
4329,6,2010-05-04 16:57:35,8
4329,6,2010-05-04 16:57:50,6
4329,6,2010-05-04 16:57:54,6
4330,6,2011-05-19 21:14:01,9
4331,6,2010-09-30 21:37:24,8
4333,6,2011-02-01 20:30:31,8
4334,6,2012-04-06 21:09:45,8
4335,6,2012-01-25 20:18:13,8
4336,6,2010-04-29 16:37:51,8
4339,6,2010-07-28 18:49:16,8
4340,6,2012-01-13 22:30:55,8
4341,6,2011-09-30 00:06:37,8
4342,6,2010-07-29 21:07:48,8
4343,6,2012-01-10 20:44:15,8
4344,6,2012-02-11 00:24:24,8
4345,6,2010-05-17 21:18:24,8
4346,6,2011-02-18 19:31:02,8
4347,6,2011-10-14 23:06:01,8
4349,6,2011-04-13 17:05:17,8
4350,6,2011-07-19 21:37:46,8
4355,6,2012-08-02 18:58:14,8
4356,6,2010-11-10 17:43:13,8
4357,6,2012-07-03 16:59:52,1
4357,6,2012-07-03 16:59:53,6
4358,6,2010-04-12 23:56:47,8
4359,6,2012-10-12 17:24:03,9
4360,6,2011-02-24 17:36:53,8
4362,6,2011-10-10 15:43:44,8
4363,6,2011-07-04 19:02:07,8
4364,6,2012-03-22 00:22:19,8
4365,6,2012-10-12 17:19:53,9
4366,6,2010-11-11 18:11:07,8
4367,6,2011-12-05 23:34:51,8
4368,6,2011-09-27 16:52:36,8
4371,6,2012-08-03 16:00:00,1
4371,6,2012-08-03 16:00:01,6
4372,6,2012-03-07 20:07:03,1
4373,6,2012-05-23 16:41:39,8
4374,6,2010-07-22 16:00:32,8
4375,6,2010-05-11 00:10:39,8
4375,6,2010-06-16 16:44:07,8
4376,6,2010-05-21 16:14:42,8
4377,6,2011-10-13 20:50:43,8
4378,6,2010-02-17 20:34:58,8
4379,6,2012-05-14 19:21:05,8
4380,6,2011-05-16 20:43:01,8
4381,6,2011-05-05 17:29:03,8
4381,6,2011-06-07 23:47:21,8
4382,6,2011-03-02 01:19:24,8
4384,6,2010-08-06 17:53:33,8
4384,6,2010-08-10 16:53:25,8
4386,6,2012-04-19 17:42:45,8
4386,6,2012-04-19 17:42:46,6
4387,6,2010-06-22 21:40:05,8
4388,6,2011-12-13 00:55:41,1
4390,6,2012-03-06 22:39:02,8
4391,6,2011-03-09 17:25:38,8
4392,6,2010-02-22 17:49:09,8
4393,6,2011-01-18 20:44:03,8
4394,6,2012-08-13 20:39:32,8
4395,6,2012-06-01 20:48:16,9
4396,6,2012-08-14 16:58:31,8
4397,6,2012-02-03 19:48:08,8
4399,6,2011-03-30 23:03:11,8
4400,6,2010-12-20 17:18:58,8
4401,6,2011-05-17 23:22:43,8
4402,6,2010-09-27 18:51:32,8
4403,6,2012-05-21 15:55:26,8
4404,6,2011-03-31 23:16:01,9
4405,6,2011-02-23 01:15:25,8
4406,6,2011-03-09 21:30:27,8
4408,6,2012-02-06 22:24:46,8
4409,6,2011-12-02 22:32:28,9
4411,6,2012-07-09 15:57:21,9
4412,6,2010-04-09 23:14:37,8
4413,6,2012-05-04 18:39:43,8
4414,6,2011-05-09 16:57:40,8
4416,6,2012-04-20 19:01:03,8
4418,6,2012-07-09 18:23:25,8
4419,6,2012-08-27 18:50:56,9
4420,6,2012-06-14 20:45:13,8
4422,6,2012-08-03 17:01:31,8
4425,6,2010-12-28 20:35:39,8
4427,6,2011-12-05 23:28:40,9
4428,6,2010-09-03 19:51:45,8
4429,6,2012-03-09 23:46:32,8
4430,6,2012-07-24 22:28:24,8
4432,6,2011-03-29 17:11:51,8
4433,6,2012-01-20 01:17:51,9
4434,6,2011-03-15 22:25:48,8
4434,6,2011-03-24 18:19:04,8
4435,6,2011-05-19 00:06:48,8
4436,6,2011-09-29 16:42:06,8
4436,6,2011-09-30 22:00:08,8
4437,6,2011-10-17 17:01:11,8
4438,6,2011-07-14 22:18:17,8
4438,6,2011-07-15 20:18:51,8
4439,6,2011-01-18 23:46:57,8
4440,6,2010-07-29 17:46:20,8
4441,6,2011-02-18 23:55:32,8
4442,6,2010-10-20 23:04:57,8
4443,6,2011-07-14 17:03:17,8
4444,6,2012-08-03 15:49:29,8
4445,6,2011-10-04 20:50:41,8
4446,6,2012-05-18 17:33:27,8
4447,6,2011-09-23 19:05:04,8
4448,6,2012-01-31 18:34:24,8
4449,6,2011-12-20 22:51:22,8
4450,6,2011-06-29 23:33:37,8
4451,6,2010-10-05 23:09:00,8
4452,6,2012-03-14 22:40:38,8
4453,6,2011-04-26 23:20:46,8
4454,6,2011-03-17 00:12:16,9
4455,6,2012-05-09 22:37:29,8
4457,6,2012-03-20 20:46:22,8
4458,6,2011-06-14 00:15:26,8
4459,6,2012-02-16 01:43:38,9
4460,6,2012-05-18 16:27:51,8
4461,6,2012-08-06 16:58:07,8
4462,6,2010-10-20 15:52:31,8
4464,6,2011-07-15 18:57:53,8
4466,6,2012-05-22 15:08:08,9
4467,6,2011-07-20 00:11:29,8
4468,6,2012-05-03 21:09:05,1
4469,6,2012-08-01 15:35:37,8
4470,6,2010-11-29 22:51:46,8
4471,6,2011-09-29 23:06:25,8
4472,6,2011-11-15 23:22:10,8
4472,6,2011-11-18 20:39:52,8
4473,6,2010-12-20 21:03:42,8
4474,6,2011-07-19 20:18:53,8
4475,6,2012-08-22 20:23:20,8
4476,6,2011-09-29 21:05:04,8
4477,6,2010-06-28 21:25:55,8
4479,6,2011-08-31 20:24:57,1
4480,6,2011-01-13 00:04:59,8
4481,6,2011-09-21 17:41:53,9
4482,6,2010-08-02 16:50:14,8
4483,6,2011-06-09 23:29:33,8
4484,6,2011-12-29 00:37:26,8
4486,6,2010-11-15 18:21:43,8
4488,6,2010-12-21 22:44:29,8
4489,6,2011-01-06 01:54:54,8
4490,6,2011-05-09 21:22:14,8
4491,6,2012-04-03 23:05:03,8
4492,6,2011-12-15 00:52:02,9
4493,6,2012-06-21 23:52:05,1
4493,6,2012-06-21 23:52:16,6
4494,6,2011-09-26 17:14:14,8
4495,6,2011-07-07 17:10:50,1
4496,6,2010-03-31 19:00:57,8
4497,6,2010-05-25 19:20:29,8
4498,6,2012-02-14 23:41:47,9
4499,6,2011-01-26 18:06:41,8
4500,6,2010-09-22 15:44:01,8
4502,6,2011-04-19 20:58:39,8
4503,6,2011-05-30 21:20:38,8
4504,6,2011-05-30 18:10:26,8
4505,6,2010-01-29 19:15:02,8
4507,6,2010-03-30 00:29:55,8
4508,6,2012-04-04 21:06:48,8
4509,6,2011-09-16 17:20:11,8
4510,6,2010-09-20 22:03:46,8
4512,6,2011-11-08 20:51:28,9
4513,6,2012-01-11 23:42:14,8
4514,6,2010-09-16 23:39:30,8
4515,6,2012-05-10 18:18:16,8
4516,6,2011-06-16 21:17:04,8
4517,6,2011-08-23 17:19:56,8
4518,6,2011-10-27 16:41:26,9
4519,6,2011-06-14 23:07:39,2
4520,6,2010-11-30 23:09:23,8
4521,6,2011-04-19 23:01:41,8
4522,6,2012-08-03 23:41:11,9
4523,6,2010-12-29 18:21:03,8
4524,6,2010-06-22 17:17:54,8
4525,6,2011-01-14 01:43:03,8
4525,6,2011-01-14 01:43:03,6
4526,6,2012-07-31 16:40:08,8
4527,6,2012-02-15 18:15:47,1
4528,6,2011-11-18 23:35:55,1
4528,6,2011-11-28 18:30:49,9
4529,6,2011-04-26 22:22:32,8
4531,6,2012-01-25 22:57:09,8
4533,6,2012-07-18 21:17:22,8
4534,6,2011-09-13 01:04:15,8
4536,6,2011-07-07 16:27:35,1
4538,6,2012-02-28 21:20:01,8
4539,6,2010-01-20 18:26:05,8
4540,6,2011-01-26 18:52:05,8
4541,6,2012-02-15 23:22:40,8
4542,6,2012-06-26 15:40:00,8
4543,6,2011-01-22 00:23:44,8
4545,6,2012-04-20 21:23:29,9
4546,6,2012-01-27 17:35:02,1
4547,6,2012-07-23 18:10:59,8
4548,6,2011-01-13 22:42:11,8
4549,6,2011-10-07 23:14:52,8
4550,6,2011-11-04 17:38:52,8
4551,6,2012-06-13 23:19:50,9
4552,6,2012-01-23 22:29:16,8
4553,6,2011-12-30 18:24:52,8
4554,6,2012-06-26 18:31:12,9
4555,6,2012-04-13 15:54:34,8
4556,6,2012-05-22 15:27:36,8
4557,6,2012-07-03 16:04:59,8
4559,6,2012-03-14 20:17:02,8
4560,6,2012-05-31 16:15:29,8
4561,6,2010-09-21 15:52:18,8
4562,6,2012-02-10 23:01:52,8
4564,6,2010-05-17 23:07:49,8
4565,6,2011-07-13 18:55:27,8
4566,6,2012-04-12 17:53:04,8
4567,6,2012-02-13 18:00:09,9
4568,6,2011-09-23 17:21:56,8
4568,6,2011-09-23 17:22:14,6
4569,6,2011-06-03 20:53:23,8
4570,6,2012-04-11 15:32:15,8
4570,6,2012-04-11 15:32:15,6
4571,6,2011-02-19 01:24:58,8
4572,6,2011-11-29 18:47:42,8
4573,6,2010-12-06 22:11:45,8
4574,6,2011-02-04 17:27:08,8
4576,6,2012-02-14 20:32:51,8
4577,6,2010-04-13 17:30:12,8
4578,6,2011-12-28 22:23:28,1
4579,6,2010-07-26 21:32:11,8
4580,6,2012-01-11 02:07:40,9
